# Blender v4.5.3 LTS OBJ File: 'Startingarea.blend'
# www.blender.org
mtllib NewE0M1.mtl
g SmallWaterfall_
v 2047.999878 129.828568 -460.799988
v 2047.999878 129.828568 -128.000000
v 2060.799805 140.799988 -128.000000
v 2060.799805 140.799988 -460.799988
v 2047.999878 63.999996 -460.799988
v 2047.999878 63.999996 -128.000000
vt -0.833333 10.673492
vt -3.000000 10.783251
vt -3.000000 10.673492
vt -3.000000 0.845238
vt -0.833333 0.416667
vt -0.833333 0.845238
vt -0.833333 10.673492
vt -0.833333 10.783251
vt -3.000000 10.783251
vt -3.000000 0.845238
vt -3.000000 0.416667
vt -0.833333 0.416667
vn -0.6508 0.7593 0.0000
vn -1.0000 0.0000 0.0000
vc 1.0000 1.0000 1.0000 1.0000
g SmallWaterfall__materials/water.vmat.001#NoCollision#BackfaceCulling#Alpha7D#Animated9#MultiAlpha7D
usemtl materials/water.vmat.001
f 2/1/1 4/2/1 1/3/1
fc 1 1 1
f 1/4/2 6/5/2 2/6/2
fc 1 1 1
f 2/7/1 3/8/1 4/9/1
fc 1 1 1
f 1/10/2 5/11/2 6/12/2
fc 1 1 1
g Phys_
v 2313.876709 153.599991 -1243.494995
v 2305.552734 153.599991 -1255.952881
v 2293.094971 153.599991 -1264.276978
v 2278.399902 153.599991 -1267.199951
v 2263.704834 153.599991 -1264.276978
v 2251.247070 153.599991 -1255.952881
v 2242.922852 153.599991 -1243.494995
v 2239.999756 153.599991 -1228.799927
v 2242.922852 153.599991 -1214.104980
v 2251.246826 153.599991 -1201.647095
v 2263.704834 153.599991 -1193.322998
v 2278.399902 153.599991 -1190.400024
v 2293.094971 153.599991 -1193.322998
v 2305.552734 153.599991 -1201.647095
v 2313.876709 153.599991 -1214.104980
v 2316.799805 153.599991 -1228.799927
v 2316.799805 127.999992 -1228.799927
v 2313.876709 127.999992 -1214.104980
v 2305.552734 127.999992 -1201.647095
v 2293.094971 127.999992 -1193.322998
v 2278.399902 127.999992 -1190.400024
v 2263.704834 127.999992 -1193.322998
v 2251.246826 127.999992 -1201.647095
v 2242.922852 127.999992 -1214.104980
v 2239.999756 127.999992 -1228.799927
v 2242.922852 127.999992 -1243.494995
v 2251.247070 127.999992 -1255.952881
v 2263.704834 127.999992 -1264.276978
v 2278.399902 127.999992 -1267.199951
v 2293.094971 127.999992 -1264.276978
v 2305.552734 127.999992 -1255.952881
v 2313.876709 127.999992 -1243.494995
v 2621.076660 153.599976 -1205.095093
v 2612.752686 153.599976 -1217.552856
v 2600.294922 153.599976 -1225.876953
v 2585.599854 153.599976 -1228.800049
v 2570.904785 153.599976 -1225.876953
v 2558.447021 153.599976 -1217.552856
v 2550.122803 153.599976 -1205.095093
v 2547.199707 153.599976 -1190.400024
v 2550.122803 153.599976 -1175.704956
v 2558.446777 153.599976 -1163.247070
v 2570.904785 153.599976 -1154.922974
v 2585.599854 153.599976 -1152.000000
v 2600.294922 153.599976 -1154.922974
v 2612.752686 153.599976 -1163.247070
v 2621.076660 153.599976 -1175.704956
v 2623.999756 153.599976 -1190.400024
v 2623.999756 127.999977 -1190.400024
v 2621.076660 127.999977 -1175.704956
v 2612.752686 127.999977 -1163.247070
v 2600.294922 127.999977 -1154.922974
v 2585.599854 127.999977 -1152.000000
v 2570.904785 127.999977 -1154.922974
v 2558.446777 127.999977 -1163.247070
v 2550.122803 127.999977 -1175.704956
v 2547.199707 127.999977 -1190.400024
v 2550.122803 127.999977 -1205.095093
v 2558.447021 127.999977 -1217.552856
v 2570.904785 127.999977 -1225.876953
v 2585.599854 127.999977 -1228.800049
v 2600.294922 127.999977 -1225.876953
v 2612.752686 127.999977 -1217.552856
v 2621.076660 127.999977 -1205.095093
v 2237.076904 153.599991 -923.495056
v 2228.752686 153.599991 -935.952881
v 2216.294922 153.599991 -944.276978
v 2201.599854 153.599991 -947.199951
v 2186.904785 153.599991 -944.276978
v 2174.447021 153.599991 -935.952881
v 2166.122803 153.599991 -923.494995
v 2163.199951 153.599991 -908.799988
v 2166.122803 153.599991 -894.104919
v 2174.447021 153.599991 -881.647095
v 2186.904785 153.599991 -873.322998
v 2201.599854 153.599991 -870.399963
v 2216.294922 153.599991 -873.322998
v 2228.752686 153.599991 -881.647095
v 2237.076904 153.599991 -894.104980
v 2240.000000 153.599991 -908.800049
v 2240.000000 127.999992 -908.800049
v 2237.076904 127.999992 -894.104980
v 2228.752686 127.999992 -881.647095
v 2216.294922 127.999992 -873.322998
v 2201.599854 127.999992 -870.399963
v 2186.904785 128.000000 -873.322998
v 2174.447021 128.000000 -881.647095
v 2166.122803 128.000000 -894.104919
v 2163.199951 128.000000 -908.799988
v 2166.122803 128.000000 -923.494995
v 2174.447021 128.000000 -935.952881
v 2186.904785 128.000000 -944.276978
v 2201.599854 127.999992 -947.199951
v 2216.294922 127.999992 -944.276978
v 2228.752686 127.999992 -935.952881
v 2237.076904 127.999992 -923.495056
v 2480.276855 153.599976 -936.295044
v 2471.952881 153.599976 -948.752869
v 2459.494873 153.599976 -957.076965
v 2444.799805 153.599976 -960.000000
v 2430.104736 153.599991 -957.076965
v 2417.646973 153.599991 -948.752930
v 2409.322754 153.599991 -936.295044
v 2406.399902 153.599991 -921.599976
v 2409.322754 153.599991 -906.904968
v 2417.646973 153.599991 -894.447144
v 2430.104736 153.599991 -886.123047
v 2444.799805 153.599976 -883.200012
v 2459.494873 153.599976 -886.123047
v 2471.952637 153.599976 -894.447144
v 2480.276855 153.599976 -906.904968
v 2483.199951 153.599976 -921.599976
v 2483.199951 127.999985 -921.599976
v 2480.276855 127.999985 -906.904968
v 2471.952637 127.999985 -894.447144
v 2459.494873 127.999985 -886.123047
v 2444.799805 127.999985 -883.200012
v 2430.104736 127.999985 -886.123047
v 2417.646973 127.999985 -894.447144
v 2409.322754 127.999985 -906.904968
v 2406.399902 127.999985 -921.599976
v 2409.322754 127.999985 -936.295044
v 2417.646973 127.999985 -948.752930
v 2430.104736 127.999985 -957.076965
v 2444.799805 127.999985 -960.000000
v 2459.494873 127.999985 -957.076965
v 2471.952881 127.999985 -948.752869
v 2480.276855 127.999985 -936.295044
v 1663.999878 320.000031 -1062.399902
v 1663.999878 281.600006 -985.599915
v 1663.999878 153.600021 -988.399902
v 1663.999878 281.600006 -1139.199951
v 1663.999878 153.600021 -1139.199951
v 2047.999878 358.399994 -1382.399902
v 2047.999878 358.399994 -755.199951
v 2047.999878 51.200012 -755.199951
v 2047.999878 51.200020 -1382.399902
v 2047.999878 153.600006 -1382.399902
v 2047.999878 153.600006 -755.199951
v 2047.999878 153.600006 -1139.199951
v 2047.999878 281.599976 -1139.199951
v 1587.199829 89.600052 243.199951
v 1574.400024 281.599976 254.780762
v 2047.999878 281.599976 -985.599976
v 1945.599976 51.200020 -128.000000
v 1945.599976 281.599976 -460.799866
v 2047.999878 128.000000 -1382.399902
v 1587.199707 76.800026 25.599976
v 1945.599976 281.599945 -128.000000
v 2047.999878 128.000000 -755.199951
v 2047.999878 320.000000 -1062.399902
v 2047.999878 153.600006 -985.599976
v 1945.599854 153.600006 -985.599976
v 1945.599854 153.600006 -1139.199951
v 1945.599854 153.600006 -1075.199951
v 2060.799805 128.000000 -460.799988
v 2060.800049 128.000000 -128.000000
v 2790.399902 127.999969 -128.000000
v 2790.399902 127.999969 -1382.400024
v 2060.799805 51.200012 -460.799927
v 2060.800049 51.200012 -128.000000
v 2508.799805 127.999985 -460.800049
v 652.799805 128.000061 -51.599121
v 2508.799805 127.999985 -755.200012
v 297.421509 0.000107 445.494263
v 1305.599854 76.800034 25.599976
v 2790.399902 51.199989 -128.000000
v 2790.399902 358.399963 -128.000000
v 1587.199707 281.600006 -460.799805
v 2060.799805 358.399994 -460.799866
v 2508.799805 358.399963 -460.799927
v 2508.799805 51.199989 -460.799988
v 2508.799805 51.199989 -755.200012
v 2508.799805 358.399963 -755.199951
v 283.543579 51.366173 393.677856
v 2790.399902 51.199989 -1382.400024
v 1011.199768 230.400040 -204.799927
v 1011.199890 230.400040 -358.399963
v 742.400146 89.600082 -358.399902
v 742.400024 230.400055 -204.799927
v 742.400024 89.600067 -204.799927
v 742.400146 230.400055 -358.399902
v 1011.199829 243.200043 51.200073
v 1011.199829 281.599976 51.200073
v 1011.199829 281.599976 -51.199951
v 1011.199829 243.200043 -51.199951
v 534.578247 25.600067 -207.305542
v 601.600098 25.600067 -255.999695
v 601.600098 0.000092 -95.999878
v 1011.199829 76.800064 -51.599854
v 9.778198 25.600090 302.188354
v -15.821777 25.600128 223.399658
v 534.578125 25.600098 -304.693909
v 652.799805 275.200012 -409.998901
v 591.821533 25.600067 -225.905151
v 591.821533 0.000076 -225.905151
v 508.978149 0.000092 -286.094421
v 591.821533 0.000092 285.695557
v 566.221558 25.600067 304.295044
v 265.778198 25.600113 445.494263
v 332.800049 0.000092 396.800049
v 332.800049 25.600082 396.800049
v 240.178223 25.600113 426.894653
v 297.421509 25.600113 445.494263
v 323.021606 0.000107 426.894653
v 323.021606 25.600113 426.894653
v 265.778198 25.600082 348.105957
v 240.178223 25.600082 366.705444
v 323.021606 0.000092 366.705444
v 230.400024 0.000092 396.800049
v 265.778198 0.000107 445.494263
v 297.421509 0.000092 348.105957
v 67.021606 25.600121 -286.094299
v 283.389526 56.429672 393.193481
v 1049.599854 89.600052 204.800049
v 1228.799805 89.600052 -102.400024
v 1587.199707 76.800034 -76.800049
v 1279.999756 76.800034 -460.799805
v 1011.199829 281.599976 153.600098
v 1011.199829 89.600060 153.600098
v 67.021606 25.600121 223.399658
v 283.473755 56.703697 395.306763
v 9.778198 0.000122 -304.693909
v 280.082886 51.547005 395.944580
v 508.978149 0.000076 -225.905151
v 1587.199707 89.599930 64.000000
v 46.310791 204.800079 268.541504
v 1343.999756 89.600037 89.599976
v 192.000000 0.000107 -512.398926
v 1011.199768 89.600052 -102.399902
v 1587.199707 51.200050 -128.000000
v 1049.599854 281.599976 -460.799805
v 566.221558 0.000092 304.295044
v 601.599976 0.000092 255.600830
v 534.578247 0.000092 206.906738
v 508.978149 0.000092 225.506104
v 591.821411 25.600098 225.506348
v 508.978149 0.000092 285.695435
v 499.199951 25.600105 255.600830
v 566.221558 25.600098 206.906738
v 591.821533 25.600067 285.695557
v 534.578247 25.600067 304.295044
v 601.600098 0.000076 420.578613
v 601.599976 25.600098 255.600830
v 1011.199829 76.800049 50.800049
v 41.421631 0.000122 302.188354
v 46.310791 204.800079 238.446777
v 33.510864 204.800079 229.147095
v 652.799805 275.200073 409.200806
v -89.600098 275.200073 409.200439
v 652.799805 0.000092 -333.198914
v 1011.199768 89.600060 -204.799927
v 265.778198 0.000092 -445.493835
v 0.000122 204.800079 253.494263
v 729.599854 281.600006 332.400879
v -435.200195 166.400101 89.600220
v 508.978149 25.600105 -286.094421
v -15.821777 25.600128 283.588745
v 240.178223 0.000092 366.705444
v 41.421631 25.600121 204.800049
v 534.578247 0.000092 304.295044
v 41.421631 0.000107 -207.305542
v 1011.199829 204.800034 -51.599121
v 1587.199829 281.599976 243.199951
v 652.799927 281.600006 332.400879
v 1356.799927 275.200012 -460.799805
v 1945.599854 51.200012 -460.799927
v 230.400024 25.600082 396.800049
v 240.178223 25.600082 -426.894287
v 1228.799805 89.600090 -460.799805
v 323.021606 0.000107 -366.705139
v -25.599854 25.600098 -255.999634
v 1587.199707 268.799988 -76.800049
v 1011.199890 89.600067 -409.599731
v 1587.199707 281.599976 -76.800049
v -15.821777 0.000122 -286.094360
v 0.000122 25.600128 253.494263
v 1011.199829 76.800049 50.800903
v 33.510864 25.600121 277.841309
v 323.021606 25.600082 366.705444
v 1587.199707 281.599976 25.599976
v 534.578247 25.600098 206.906738
v 240.178223 0.000107 -366.705139
v 566.221558 0.000076 -207.305542
v 323.021606 25.600082 -426.894226
v 534.578125 0.000092 -304.693909
v 17.689209 25.600121 277.841309
v 1587.199829 89.600021 217.600098
v 1587.199707 134.400024 64.000000
v 1356.799805 51.200066 -128.000000
v -89.600098 0.000122 -89.599854
v 1356.799927 281.600006 -460.799805
v 297.421509 25.600082 348.105957
v 297.421509 25.600082 -445.493835
v 591.821411 25.600098 -286.094299
v 1049.599854 281.599976 204.800049
v 265.778198 0.000107 -348.105530
v 499.200073 25.600075 -255.999878
v 33.510864 204.800079 277.841309
v 4.889160 25.600121 238.446899
v 12.800049 0.000122 -95.999878
v 4.889160 204.800079 268.541504
v 12.800049 0.000122 198.400024
v 12.800049 0.000107 96.000122
v -15.821777 25.600098 -225.905151
v 9.778198 25.600121 -304.693909
v 41.421631 25.600121 -304.693909
v 41.421631 25.600090 302.188354
v 67.021606 0.000122 283.588745
v 1279.999756 76.800049 -51.200073
v 17.689209 204.800079 277.841309
v -89.599365 275.200043 -409.998840
v -15.821777 0.000122 223.399658
v 1049.599854 89.600021 -460.799866
v 1011.199890 281.599976 -409.599731
v 601.600098 0.000076 96.000122
v 323.021606 0.000092 -426.894226
v 591.821411 0.000092 225.506348
v 67.021606 25.600090 -225.905151
v 1587.199707 281.599976 -128.000000
v 9.778198 0.000122 204.800049
v 297.421509 0.000092 -445.493835
v 67.021606 0.000122 223.399658
v 1011.199890 89.600067 -358.399963
v 652.799805 0.000076 332.400879
v 652.799805 0.000076 409.200806
v -15.821777 0.000122 283.588745
v 534.578247 0.000076 -207.305542
v 1305.599854 76.800034 51.199951
v -435.199707 153.600128 -89.599731
v 1574.400024 89.600052 254.780762
v 12.800049 0.000107 -198.399658
v 566.221558 0.000092 206.906738
v 332.800049 25.600113 -396.799683
v 601.600098 0.000076 -198.399658
v 508.978149 25.600075 -225.905151
v 265.778198 25.600113 -348.105530
v 566.221558 25.600067 -207.305542
v 601.600098 0.000092 -421.376648
v 240.178223 0.000092 -426.894287
v -435.200195 230.400101 -33.010376
v -435.200195 0.000122 89.600220
v 566.221436 25.600098 -304.693909
v 652.799805 0.000076 50.800903
v 1305.599731 76.800034 -460.799805
v -435.200195 230.400101 36.894409
v 323.021606 25.600113 -366.705139
v 297.421509 0.000107 -348.105530
v -15.821777 25.600128 -286.094360
v 67.021606 25.600121 283.588745
v -15.821777 0.000107 -225.905151
v 230.400024 0.000107 -396.799683
v 41.421631 25.600090 -207.305542
v 17.689209 25.600121 229.147095
v 230.400024 25.600113 -396.799683
v 41.421631 0.000122 -304.693909
v 67.021606 0.000122 -286.094299
v 240.178223 0.000107 426.894653
v 191.999512 275.200012 511.600830
v 729.599854 0.000092 -333.198914
v 9.778198 0.000107 -207.305542
v 729.599854 281.600006 -333.198914
v 51.200073 25.600121 253.494263
v 729.599854 275.200012 332.400879
v -89.599365 0.000122 -409.998840
v 652.799805 128.000046 50.800903
v -89.599854 230.400085 -33.010498
v -89.600098 153.600113 -89.599854
v 279.998657 51.272911 393.831299
v 652.799805 0.000092 -409.998901
v 1011.199829 204.800034 50.800903
v 652.799805 0.000092 -51.599121
v 2047.999878 51.200020 -128.000000
v 192.000000 275.200073 -512.398926
v 192.000122 275.200012 511.600830
v -25.599854 0.000122 -255.999634
v 1011.199890 281.599976 -358.399963
v -435.199707 0.000137 -89.599731
v 76.800049 25.600121 253.494263
v 1011.199829 204.800018 50.800049
v 297.421509 25.600113 -348.105530
v 499.200073 0.000092 -255.999878
v 729.599854 275.200012 -333.198914
v 1011.199829 76.800064 -51.599121
v 1587.199707 147.200027 25.599976
v -89.600098 0.000107 409.200439
v 2048.000000 358.399994 -128.000000
v 2790.399902 358.399963 -1382.400024
v 4.889160 204.800079 238.446899
v 240.178223 25.600113 -366.705139
v 33.510864 25.600121 229.147095
v 17.689209 204.800079 229.147095
v 1305.599731 76.800026 -76.800049
v 566.221436 0.000092 -304.693909
v 2047.999878 51.200012 -460.799927
v 1100.800049 89.600044 -460.799866
v 1011.199768 281.599976 -204.799927
v 1587.199707 281.599976 64.000000
v 1011.199829 281.599976 89.600342
v 1030.399902 89.600037 -435.199829
v 591.821411 0.000092 -286.094299
v 508.978149 25.600075 285.695435
v 76.800049 0.000122 -255.999695
v 601.600098 0.000092 -255.999695
v -89.599854 166.400085 89.600098
v 729.599854 0.000076 332.400879
v 9.778198 0.000122 302.188354
v 1343.999756 89.600037 64.000000
v 283.627808 51.640175 395.791504
v 332.800049 0.000107 -396.799683
v 2060.799805 51.200012 -460.799927
v 51.200073 204.800079 253.494263
v 1011.199768 281.599976 -102.399902
v 1011.199829 89.600052 89.600098
v 76.800049 25.600090 -255.999695
v -89.599854 230.400085 36.894287
v 279.928833 56.610535 395.460205
v 1280.000000 281.600006 -460.799805
v 46.310791 25.600121 268.541504
v 1305.599976 281.600006 -460.799805
v 508.978149 25.600105 225.506104
v 46.310791 25.600121 238.446899
v 9.778198 25.600090 -207.305542
v 4.889160 25.600121 268.541504
v 9.778198 25.600121 204.800049
v -25.599854 0.000122 253.494263
v 67.021606 0.000107 -225.905151
v 1011.199829 204.800018 -51.599854
v 1228.800049 281.599976 -460.799805
v 76.800049 0.000122 253.494263
v 265.778198 25.600082 -445.493835
v 601.599976 0.000092 198.400635
v 1356.799805 51.200043 -460.799744
v 191.999634 0.000107 511.600830
v 1587.199707 51.200027 -460.799805
v 499.199951 0.000092 255.600830
v -89.599854 0.000107 89.600098
v 652.799805 281.600006 -333.198914
v 265.778198 0.000092 348.105957
v -25.599854 25.600128 253.494263
v 279.844604 56.336510 393.346558
v 41.421631 0.000122 204.800049
vt -0.712988 1.000000
vt -1.000000 0.500000
vt -1.000000 1.000000
vt -0.469669 1.000000
vt -0.712988 0.500000
vt -0.712988 1.000000
vt 0.787014 1.000000
vt 1.030331 0.500000
vt 1.030331 1.000000
vt 0.500000 1.000000
vt 0.787014 0.500000
vt 0.787014 1.000000
vt 0.212986 1.000000
vt 0.500000 0.500000
vt 0.500000 1.000000
vt -0.030331 1.000000
vt 0.212986 0.500000
vt 0.212986 1.000000
vt -0.712988 1.000000
vt -0.469669 0.500000
vt -0.469669 1.000000
vt -1.000000 1.000000
vt -0.712988 0.500000
vt -0.712988 1.000000
vt -0.287012 1.000000
vt 0.000000 0.500000
vt 0.000000 1.000000
vt -0.530331 1.000000
vt -0.287012 0.500000
vt -0.287012 1.000000
vt 0.212990 1.000000
vt -0.030331 0.500000
vt -0.030331 1.000000
vt 0.500000 1.000000
vt 0.212990 0.500000
vt 0.212990 1.000000
vt 0.787014 1.000000
vt 0.500000 0.500000
vt 0.500000 1.000000
vt 1.030331 1.000000
vt 0.787014 0.500000
vt 0.787014 1.000000
vt -0.287012 1.000000
vt -0.530331 0.500000
vt -0.530331 1.000000
vt 0.000000 1.000000
vt -0.287012 0.500000
vt -0.287012 1.000000
vt 0.037012 1.000000
vt -0.250004 0.500000
vt -0.250004 1.000000
vt -0.719673 1.000000
vt -0.962990 0.500000
vt -0.962990 1.000000
vt 0.787018 1.000000
vt 1.030331 0.500000
vt 1.030331 1.000000
vt 0.500004 1.000000
vt 0.787014 0.500000
vt 0.787014 1.000000
vt 0.212990 1.000000
vt 0.500000 0.500000
vt 0.500000 1.000000
vt -0.030329 1.000000
vt 0.212986 0.500000
vt 0.212986 1.000000
vt 8.037011 3.000000
vt 8.280331 2.500000
vt 8.280331 3.000000
vt -12.250001 3.000000
vt -11.962988 2.500000
vt -11.962988 3.000000
vt -0.537014 1.000000
vt -0.250002 0.500000
vt -0.250002 1.000000
vt -0.780334 1.000000
vt -0.537010 0.500000
vt -0.537010 1.000000
vt 0.212990 1.000000
vt -0.030331 0.500000
vt -0.030331 1.000000
vt 0.499996 1.000000
vt 0.212990 0.500000
vt 0.212990 1.000000
vt 0.787010 1.000000
vt 0.500000 0.500000
vt 0.500000 1.000000
vt 1.030329 1.000000
vt 0.787014 0.500000
vt 0.787014 1.000000
vt 7.462990 3.000000
vt 7.219669 2.500000
vt 7.219669 3.000000
vt -12.250002 3.000000
vt -12.537013 2.500000
vt -12.537013 3.000000
vt -0.462988 1.000000
vt -0.750002 0.500000
vt -0.750002 1.000000
vt -0.219671 1.000000
vt -0.462988 0.500000
vt -0.462988 1.000000
vt 0.287014 1.000000
vt 0.530331 0.500000
vt 0.530331 1.000000
vt 0.000008 1.000000
vt 0.287018 0.500000
vt 0.287018 1.000000
vt 0.712994 1.000000
vt 1.000004 0.500000
vt 1.000004 1.000000
vt 0.469667 1.000000
vt 0.712986 0.500000
vt 0.712986 1.000000
vt 7.537013 3.000000
vt 7.780331 2.500000
vt 7.780331 3.000000
vt -8.750001 3.000000
vt -8.462988 2.500000
vt -8.462988 3.000000
vt -1.037014 1.000000
vt -0.750002 0.500000
vt -0.750002 1.000000
vt -0.280329 1.000000
vt -0.037012 0.500000
vt -0.037012 1.000000
vt 0.712990 1.000000
vt 0.469669 0.500000
vt 0.469669 1.000000
vt 1.000004 1.000000
vt 0.712990 0.500000
vt 0.712990 1.000000
vt 0.287018 1.000000
vt 0.000004 0.500000
vt 0.000004 1.000000
vt 0.530329 1.000000
vt 0.287014 0.500000
vt 0.287014 1.000000
vt 7.962988 3.000000
vt 7.719669 2.500000
vt 7.719669 3.000000
vt -7.750000 3.000000
vt -8.037013 2.500000
vt -8.037013 3.000000
vt -0.712988 1.000000
vt -1.000000 0.500000
vt -1.000000 1.000000
vt -0.469666 1.000000
vt -0.712990 0.500000
vt -0.712990 1.000000
vt 0.037010 1.000000
vt 0.280331 0.500000
vt 0.280331 1.000000
vt 0.749996 1.000000
vt 1.037014 0.500000
vt 1.037014 1.000000
vt 0.462986 1.000000
vt 0.750000 0.500000
vt 0.750000 1.000000
vt 0.219671 1.000000
vt 0.462986 0.500000
vt 0.462986 1.000000
vt 10.287013 3.000000
vt 10.530331 2.500000
vt 10.530331 3.000000
vt -8.000001 3.000000
vt -7.712988 2.500000
vt -7.712988 3.000000
vt -0.287010 1.000000
vt -0.000002 0.500000
vt -0.000002 1.000000
vt -0.530334 1.000000
vt -0.287010 0.500000
vt -0.287010 1.000000
vt 0.462986 1.000000
vt 0.219669 0.500000
vt 0.219669 1.000000
vt 0.750000 1.000000
vt 0.462986 0.500000
vt 0.462986 1.000000
vt 1.037014 1.000000
vt 0.750000 0.500000
vt 0.750000 1.000000
vt 0.280329 1.000000
vt 0.037014 0.500000
vt 0.037014 1.000000
vt 10.712989 3.000000
vt 10.469669 2.500000
vt 10.469669 3.000000
vt -8.000002 3.000000
vt -8.287013 2.500000
vt -8.287013 3.000000
vt -2.500000 2.500000
vt -9.000000 1.000000
vt -2.500000 1.000000
vt -6.750000 -1.000000
vt -1.000000 -1.000000
vt 5.500000 4.500000
vt 1.500000 3.000000
vt -4.999999 -1.500000
vt 1.500000 -1.500000
vt 1.500000 1.500000
vt -5.000000 0.500000
vt 2.500000 0.500000
vt 1.500000 -0.999996
vt 1.500000 1.000004
vt -5.000000 1.000004
vt -0.712988 1.000000
vt -0.712988 0.500000
vt -1.000000 0.500000
vt -0.469669 1.000000
vt -0.469669 0.500000
vt -0.712988 0.500000
vt 0.787014 1.000000
vt 0.787014 0.500000
vt 1.030331 0.500000
vt 0.500000 1.000000
vt 0.500000 0.500000
vt 0.787014 0.500000
vt 0.212986 1.000000
vt 0.212986 0.500000
vt 0.500000 0.500000
vt -0.030331 1.000000
vt -0.030331 0.500000
vt 0.212986 0.500000
vt -0.712988 1.000000
vt -0.712988 0.500000
vt -0.469669 0.500000
vt -1.000000 1.000000
vt -1.000000 0.500000
vt -0.712988 0.500000
vt -0.287012 1.000000
vt -0.287012 0.500000
vt 0.000000 0.500000
vt -0.530331 1.000000
vt -0.530331 0.500000
vt -0.287012 0.500000
vt 0.212990 1.000000
vt 0.212990 0.500000
vt -0.030331 0.500000
vt 0.500000 1.000000
vt 0.500000 0.500000
vt 0.212990 0.500000
vt 0.787014 1.000000
vt 0.787014 0.500000
vt 0.500000 0.500000
vt 1.030331 1.000000
vt 1.030331 0.500000
vt 0.787014 0.500000
vt -0.287012 1.000000
vt -0.287012 0.500000
vt -0.530331 0.500000
vt 0.000000 1.000000
vt 0.000000 0.500000
vt -0.287012 0.500000
vt 0.037012 1.000000
vt 0.037012 0.500000
vt -0.250004 0.500000
vt -0.719673 1.000000
vt -0.719673 0.500000
vt -0.962990 0.500000
vt 0.787018 1.000000
vt 0.787018 0.500000
vt 1.030331 0.500000
vt 0.500004 1.000000
vt 0.500004 0.500000
vt 0.787014 0.500000
vt 0.212990 1.000000
vt 0.212990 0.500000
vt 0.500000 0.500000
vt -0.030329 1.000000
vt -0.030329 0.500000
vt 0.212986 0.500000
vt 8.037011 3.000000
vt 8.037011 2.500000
vt 8.280331 2.500000
vt -12.250001 3.000000
vt -12.250001 2.500000
vt -11.962988 2.500000
vt -0.537014 1.000000
vt -0.537014 0.500000
vt -0.250002 0.500000
vt -0.780334 1.000000
vt -0.780334 0.500000
vt -0.537010 0.500000
vt 0.212990 1.000000
vt 0.212990 0.500000
vt -0.030331 0.500000
vt 0.499996 1.000000
vt 0.499996 0.500000
vt 0.212990 0.500000
vt 0.787010 1.000000
vt 0.787010 0.500000
vt 0.500000 0.500000
vt 1.030329 1.000000
vt 1.030329 0.500000
vt 0.787014 0.500000
vt 7.462990 3.000000
vt 7.462990 2.500000
vt 7.219669 2.500000
vt -12.250002 3.000000
vt -12.250002 2.500000
vt -12.537013 2.500000
vt -0.462988 1.000000
vt -0.462988 0.500000
vt -0.750002 0.500000
vt -0.219671 1.000000
vt -0.219671 0.500000
vt -0.462988 0.500000
vt 0.287014 1.000000
vt 0.287014 0.500000
vt 0.530331 0.500000
vt 0.000008 1.000000
vt 0.000008 0.500000
vt 0.287018 0.500000
vt 0.712994 1.000000
vt 0.712994 0.500000
vt 1.000004 0.500000
vt 0.469667 1.000000
vt 0.469667 0.500000
vt 0.712986 0.500000
vt 7.537013 3.000000
vt 7.537013 2.500000
vt 7.780331 2.500000
vt -8.750001 3.000000
vt -8.750001 2.500000
vt -8.462988 2.500000
vt -1.037014 1.000000
vt -1.037014 0.500000
vt -0.750002 0.500000
vt -0.280329 1.000000
vt -0.280329 0.500000
vt -0.037012 0.500000
vt 0.712990 1.000000
vt 0.712990 0.500000
vt 0.469669 0.500000
vt 1.000004 1.000000
vt 1.000004 0.500000
vt 0.712990 0.500000
vt 0.287018 1.000000
vt 0.287018 0.500000
vt 0.000004 0.500000
vt 0.530329 1.000000
vt 0.530329 0.500000
vt 0.287014 0.500000
vt 7.962988 3.000000
vt 7.962988 2.500000
vt 7.719669 2.500000
vt -7.750000 3.000000
vt -7.750000 2.500000
vt -8.037013 2.500000
vt -0.712988 1.000000
vt -0.712988 0.500000
vt -1.000000 0.500000
vt -0.469666 1.000000
vt -0.469666 0.500000
vt -0.712990 0.500000
vt 0.037010 1.000000
vt 0.037010 0.500000
vt 0.280331 0.500000
vt 0.749996 1.000000
vt 0.749996 0.500000
vt 1.037014 0.500000
vt 0.462986 1.000000
vt 0.462986 0.500000
vt 0.750000 0.500000
vt 0.219671 1.000000
vt 0.219671 0.500000
vt 0.462986 0.500000
vt 10.287013 3.000000
vt 10.287013 2.500000
vt 10.530331 2.500000
vt -8.000001 3.000000
vt -8.000001 2.500000
vt -7.712988 2.500000
vt -0.287010 1.000000
vt -0.287010 0.500000
vt -0.000002 0.500000
vt -0.530334 1.000000
vt -0.530334 0.500000
vt -0.287010 0.500000
vt 0.462986 1.000000
vt 0.462986 0.500000
vt 0.219669 0.500000
vt 0.750000 1.000000
vt 0.750000 0.500000
vt 0.462986 0.500000
vt 1.037014 1.000000
vt 1.037014 0.500000
vt 0.750000 0.500000
vt 0.280329 1.000000
vt 0.280329 0.500000
vt 0.037014 0.500000
vt 10.712989 3.000000
vt 10.712989 2.500000
vt 10.469669 2.500000
vt -8.000002 3.000000
vt -8.000002 2.500000
vt -8.287013 2.500000
vt -2.500000 2.500000
vt -9.000000 2.500000
vt -9.000000 1.000000
vt -5.000000 7.500000
vt -5.000000 -7.000000
vt 7.250000 2.000000
vt -9.000000 -3.000000
vt 3.250000 -3.000000
vt 3.250000 6.000000
vt -3.000000 -2.750000
vt 3.500000 -2.750000
vt -3.000000 6.000000
vt 1.500000 -6.750000
vt 1.500000 7.500000
vt -5.000000 2.000000
vt -13.000000 2.500000
vt -0.750000 -3.000000
vt 11.500000 2.500000
vt 3.500000 2.000000
vt -3.000000 2.000000
vt -2.999999 -2.500000
vt 0.500000 -1.500000
vt 0.500000 4.000000
vt -0.500000 -0.500000
vt 0.500000 2.000000
vt -0.500000 2.000000
vt -0.500000 -2.500000
vt 3.500000 0.500000
vt -3.000000 0.500000
vt -3.000000 -0.500000
vt -3.000000 5.000004
vt -2.999999 -2.000000
vt 3.500000 -2.000000
vt -5.000000 3.000004
vt 1.500000 -4.000000
vt 1.500000 3.000004
vt 3.500000 0.250004
vt -3.000002 0.250004
vt -3.000000 0.000004
vt -3.000000 2.000004
vt -3.000000 0.000004
vt 3.500000 0.000004
vt 1.500000 0.000004
vt 1.500000 0.250004
vt -5.000000 0.000004
vt -1.000000 -0.125000
vt -0.625000 0.250000
vt -1.000000 0.625000
vt -0.625000 -0.125000
vt -0.250000 0.250000
vt -0.625000 0.625000
vt -0.875000 0.125000
vt -0.500000 0.500000
vt -0.875000 0.875000
vt -1.000000 0.500000
vt -0.625000 0.875000
vt -1.000000 1.250000
vt -3.111111 8.777776
vt -1.777778 8.777776
vt -0.888889 10.666665
vt -7.383735 11.313925
vt -7.222518 10.962562
vt -7.222518 11.313925
vt 0.630927 11.333332
vt 0.982289 8.777776
vt 0.982289 11.666665
vt 0.421636 13.777776
vt 0.773000 11.666665
vt 0.773000 13.777776
vt -0.888888 10.159543
vt -3.999999 10.617665
vt -3.999999 10.159543
vt -0.666666 11.333332
vt -0.444444 11.111110
vt 0.222223 11.333332
vt -0.597223 8.777971
vt -1.051976 10.666861
vt -1.051978 8.777972
vt 2.211639 13.666667
vt 0.555556 13.777776
vt 0.777778 11.666665
vt 0.000000 0.625000
vt -0.143506 0.596455
vt -0.265165 0.515165
vt -0.265165 0.515165
vt -0.346455 0.393507
vt -0.375000 0.250000
vt -0.375000 0.250000
vt -0.346455 0.106495
vt -0.265165 -0.015165
vt -0.265165 0.984835
vt -0.143506 0.903545
vt 0.000000 0.875000
vt -1.000000 0.875000
vt -0.856494 0.903545
vt -0.734835 0.984835
vt -0.734835 0.984835
vt -0.653545 1.106493
vt -1.000000 0.875000
vt -0.653545 0.106493
vt -0.625000 0.250000
vt -1.000000 -0.125000
vt -0.625000 0.250000
vt -0.653545 0.393507
vt -1.000000 0.625000
vt -0.653545 0.393507
vt -0.734835 0.515165
vt -1.000000 0.625000
vt -0.734835 0.515165
vt -0.856494 0.596455
vt -1.000000 0.625000
vt 0.000000 0.625000
vt -0.265165 0.515165
vt -0.375000 0.250000
vt -0.375000 0.250000
vt -0.265165 -0.015165
vt 0.000000 0.625000
vt -0.265165 -0.015165
vt 0.000000 -0.125000
vt 0.000000 0.625000
vt -0.625000 0.625000
vt -0.768506 0.596455
vt -1.000000 0.250000
vt -0.768506 0.596455
vt -0.890165 0.515165
vt -1.000000 0.250000
vt -0.890165 0.515165
vt -0.971455 0.393507
vt -1.000000 0.250000
vt -1.000000 0.250000
vt -0.971455 0.106495
vt -0.890165 -0.015165
vt -0.890165 -0.015165
vt -0.768506 -0.096455
vt -1.000000 0.250000
vt -0.768506 -0.096455
vt -0.625000 -0.125000
vt -1.000000 0.250000
vt -0.625000 -0.125000
vt -0.481494 -0.096455
vt -0.250000 0.250000
vt -0.481494 -0.096455
vt -0.359835 -0.015165
vt -0.250000 0.250000
vt -0.359835 -0.015165
vt -0.278545 0.106493
vt -0.250000 0.250000
vt -0.250000 0.250000
vt -0.278545 0.393507
vt -0.359835 0.515165
vt -0.359835 0.515165
vt -0.481494 0.596455
vt -0.250000 0.250000
vt -0.481494 0.596455
vt -0.625000 0.625000
vt -0.250000 0.250000
vt -0.625000 0.625000
vt -1.000000 0.250000
vt -0.625000 -0.125000
vt 0.125000 0.875000
vt -0.018506 0.846455
vt -0.140165 0.765165
vt -0.140165 0.765165
vt -0.221455 0.643507
vt -0.250000 0.500000
vt -0.250000 0.500000
vt -0.221455 0.356493
vt -0.140165 0.234835
vt -0.140165 0.234835
vt -0.018506 0.153545
vt 0.125000 0.125000
vt -0.875000 0.125000
vt -0.731494 0.153545
vt -0.609835 0.234835
vt -0.609835 0.234835
vt -0.528545 0.356493
vt -0.875000 0.125000
vt -0.528545 0.356493
vt -0.500000 0.500000
vt -0.875000 0.125000
vt -0.500000 0.500000
vt -0.528545 0.643507
vt -0.875000 0.875000
vt -0.528545 0.643507
vt -0.609835 0.765165
vt -0.875000 0.875000
vt -0.609835 0.765165
vt -0.731494 0.846455
vt -0.875000 0.875000
vt -0.875000 0.875000
vt -1.140165 0.765165
vt -0.875000 0.125000
vt -0.140165 0.765165
vt -0.250000 0.500000
vt 0.125000 0.125000
vt -0.250000 0.500000
vt -0.140165 0.234835
vt 0.125000 0.125000
vt 0.000000 0.250000
vt -0.143506 0.221455
vt -0.375000 -0.125000
vt -0.143506 0.221455
vt -0.265165 0.140165
vt -0.375000 -0.125000
vt -0.265165 0.140165
vt -0.346455 0.018507
vt -0.375000 -0.125000
vt -0.375000 0.875000
vt -0.346455 0.731493
vt -0.265165 0.609835
vt -0.265165 0.609835
vt -0.143506 0.528545
vt 0.000000 0.500000
vt -1.000000 0.500000
vt -0.856494 0.528545
vt -0.734835 0.609835
vt -0.734835 0.609835
vt -0.653545 0.731493
vt -1.000000 0.500000
vt -0.653545 0.731493
vt -0.625000 0.875000
vt -1.000000 0.500000
vt -0.625000 -0.125000
vt -0.653545 0.018507
vt -0.734835 0.140165
vt -0.734835 0.140165
vt -0.856494 0.221455
vt -0.625000 -0.125000
vt -0.856494 0.221455
vt -1.000000 0.250000
vt -0.625000 -0.125000
vt -0.375000 0.875000
vt -0.265165 0.609835
vt 0.000000 1.250000
vt -0.265165 0.609835
vt 0.000000 0.500000
vt 0.000000 1.250000
vt -0.888889 10.666665
vt -3.999999 10.666665
vt -3.111111 8.777776
vt -3.999999 10.666665
vt -3.999999 9.111110
vt -3.111111 8.777776
vt -3.999999 9.111110
vt -3.555554 8.777776
vt -3.111111 8.777776
vt -3.111111 8.777776
vt -3.111111 6.444445
vt -1.777778 8.777776
vt -3.111111 6.444445
vt -1.777778 6.444444
vt -1.777778 8.777776
vt -1.777778 8.777776
vt -0.888889 8.777776
vt -0.888889 10.666665
vt -7.383735 11.313925
vt -7.383735 10.962562
vt -7.222518 10.962562
vt 0.630927 11.333332
vt 0.627630 8.777776
vt 0.982289 8.777776
vt 0.421636 13.777776
vt 0.421636 11.333332
vt 0.773000 11.666665
vt -0.888888 10.159543
vt -0.444444 10.617665
vt -3.999999 10.617665
vt -0.666666 11.333332
vt -3.999999 11.333332
vt -3.999999 11.111110
vt -0.444444 11.111110
vt -0.447917 8.777776
vt 0.440972 8.777776
vt -0.666666 11.333332
vt -3.999999 11.111110
vt -0.444444 11.111110
vt 0.222223 13.777776
vt -0.666666 13.777776
vt -0.666666 11.333332
vt 0.440972 8.777776
vt 0.444445 11.333332
vt 0.222223 11.333332
vt 0.222223 11.333332
vt 0.222223 13.777776
vt -0.666666 11.333332
vt -0.444444 11.111110
vt 0.440972 8.777776
vt 0.222223 11.333332
vt -0.597223 8.777971
vt -0.593854 11.111304
vt -1.051976 10.666861
vt 2.211639 13.666667
vt 2.111111 13.777776
vt 0.555556 13.777776
vt 0.555556 13.777776
vt 0.555556 11.666665
vt 0.777778 11.666665
vt 0.777778 11.666665
vt 0.777777 8.777776
vt 1.777777 9.111110
vt 0.777777 8.777776
vt 1.333333 8.777776
vt 1.777777 9.111110
vt 1.777777 9.111110
vt 2.211639 13.666667
vt 0.777778 11.666665
vt 7.020833 0.875000
vt 9.104167 1.000000
vt 5.020832 1.000000
vt 5.020833 0.250000
vt 5.020833 0.000000
vt 6.520833 0.333333
vt 0.000000 -0.000000
vt 2.916670 1.000000
vt 0.000000 1.000000
vt 3.000000 -0.000000
vt 4.916668 1.000000
vt 3.000000 1.000000
vt -1.958334 -0.000000
vt 1.041625 1.000000
vt -1.958334 1.000000
vt 0.003195 -0.186901
vt 1.780715 -1.001597
vt 1.780715 -0.186901
vt 1.003907 0.600000
vt 1.500002 1.000000
vt 1.000000 0.800000
vt 2.875978 -1.001597
vt 0.003195 -0.249201
vt 0.003195 -1.001597
vt 0.003195 -0.249201
vt 2.875978 -1.001597
vt 2.875978 -0.249201
vt 4.666667 1.000000
vt 3.066668 0.733333
vt 4.666667 0.733333
vt 0.500000 -0.000000
vt 0.000000 -1.000000
vt 0.500000 -1.000000
vt 3.625341 -0.000000
vt -1.866065 1.000000
vt -1.866065 0.000000
vt 0.000000 -0.690363
vt 0.000000 -1.000000
vt 0.375002 -0.758947
vt 0.003894 0.626198
vt 1.000699 0.626198
vt 0.996805 0.813099
vt 0.000000 -0.000000
vt 0.333336 -1.000000
vt 0.666671 -0.000000
vt 0.378918 0.600000
vt 0.375012 0.800000
vt 0.000000 1.000000
vt 2.000000 -0.000000
vt 3.066667 0.000000
vt 3.066668 0.733333
vt 0.000000 -0.000000
vt 0.000000 -1.000000
vt 0.533335 -1.000000
vt 0.000000 -1.000000
vt 1.000001 -1.000000
vt 1.000001 -0.656250
vt 5.199999 1.000000
vt 4.666667 1.000000
vt 4.666667 0.733333
vt 2.866666 1.000000
vt 1.000000 0.233333
vt 2.600001 -0.000000
vt 2.000009 -0.000000
vt 0.000000 -0.000000
vt 0.000000 -0.027778
vt 0.666663 -0.000000
vt 0.000002 -1.000000
vt 0.666668 -1.000000
vt 0.000000 -0.000000
vt 0.250003 -1.000000
vt 0.250003 -0.000000
vt 0.444446 -0.033430
vt 0.444446 -0.000000
vt 0.000000 -0.000000
vt 0.666667 -0.000000
vt 0.000000 -1.000000
vt 0.666667 -1.000000
vt 0.444446 -0.066038
vt 0.000000 -0.000000
vt 0.444446 -1.000000
vt 0.666668 -0.000000
vt 0.000000 -1.000000
vt 0.666668 -1.000000
vt 0.000000 -0.000000
vt 3.111112 -1.000000
vt 3.111112 -0.000000
vt 0.666666 -1.000000
vt 0.749999 -1.000000
vt 0.000000 -0.000000
vt 2.000004 0.000000
vt -1.111111 1.000000
vt -1.111111 0.000000
vt -2.333307 0.000000
vt 2.499952 1.000000
vt -2.333307 1.000000
vt -0.833333 1.000000
vt -9.000000 -0.000000
vt -0.833333 -0.000000
vt 0.000000 -0.000000
vt 0.179848 -1.000000
vt 0.179848 -0.000000
vt -1.041666 -0.000000
vt 3.791668 1.000000
vt -1.041666 1.000000
vt 7.520833 0.750000
vt 7.520833 0.333333
vt 9.104167 0.333333
vt 5.020832 1.000000
vt 5.020832 0.333333
vt 6.520833 0.750000
vt 5.020832 0.333333
vt 6.520833 0.333333
vt 6.520833 0.750000
vt 7.520833 0.750000
vt 9.104167 0.333333
vt 9.104167 1.000000
vt 5.020832 1.000000
vt 6.520833 0.750000
vt 7.020833 0.875000
vt 7.020833 0.875000
vt 7.520833 0.750000
vt 9.104167 1.000000
vt 5.020833 0.000000
vt 9.104166 0.000000
vt 7.520833 0.333333
vt 9.104166 0.000000
vt 9.104166 0.250000
vt 7.520833 0.333333
vt 5.020833 0.000000
vt 7.520833 0.333333
vt 6.520833 0.333333
vt 9.104166 0.250000
vt 9.104166 0.333333
vt 7.520833 0.333333
vt 6.520833 0.333333
vt 5.020833 0.333333
vt 5.020833 0.250000
vt -1.000000 -0.000000
vt 1.916670 -0.000000
vt 1.916670 1.000000
vt 3.000000 -0.000000
vt 4.916668 -0.000000
vt 4.916668 1.000000
vt -2.958334 -0.000000
vt 0.041625 -0.000000
vt 0.041625 1.000000
vt 0.003195 -0.186901
vt 0.003195 -1.001597
vt 1.780715 -1.001597
vt 1.003907 0.600000
vt 1.003907 -0.066667
vt 1.500002 -0.000000
vt 1.500002 -0.000000
vt 1.500002 1.000000
vt 1.003907 0.600000
vt 1.500002 1.000000
vt 1.000000 1.000000
vt 1.000000 0.800000
vt 2.875978 -1.001597
vt 2.875978 -0.249201
vt 0.003195 -0.249201
vt 0.003195 -0.249201
vt 0.003195 -1.001597
vt 2.875978 -1.001597
vt 4.666667 1.000000
vt 3.066668 1.000000
vt 3.066668 0.733333
vt 0.500000 -0.000000
vt 0.000000 -0.000000
vt 0.000000 -1.000000
vt 1.625341 -0.000000
vt 1.625341 1.000000
vt -3.866065 1.000000
vt 0.000000 -1.000000
vt 0.375002 -1.000000
vt 0.375002 -0.758947
vt 0.375002 -0.758947
vt 0.375002 -0.000000
vt 0.000000 -0.690363
vt 0.375002 -0.000000
vt 0.000000 -0.000000
vt 0.000000 -0.690363
vt 0.996805 0.813099
vt 0.996805 1.000000
vt 0.000001 1.000000
vt 0.000001 1.000000
vt 0.000001 0.813099
vt 0.996805 0.813099
vt 0.000001 0.813099
vt 0.003894 0.626198
vt 0.996805 0.813099
vt 0.000000 -1.000000
vt 0.333336 -1.000000
vt 0.000000 -0.000000
vt 0.333336 -1.000000
vt 0.666671 -1.000000
vt 0.666671 -0.000000
vt 0.375012 0.800000
vt 0.375013 1.000000
vt 0.000000 1.000000
vt 0.000000 1.000000
vt 0.000000 -0.000000
vt 0.378918 0.600000
vt 0.000000 -0.000000
vt 0.378916 -0.066667
vt 0.378918 0.600000
vt 3.066668 0.733333
vt 3.066668 1.000000
vt 2.000001 1.000000
vt 2.000001 1.000000
vt 2.000000 -0.000000
vt 3.066668 0.733333
vt 1.866670 -1.000000
vt 1.866670 -0.000000
vt 0.533335 -1.000000
vt 1.866670 -0.000000
vt 0.000000 -0.000000
vt 0.533335 -1.000000
vt 1.000001 -0.656250
vt 1.000001 -0.000000
vt 0.000000 -0.062500
vt 1.000001 -0.000000
vt 0.000000 -0.000000
vt 0.000000 -0.062500
vt 0.000000 -0.062500
vt 0.000000 -1.000000
vt 1.000001 -0.656250
vt 4.666667 0.733333
vt 4.666666 0.000000
vt 5.199999 0.000000
vt 5.199999 0.000000
vt 5.199999 1.000000
vt 4.666667 0.733333
vt 2.866666 0.000000
vt 2.866666 1.000000
vt 2.600001 -0.000000
vt 2.866666 1.000000
vt 1.000000 1.000000
vt 1.000000 0.233333
vt 1.000000 0.233333
vt 1.000000 -0.000001
vt 2.600001 -0.000000
vt 0.000000 -0.027778
vt 0.000000 -1.000000
vt 2.000009 -1.000000
vt 2.000009 -1.000000
vt 2.000009 -0.000000
vt 0.000000 -0.027778
vt 0.666663 -0.000000
vt 0.000000 -0.000000
vt 0.000002 -1.000000
vt 0.000000 -0.000000
vt 0.000000 -1.000000
vt 0.250003 -1.000000
vt 0.000000 -0.000000
vt 0.000000 -1.000000
vt 0.444446 -0.033430
vt 0.000000 -1.000000
vt 0.444446 -1.000000
vt 0.444446 -0.033430
vt 0.666667 -0.000000
vt 0.000000 -0.000000
vt 0.000000 -1.000000
vt 0.444446 -0.066038
vt 0.444446 -0.000000
vt 0.000000 -0.000000
vt 0.000000 -0.000000
vt 0.000000 -1.000000
vt 0.444446 -1.000000
vt 0.666668 -0.000000
vt 0.000000 -0.000000
vt 0.000000 -1.000000
vt 0.000000 -0.000000
vt 0.000000 -1.000000
vt 3.111112 -1.000000
vt 0.749999 -0.000000
vt 0.000000 -0.000000
vt 0.749999 -1.000000
vt 0.000000 -0.000000
vt 0.000000 -1.000000
vt 0.666666 -1.000000
vt 1.000004 0.000000
vt 1.000004 1.000000
vt -2.111111 1.000000
vt -3.333307 0.000000
vt 1.499952 0.000000
vt 1.499952 1.000000
vt -0.833333 1.000000
vt -9.000000 1.000000
vt -9.000000 -0.000000
vt 0.000000 -0.000000
vt 0.000000 -1.000000
vt 0.179848 -1.000000
vt -3.041666 -0.000000
vt 1.791668 -0.000000
vt 1.791668 1.000000
vt 8.900000 2.200000
vt 8.299999 2.500000
vt 7.700000 2.200000
vt -2.200001 0.200000
vt 0.000000 0.200000
vt 0.000000 1.200000
vt 0.000000 1.200000
vt 0.000000 0.200000
vt 2.200001 0.200000
vt -0.529651 -1.999998
vt -1.199975 1.000001
vt -1.199975 -1.999998
vt 1.000000 0.114393
vt -2.000000 -0.556394
vt 1.000000 -0.556394
vt 0.900000 -0.999998
vt 0.900000 -0.199999
vt 0.400001 -0.199999
vt 1.699998 -2.200000
vt 4.400001 -1.000000
vt 1.699998 -1.000000
vt 0.699994 1.200000
vt 0.257889 1.800000
vt -0.700005 1.300000
vt 1.288235 -0.300000
vt 0.742105 2.399999
vt 0.742105 -0.300000
vt 3.399994 -1.700000
vt 0.699999 -0.299999
vt 0.699999 -1.700000
vt -0.588570 -1.000000
vt -2.119998 1.680000
vt -2.120000 -1.000000
vt 1.699999 -1.296118
vt 4.399993 -0.550828
vt 1.699999 -0.550828
vt 0.700000 -1.000000
vt 3.400000 0.300000
vt 0.700000 0.300000
vt 2.206240 -3.400000
vt 1.558514 -0.700000
vt 1.558513 -3.400000
vt 7.700000 2.200000
vt 7.721875 1.200000
vt 8.900000 2.200000
vt 7.721875 1.200000
vt 8.900000 1.200000
vt 8.900000 2.200000
vt 1.000000 1.200000
vt -2.000000 1.200000
vt -1.200001 0.200000
vt -1.000000 1.200000
vt -1.000000 0.200000
vt -0.200001 0.200000
vt 0.200001 0.200000
vt 1.000000 0.200000
vt 1.000000 1.200000
vt 2.000000 1.200000
vt -1.000000 1.200000
vt 1.200001 0.200000
vt -0.529651 -2.999998
vt -0.529651 0.000001
vt -1.199975 0.000001
vt 2.000000 0.114393
vt -1.000000 0.114393
vt -1.000000 -0.556394
vt 1.400001 -0.199999
vt 0.700000 -0.199999
vt 0.700000 -0.999998
vt -0.300000 -0.999998
vt 0.900000 -0.999998
vt 0.400001 -0.199999
vt 1.699998 -2.200000
vt 4.400001 -2.200000
vt 4.400001 -1.000000
vt 0.257889 1.800000
vt -0.288242 1.800000
vt -0.700005 1.300000
vt -0.700005 1.300000
vt -0.700005 0.000000
vt 0.699994 1.200000
vt -0.700005 0.000000
vt 0.699995 0.000000
vt 0.699994 1.200000
vt 1.288235 -0.300000
vt 1.288235 2.399999
vt 0.742105 2.399999
vt 3.399994 -1.700000
vt 3.399998 -0.299999
vt 0.699999 -0.299999
vt -0.588570 -1.000000
vt -0.588569 1.680000
vt -2.119998 1.680000
vt 1.699999 -1.296118
vt 4.399998 -1.296118
vt 4.399993 -0.550828
vt 0.700000 -1.000000
vt 3.400000 -1.000000
vt 3.400000 0.300000
vt 2.206240 -3.400000
vt 2.206241 -0.700001
vt 1.558514 -0.700000
vt 1.636361 0.636364
vt 0.909088 1.409091
vt 0.909089 0.681819
vt 2.360801 5.181818
vt 2.360801 4.636364
vt 2.906256 4.636364
vt -2.911926 4.636364
vt -2.366472 4.636364
vt -2.366472 5.181818
vt -3.272728 -0.681819
vt -3.272729 0.681818
vt -3.636367 2.906256
vt -3.272727 -1.409091
vt -3.272726 -2.992734
vt -0.363634 -3.639199
vt -0.363634 -3.639199
vt 1.636362 -2.911926
vt 0.909091 -1.409090
vt 1.636362 -2.911926
vt 1.636364 -0.636363
vt 0.909091 -1.409090
vt 1.636361 0.636364
vt 1.636362 2.906255
vt 0.909088 1.409091
vt 1.636362 2.906255
vt -0.363639 3.633529
vt 0.909088 1.409091
vt 0.909091 -1.409090
vt -3.272727 -1.409091
vt -0.363634 -3.639199
vt -3.272729 0.681818
vt -3.272728 -0.681819
vt 0.909091 -0.681818
vt 0.909089 0.681819
vt -3.272729 0.681818
vt 0.909091 -0.681818
vt 0.909091 -0.681818
vt 0.909091 -1.409090
vt 1.636364 -0.636363
vt -0.363639 3.633529
vt -3.272732 2.987064
vt -3.272729 1.409096
vt -0.363639 3.633529
vt -3.272729 1.409096
vt 0.909088 1.409091
vt 0.909091 -0.681818
vt 1.636364 -0.636363
vt 1.636361 0.636364
vt 0.909089 0.681819
vt 0.909091 -0.681818
vt 1.636361 0.636364
vt -3.636367 2.906256
vt -3.636361 -2.911926
vt -3.272728 -0.681819
vt -3.636361 -2.911926
vt -3.272726 -2.992734
vt -3.272727 -1.409091
vt -3.636361 -2.911926
vt -3.272727 -1.409091
vt -3.272728 -0.681819
vt -3.272729 1.409096
vt -3.272732 2.987064
vt -3.636367 2.906256
vt -3.272729 0.681818
vt -3.272729 1.409096
vt -3.636367 2.906256
vt 2.818183 -0.045454
vt 1.363646 -2.136364
vt 2.818190 -2.136363
vt -0.818184 -2.136364
vt 0.636363 -0.045455
vt -0.818182 -0.045455
vt 2.818183 -0.045454
vt 1.363637 -0.045454
vt 1.363646 -2.136364
vt -0.818184 -2.136364
vt 0.636371 -2.136364
vt 0.636363 -0.045455
vt 0.440895 0.753994
vt 1.676969 -0.246006
vt 1.676969 0.753994
vt 0.440895 0.753994
vt 1.676962 -0.246006
vt 1.676962 0.753994
vt 0.804163 -0.246006
vt 1.129082 -0.246006
vt 1.129089 0.753994
vt 0.440895 0.753994
vt 1.676962 -0.246006
vt 1.676962 0.753994
vt 0.440895 0.753994
vt 1.676960 -0.246006
vt 1.676960 0.753994
vt 0.440895 0.753994
vt 1.676959 -0.246006
vt 1.676959 0.753994
vt 1.676961 0.753994
vt 0.440895 -0.246006
vt 1.676961 -0.246006
vt 0.440895 0.753994
vt 1.676963 -0.246006
vt 1.676963 0.753994
vt 1.676961 0.753994
vt 0.440895 -0.246006
vt 1.676961 -0.246006
vt 0.440895 0.753994
vt 1.676962 -0.246006
vt 1.676962 0.753994
vt 0.440895 0.753994
vt 1.676961 -0.246006
vt 1.676961 0.753994
vt 0.440895 0.753994
vt 1.676969 -0.246006
vt 1.676969 0.753994
vt 0.440895 0.753994
vt 1.676965 -0.246006
vt 1.676965 0.753994
vt 2.723527 -0.872052
vt 0.000000 -0.000000
vt 2.708563 -0.836900
vt 0.440895 0.753994
vt 1.676962 -0.246006
vt 1.676962 0.753994
vt 0.440895 0.753994
vt 1.676960 -0.246006
vt 1.676960 0.753994
vt 0.440895 0.753994
vt 1.676970 -0.246006
vt 1.676970 0.753994
vt -5.000000 1.000000
vt -4.000001 -0.000000
vt -4.000000 1.000000
vt 0.440895 0.753994
vt 1.676966 -0.246006
vt 1.676966 0.753994
vt 0.440895 0.753994
vt 1.676958 -0.246006
vt 1.676958 0.753994
vt 0.440895 0.753994
vt 1.676960 -0.246006
vt 1.676960 0.753994
vt 2.708563 -0.836900
vt 0.168494 -0.097861
vt 2.740751 -0.816311
vt 1.676960 0.753994
vt 0.440895 -0.246006
vt 1.676960 -0.246006
vt 0.440895 0.753994
vt 1.676962 -0.246006
vt 1.676962 0.753994
vt 3.042077 -0.985752
vt 0.451695 -0.086141
vt 2.891207 -0.954397
vt 0.440895 0.753994
vt 1.676963 -0.246006
vt 1.676963 0.753994
vt 0.440895 0.753994
vt 1.676966 -0.246006
vt 1.676966 0.753994
vt 0.440895 0.753994
vt 1.676969 -0.246006
vt 1.676969 0.753994
vt 6.000000 -0.000000
vt 5.000001 -1.000000
vt 6.000000 -1.000000
vt 0.440895 0.753994
vt 1.676961 -0.246006
vt 1.676961 0.753994
vt 0.440895 0.753994
vt 1.676967 -0.246006
vt 1.676967 0.753994
vt 0.440895 0.753994
vt 1.676968 -0.246006
vt 1.676968 0.753994
vt 6.866632 0.167845
vt 6.962113 0.034020
vt 6.959041 0.166533
vt 10.549519 -7.972154
vt 10.617266 -8.098680
vt 10.562175 -8.057283
vt 0.440895 0.753994
vt 1.676967 -0.246006
vt 1.676967 0.753994
vt 0.440895 0.753994
vt 1.676970 -0.246006
vt 1.676970 0.753994
vt 1.676965 0.753994
vt 0.440895 -0.246006
vt 1.676965 -0.246006
vt 8.000000 -0.000000
vt 9.000000 -1.000000
vt 9.000000 -0.000000
vt 0.440895 0.753994
vt 1.676964 -0.246006
vt 1.676964 0.753994
vt 0.440895 0.753994
vt 1.676963 -0.246006
vt 1.676963 0.753994
vt 1.129082 0.753994
vt 0.804162 0.753994
vt 0.804168 -0.246006
vt 0.440895 0.753994
vt 1.676957 -0.246006
vt 1.676957 0.753994
vt 7.000001 -0.000000
vt 8.000001 -1.000000
vt 8.000001 -0.000000
vt 1.676963 0.753994
vt 0.440895 -0.246006
vt 1.676963 -0.246006
vt 0.440895 0.753994
vt 1.676966 -0.246006
vt 1.676966 0.753994
vt 10.617271 -8.098246
vt 10.549525 -7.971717
vt 10.562185 -8.056858
vt 1.129081 0.753994
vt 0.804162 0.753994
vt 0.804169 -0.246006
vt -1.000000 1.000000
vt 0.000000 -0.000000
vt 0.000000 1.000000
vt 0.440895 0.753994
vt 1.676965 -0.246006
vt 1.676965 0.753994
vt 0.440895 0.753994
vt 1.676961 -0.246006
vt 1.676961 0.753994
vt 1.676966 0.753994
vt 0.440895 -0.246006
vt 1.676966 -0.246006
vt 0.440895 0.753994
vt 1.676963 -0.246006
vt 1.676963 0.753994
vt 2.925654 -0.842914
vt 0.495663 -0.183687
vt 3.067917 -0.902134
vt 0.440895 0.753994
vt 1.676959 -0.246006
vt 1.676959 0.753994
vt 4.000000 1.000000
vt 5.000000 -0.000000
vt 5.000000 1.000000
vt -8.000000 1.000000
vt -7.000000 -0.000000
vt -7.000000 1.000000
vt 0.440895 0.753994
vt 1.676966 -0.246006
vt 1.676966 0.753994
vt 2.814857 -0.816311
vt 0.421553 -0.183691
vt 2.925654 -0.842914
vt 3.067917 -0.902134
vt 0.527848 -0.163101
vt 3.236407 -1.000000
vt 1.129085 -0.246006
vt 1.129083 0.753994
vt 0.541297 0.563010
vt 0.440895 0.753994
vt 1.676963 -0.246006
vt 1.676963 0.753994
vt 0.440895 0.753994
vt 1.676966 -0.246006
vt 1.676966 0.753994
vt 0.440895 0.753994
vt 1.676965 -0.246006
vt 1.676965 0.753994
vt 3.236407 -1.000000
vt 0.512885 -0.127948
vt 3.042077 -0.985752
vt 0.440895 0.753994
vt 1.676969 -0.246006
vt 1.676969 0.753994
vt 0.804164 -0.246006
vt 1.129083 -0.246006
vt 1.129087 0.753994
vt 0.440895 0.753994
vt 1.676965 -0.246006
vt 1.676965 0.753994
vt 0.440895 0.753994
vt 1.676965 -0.246006
vt 1.676965 0.753994
vt 2.784715 -0.913859
vt 0.194329 -0.014249
vt 2.723527 -0.872052
vt 2.891207 -0.954397
vt 0.345205 -0.045599
vt 2.784715 -0.913859
vt 1.000000 1.000000
vt 2.000000 -0.000000
vt 2.000000 1.000000
vt 1.676958 0.753994
vt 0.440895 -0.246006
vt 1.676958 -0.246006
vt 0.541302 0.563010
vt 0.440895 0.253994
vt 1.391953 -0.055024
vt 0.440895 0.753994
vt 1.676965 -0.246006
vt 1.676965 0.753994
vt 2.740751 -0.816311
vt 0.310755 -0.157087
vt 2.814857 -0.816311
vt 0.440895 0.753994
vt 1.676965 -0.246006
vt 1.676965 0.753994
vt -7.000000 1.000000
vt -6.000000 -0.000000
vt -6.000000 1.000000
vt -4.000000 -0.000000
vt -3.000000 -1.000000
vt -3.000000 -0.000000
vt 0.440895 0.753994
vt 1.676968 -0.246006
vt 1.676968 0.753994
vt 0.440895 0.753994
vt 0.440895 -0.246006
vt 1.676969 -0.246006
vt 0.440895 0.753994
vt 0.440895 -0.246006
vt 1.676962 -0.246006
vt 1.129082 -0.246006
vt 1.391947 -0.055024
vt 1.129089 0.753994
vt 1.391947 -0.055024
vt 1.492356 0.253992
vt 1.129089 0.753994
vt 1.492356 0.253992
vt 1.391953 0.563009
vt 1.129089 0.753994
vt 1.129089 0.753994
vt 0.804170 0.753994
vt 0.541298 -0.055018
vt 0.804170 0.753994
vt 0.541303 0.563015
vt 0.541298 -0.055018
vt 0.541303 0.563015
vt 0.440895 0.253999
vt 0.541298 -0.055018
vt 0.541298 -0.055018
vt 0.804163 -0.246006
vt 1.129089 0.753994
vt 0.440895 0.753994
vt 0.440895 -0.246006
vt 1.676962 -0.246006
vt 0.440895 0.753994
vt 0.440895 -0.246006
vt 1.676960 -0.246006
vt 0.440895 0.753994
vt 0.440895 -0.246006
vt 1.676959 -0.246006
vt 1.676961 0.753994
vt 0.440895 0.753994
vt 0.440895 -0.246006
vt 0.440895 0.753994
vt 0.440895 -0.246006
vt 1.676963 -0.246006
vt 1.676961 0.753994
vt 0.440895 0.753994
vt 0.440895 -0.246006
vt 0.440895 0.753994
vt 0.440895 -0.246006
vt 1.676962 -0.246006
vt 0.440895 0.753994
vt 0.440895 -0.246006
vt 1.676961 -0.246006
vt 0.440895 0.753994
vt 0.440895 -0.246006
vt 1.676969 -0.246006
vt 0.440895 0.753994
vt 0.440895 -0.246006
vt 1.676965 -0.246006
vt 2.723527 -0.872052
vt 0.194329 -0.014249
vt 0.000000 -0.000000
vt 0.440895 0.753994
vt 0.440895 -0.246006
vt 1.676962 -0.246006
vt 0.440895 0.753994
vt 0.440895 -0.246006
vt 1.676960 -0.246006
vt 0.440895 0.753994
vt 0.440895 -0.246006
vt 1.676970 -0.246006
vt -5.000000 1.000000
vt -5.000001 -0.000000
vt -4.000001 -0.000000
vt 0.440895 0.753994
vt 0.440895 -0.246006
vt 1.676966 -0.246006
vt 0.440895 0.753994
vt 0.440895 -0.246006
vt 1.676958 -0.246006
vt 0.440895 0.753994
vt 0.440895 -0.246006
vt 1.676960 -0.246006
vt 2.708563 -0.836900
vt 0.000000 -0.000000
vt 0.168494 -0.097861
vt 1.676960 0.753994
vt 0.440895 0.753994
vt 0.440895 -0.246006
vt 0.440895 0.753994
vt 0.440895 -0.246006
vt 1.676962 -0.246006
vt 3.042077 -0.985752
vt 0.512885 -0.127948
vt 0.451695 -0.086141
vt 0.440895 0.753994
vt 0.440895 -0.246006
vt 1.676963 -0.246006
vt 0.440895 0.753994
vt 0.440895 -0.246006
vt 1.676966 -0.246006
vt 0.440895 0.753994
vt 0.440895 -0.246006
vt 1.676969 -0.246006
vt 6.000000 -0.000000
vt 5.000000 -0.000000
vt 5.000001 -1.000000
vt 0.440895 0.753994
vt 0.440895 -0.246006
vt 1.676961 -0.246006
vt 0.440895 0.753994
vt 0.440895 -0.246006
vt 1.676967 -0.246006
vt 0.440895 0.753994
vt 0.440895 -0.246006
vt 1.676968 -0.246006
vt 6.866632 0.167845
vt 6.869707 0.035332
vt 6.962113 0.034020
vt 10.549519 -7.972154
vt 10.604608 -8.013548
vt 10.617266 -8.098680
vt 0.440895 0.753994
vt 0.440895 -0.246006
vt 1.676967 -0.246006
vt 0.440895 0.753994
vt 0.440895 -0.246006
vt 1.676970 -0.246006
vt 1.676965 0.753994
vt 0.440895 0.753994
vt 0.440895 -0.246006
vt 8.000000 -0.000000
vt 8.000000 -1.000000
vt 9.000000 -1.000000
vt 0.440895 0.753994
vt 0.440895 -0.246006
vt 1.676964 -0.246006
vt 0.440895 0.753994
vt 0.440895 -0.246006
vt 1.676963 -0.246006
vt 0.804162 0.753994
vt 0.541300 0.563008
vt 0.804168 -0.246006
vt 0.541300 0.563008
vt 0.440895 0.253991
vt 0.804168 -0.246006
vt 0.440895 0.253991
vt 0.541302 -0.055025
vt 0.804168 -0.246006
vt 0.804168 -0.246006
vt 1.129086 -0.246006
vt 1.391948 0.563012
vt 1.129086 -0.246006
vt 1.391952 -0.055021
vt 1.391948 0.563012
vt 1.391952 -0.055021
vt 1.492356 0.253996
vt 1.391948 0.563012
vt 1.391948 0.563012
vt 1.129082 0.753994
vt 0.804168 -0.246006
vt 0.440895 0.753994
vt 0.440895 -0.246006
vt 1.676957 -0.246006
vt 7.000001 -0.000000
vt 7.000001 -1.000000
vt 8.000001 -1.000000
vt 1.676963 0.753994
vt 0.440895 0.753994
vt 0.440895 -0.246006
vt 0.440895 0.753994
vt 0.440895 -0.246006
vt 1.676966 -0.246006
vt 10.617271 -8.098246
vt 10.604615 -8.013110
vt 10.549525 -7.971717
vt 0.804162 0.753994
vt 0.541299 0.563008
vt 0.804169 -0.246006
vt 0.541299 0.563008
vt 0.440895 0.253990
vt 0.804169 -0.246006
vt 0.440895 0.253990
vt 0.541302 -0.055026
vt 0.804169 -0.246006
vt 0.804169 -0.246006
vt 1.129087 -0.246006
vt 1.391948 0.563013
vt 1.129087 -0.246006
vt 1.391951 -0.055020
vt 1.391948 0.563013
vt 1.391951 -0.055020
vt 1.492356 0.253997
vt 1.391948 0.563013
vt 1.391948 0.563013
vt 1.129081 0.753994
vt 0.804169 -0.246006
vt -1.000000 1.000000
vt -1.000000 -0.000000
vt 0.000000 -0.000000
vt 0.440895 0.753994
vt 0.440895 -0.246006
vt 1.676965 -0.246006
vt 0.440895 0.753994
vt 0.440895 -0.246006
vt 1.676961 -0.246006
vt 1.676966 0.753994
vt 0.440895 0.753994
vt 0.440895 -0.246006
vt 0.440895 0.753994
vt 0.440895 -0.246006
vt 1.676963 -0.246006
vt 2.925654 -0.842914
vt 0.421553 -0.183691
vt 0.495663 -0.183687
vt 0.440895 0.753994
vt 0.440895 -0.246006
vt 1.676959 -0.246006
vt 4.000000 1.000000
vt 3.999999 -0.000000
vt 5.000000 -0.000000
vt -8.000000 1.000000
vt -8.000000 -0.000000
vt -7.000000 -0.000000
vt 0.440895 0.753994
vt 0.440895 -0.246006
vt 1.676966 -0.246006
vt 2.814857 -0.816311
vt 0.310755 -0.157087
vt 0.421553 -0.183691
vt 3.067917 -0.902134
vt 0.495663 -0.183687
vt 0.527848 -0.163101
vt 0.541297 0.563010
vt 0.440895 0.253993
vt 1.129085 -0.246006
vt 0.440895 0.253993
vt 0.541299 -0.055024
vt 1.129085 -0.246006
vt 0.541299 -0.055024
vt 0.804165 -0.246006
vt 1.129085 -0.246006
vt 1.129085 -0.246006
vt 1.391948 -0.055022
vt 1.129083 0.753994
vt 1.391948 -0.055022
vt 1.492354 0.253995
vt 1.129083 0.753994
vt 1.492354 0.253995
vt 1.391948 0.563011
vt 1.129083 0.753994
vt 1.129083 0.753994
vt 0.804164 0.753994
vt 0.541297 0.563010
vt 0.440895 0.753994
vt 0.440895 -0.246006
vt 1.676963 -0.246006
vt 0.440895 0.753994
vt 0.440895 -0.246006
vt 1.676966 -0.246006
vt 0.440895 0.753994
vt 0.440895 -0.246006
vt 1.676965 -0.246006
vt 3.236407 -1.000000
vt 0.527848 -0.163101
vt 0.512885 -0.127948
vt 0.440895 0.753994
vt 0.440895 -0.246006
vt 1.676969 -0.246006
vt 1.129083 -0.246006
vt 1.391948 -0.055024
vt 1.129087 0.753994
vt 1.391948 -0.055024
vt 1.492356 0.253993
vt 1.129087 0.753994
vt 1.492356 0.253993
vt 1.391952 0.563010
vt 1.129087 0.753994
vt 1.129087 0.753994
vt 0.804169 0.753994
vt 0.541299 -0.055019
vt 0.804169 0.753994
vt 0.541303 0.563015
vt 0.541299 -0.055019
vt 0.541303 0.563015
vt 0.440895 0.253998
vt 0.541299 -0.055019
vt 0.541299 -0.055019
vt 0.804164 -0.246006
vt 1.129087 0.753994
vt 0.440895 0.753994
vt 0.440895 -0.246006
vt 1.676965 -0.246006
vt 0.440895 0.753994
vt 0.440895 -0.246006
vt 1.676965 -0.246006
vt 2.784715 -0.913859
vt 0.345205 -0.045599
vt 0.194329 -0.014249
vt 2.891207 -0.954397
vt 0.451695 -0.086141
vt 0.345205 -0.045599
vt 1.000000 1.000000
vt 1.000000 -0.000000
vt 2.000000 -0.000000
vt 1.676958 0.753994
vt 0.440895 0.753994
vt 0.440895 -0.246006
vt 0.440895 0.253994
vt 0.541303 -0.055022
vt 1.391953 -0.055024
vt 0.541303 -0.055022
vt 0.804168 -0.246006
vt 1.391953 -0.055024
vt 0.804168 -0.246006
vt 1.129087 -0.246006
vt 1.391953 -0.055024
vt 1.391953 -0.055024
vt 1.492355 0.253993
vt 0.804167 0.753994
vt 1.492355 0.253993
vt 1.391952 0.563010
vt 0.804167 0.753994
vt 1.391952 0.563010
vt 1.129087 0.753994
vt 0.804167 0.753994
vt 0.804167 0.753994
vt 0.541302 0.563010
vt 1.391953 -0.055024
vt 0.440895 0.753994
vt 0.440895 -0.246006
vt 1.676965 -0.246006
vt 2.740751 -0.816311
vt 0.168494 -0.097861
vt 0.310755 -0.157087
vt 0.440895 0.753994
vt 0.440895 -0.246006
vt 1.676965 -0.246006
vt -7.000000 1.000000
vt -7.000000 -0.000000
vt -6.000000 -0.000000
vt -4.000000 -0.000000
vt -4.000000 -1.000000
vt -3.000000 -1.000000
vt 0.440895 0.753994
vt 0.440895 -0.246006
vt 1.676968 -0.246006
vt 1.008822 -2.162560
vt -0.016819 5.178528
vt -0.016819 -2.162560
vt 1.008822 -4.162560
vt 1.008822 3.178528
vt -0.016819 3.178528
vt 5.250000 -0.166666
vt 7.583333 -0.500000
vt 7.583333 0.333333
vt 6.583333 -0.500000
vt 4.250000 -0.166667
vt 6.583333 0.333333
vt 0.330734 6.716774
vt -0.335932 4.330921
vt -0.335932 6.716774
vt 5.250000 -0.166666
vt 5.250000 -0.999999
vt 7.583333 -0.500000
vt 6.583333 -0.500000
vt 4.250000 -1.000000
vt 4.250000 -0.166667
vt 0.330734 6.716774
vt 0.330734 4.330921
vt -0.335932 4.330921
vt 3.587710 -0.000001
vt 1.459585 0.977273
vt 1.459584 -0.000000
vt 4.519537 -0.000000
vt 1.539482 0.977272
vt 4.892043 0.977272
vt -2.492019 0.977273
vt -0.363892 -0.000000
vt -0.363892 0.977273
vt 0.938111 0.977273
vt 1.709500 -0.000000
vt 1.709500 0.977273
vt 0.768538 -0.181818
vt 3.446014 -0.022727
vt -2.372165 -0.022727
vt 0.599522 0.977273
vt 0.599521 -0.000000
vt 3.579576 -0.000001
vt 0.879621 -0.000000
vt 1.651010 0.977273
vt 1.651010 -0.000000
vt 3.587710 -0.000001
vt 3.587711 0.977272
vt 1.459585 0.977273
vt 4.892043 0.977272
vt 4.892043 -0.000000
vt 4.519537 -0.000000
vt 4.519537 -0.000000
vt 1.539479 -0.000000
vt 1.539482 0.977272
vt -2.492019 0.977273
vt -2.492020 -0.000000
vt -0.363892 -0.000000
vt 0.938111 0.977273
vt 0.938111 -0.000000
vt 1.709500 -0.000000
vt 1.170452 -1.000000
vt 3.446014 -1.000000
vt 1.170452 -0.454545
vt 3.446014 -1.000000
vt 3.446014 -0.022727
vt 1.170452 -0.454545
vt -2.372165 -0.022727
vt -2.372165 -1.000000
vt -0.102275 -0.409091
vt -2.372165 -1.000000
vt -0.102275 -1.000000
vt -0.102275 -0.409091
vt 0.768538 -0.181818
vt 1.170452 -0.454545
vt 3.446014 -0.022727
vt -2.372165 -0.022727
vt -0.102275 -0.409091
vt 0.272056 -0.181818
vt 0.272056 -0.181818
vt 0.768538 -0.181818
vt -2.372165 -0.022727
vt 3.952081 -0.000001
vt 3.952083 0.977272
vt 3.579576 -0.000001
vt 3.952083 0.977272
vt 0.599522 0.977273
vt 3.579576 -0.000001
vt 0.879621 -0.000000
vt 0.879621 0.977273
vt 1.651010 0.977273
vt 0.000000 -1.000000
vt 1.000000 -2.000000
vt 1.000000 -1.000000
vt 0.071028 0.454546
vt 0.798301 0.454545
vt 2.798301 1.000000
vt 0.000000 -2.000000
vt 1.000000 -1.000000
vt 1.000000 -2.000000
vt 0.000000 -1.000000
vt 0.000000 -2.000000
vt 1.000000 -2.000000
vt -1.928972 1.000000
vt -1.928972 0.000000
vt 0.071028 0.454546
vt -1.928972 0.000000
vt 0.071028 0.000000
vt 0.071028 0.454546
vt 0.798301 -0.000000
vt 2.798301 -0.000000
vt 0.798301 0.454545
vt 2.798301 -0.000000
vt 2.798301 1.000000
vt 0.798301 0.454545
vt -1.928972 1.000000
vt 0.071028 0.454546
vt 2.798301 1.000000
vt 0.000000 -2.000000
vt 0.000000 -1.000000
vt 1.000000 -1.000000
vn 0.9239 0.0000 0.3827
vn 1.0000 0.0000 0.0000
vn 0.7071 0.0000 0.7071
vn 0.3827 0.0000 0.9239
vn -0.0000 0.0000 1.0000
vn -0.3827 0.0000 0.9239
vn -0.7071 0.0000 0.7071
vn -0.9239 0.0000 0.3827
vn -1.0000 0.0000 0.0000
vn -0.9239 0.0000 -0.3827
vn -0.7071 0.0000 -0.7071
vn -0.3827 0.0000 -0.9239
vn -0.0000 0.0000 -1.0000
vn 0.3827 0.0000 -0.9239
vn 0.7071 0.0000 -0.7071
vn 0.9239 0.0000 -0.3827
vn 0.0000 1.0000 0.0000
vn 0.0000 0.9883 -0.1527
vn 0.2297 0.9732 -0.0000
vn 0.1753 0.9688 -0.1753
vn 0.2298 0.9732 -0.0000
vn 0.0603 0.9964 -0.0603
vn -0.0000 0.9733 -0.2297
vn 0.0774 0.9928 0.0912
vn -0.1077 0.9883 -0.1077
vn -0.1081 0.9883 -0.1080
vn -0.0678 0.9954 -0.0676
vn 0.0002 0.9873 -0.1588
vn 0.0000 0.9871 -0.1602
vn 0.1222 0.9925 0.0000
vn 0.0059 0.9998 0.0183
vn -0.0157 0.9998 -0.0158
vn -0.0000 0.9924 0.1231
vn -0.0000 0.9871 -0.1601
vn 0.0004 0.9874 -0.1580
vn 0.0001 0.9872 -0.1594
vn 0.0948 0.0000 -0.9955
vn 0.9487 -0.0000 0.3162
vn 0.8000 0.0000 0.6000
vn 0.9487 0.0000 -0.3162
vn 0.8000 0.0000 -0.6000
vn -0.6709 0.0000 -0.7415
vn 0.0014 0.0030 -1.0000
vn 0.0099 0.0219 -0.9997
vn 0.0072 0.0159 -0.9998
vn -0.0000 -0.8944 0.4472
vn -0.0000 -0.8944 -0.4472
vn 0.0000 -0.3122 0.9500
vn -0.0000 -1.0000 0.0000
vn 0.0000 -0.5932 0.8051
vn -0.0000 -0.3377 -0.9413
vn -0.0000 -0.6357 -0.7719
vn 0.8090 0.0000 -0.5878
vn 0.3090 0.0000 -0.9511
vn -0.8090 0.0000 0.5878
vn -0.3090 0.0000 0.9511
vn -0.3090 0.0000 -0.9511
vn 0.3090 0.0000 0.9511
vn 0.8090 0.0000 0.5878
vn -0.8090 0.0000 -0.5878
vn 0.0405 0.0964 0.9945
vn 0.9987 0.0263 -0.0432
vn 0.9987 0.0262 -0.0432
vn -0.9987 -0.0262 0.0432
vn 0.0404 0.0964 0.9945
vn -0.9987 -0.0263 0.0432
vn -0.2095 0.9778 0.0000
vn 0.2095 -0.9778 -0.0000
vn 0.0650 0.0000 0.9979
vn 0.3417 0.0000 0.9398
vn -0.2169 -0.0000 -0.9762
vn -0.4812 -0.0000 -0.8766
vn 0.3417 0.0000 -0.9398
vn -0.4812 -0.0000 0.8766
vn -0.2169 -0.0000 0.9762
vc 1.0000 1.0000 1.0000 1.0000
vc 0.7216 0.7216 0.7216 1.0000
vc 0.0000 0.0000 0.0000 1.0000
vc 0.0549 0.0549 0.0549 1.0000
g Phys__materials/underwatergrass.vmat#SFX_1
usemtl materials/underwatergrass.vmat
f 21/13/3 23/14/4 22/15/4
fc 2 2 2
f 20/16/5 24/17/3 21/18/3
fc 2 2 2
f 19/19/6 25/20/5 20/21/5
fc 2 2 2
f 18/22/7 26/23/6 19/24/6
fc 2 2 2
f 17/25/8 27/26/7 18/27/7
fc 2 2 2
f 16/28/9 28/29/8 17/30/8
fc 2 2 2
f 15/31/10 29/32/9 16/33/9
fc 2 2 2
f 14/34/11 30/35/10 15/36/10
fc 2 2 2
f 13/37/12 31/38/11 14/39/11
fc 2 2 2
f 12/40/13 32/41/12 13/42/12
fc 2 2 2
f 11/43/14 33/44/13 12/45/13
fc 2 2 2
f 10/46/15 34/47/14 11/48/14
fc 2 2 2
f 9/49/16 35/50/15 10/51/15
fc 2 2 2
f 8/52/17 36/53/16 9/54/16
fc 2 2 2
f 7/55/18 37/56/17 8/57/17
fc 2 2 2
f 22/58/4 38/59/18 7/60/18
fc 2 2 2
f 53/61/3 55/62/4 54/63/4
fc 2 2 2
f 52/64/5 56/65/3 53/66/3
fc 2 2 2
f 51/67/6 57/68/5 52/69/5
fc 2 2 2
f 50/70/7 58/71/6 51/72/6
fc 2 2 2
f 49/73/8 59/74/7 50/75/7
fc 2 2 2
f 48/76/9 60/77/8 49/78/8
fc 2 2 2
f 47/79/10 61/80/9 48/81/9
fc 2 2 2
f 46/82/11 62/83/10 47/84/10
fc 2 2 2
f 45/85/12 63/86/11 46/87/11
fc 2 2 2
f 44/88/13 64/89/12 45/90/12
fc 2 2 2
f 43/91/14 65/92/13 44/93/13
fc 2 2 2
f 42/94/15 66/95/14 43/96/14
fc 2 2 2
f 41/97/16 67/98/15 42/99/15
fc 2 2 2
f 40/100/17 68/101/16 41/102/16
fc 2 2 2
f 39/103/18 69/104/17 40/105/17
fc 2 2 2
f 54/106/4 70/107/18 39/108/18
fc 2 2 2
f 85/109/3 87/110/4 86/111/4
fc 2 2 2
f 84/112/5 88/113/3 85/114/3
fc 2 2 2
f 83/115/6 89/116/5 84/117/5
fc 2 2 2
f 82/118/7 90/119/6 83/120/6
fc 2 2 2
f 81/121/8 91/122/7 82/123/7
fc 2 2 2
f 80/124/9 92/125/8 81/126/8
fc 2 2 2
f 79/127/10 93/128/9 80/129/9
fc 2 2 2
f 78/130/11 94/131/10 79/132/10
fc 2 2 2
f 77/133/12 95/134/11 78/135/11
fc 2 2 2
f 76/136/13 96/137/12 77/138/12
fc 2 2 2
f 75/139/14 97/140/13 76/141/13
fc 2 2 2
f 74/142/15 98/143/14 75/144/14
fc 2 2 2
f 73/145/16 99/146/15 74/147/15
fc 2 2 2
f 72/148/17 100/149/16 73/150/16
fc 2 2 2
f 71/151/18 101/152/17 72/153/17
fc 2 2 2
f 86/154/4 102/155/18 71/156/18
fc 2 2 2
f 117/157/3 119/158/4 118/159/4
fc 2 2 2
f 116/160/5 120/161/3 117/162/3
fc 2 2 2
f 115/163/6 121/164/5 116/165/5
fc 2 2 2
f 114/166/7 122/167/6 115/168/6
fc 2 2 2
f 113/169/8 123/170/7 114/171/7
fc 2 2 2
f 112/172/9 124/173/8 113/174/8
fc 2 2 2
f 111/175/10 125/176/9 112/177/9
fc 2 2 2
f 110/178/11 126/179/10 111/180/10
fc 2 2 2
f 109/181/12 127/182/11 110/183/11
fc 2 2 2
f 108/184/13 128/185/12 109/186/12
fc 2 2 2
f 107/187/14 129/188/13 108/189/13
fc 2 2 2
f 106/190/15 130/191/14 107/192/14
fc 2 2 2
f 105/193/16 131/194/15 106/195/15
fc 2 2 2
f 104/196/17 132/197/16 105/198/16
fc 2 2 2
f 103/199/18 133/200/17 104/201/17
fc 2 2 2
f 118/202/4 134/203/18 103/204/18
fc 2 2 2
f 163/205/11 166/206/11 167/207/11
fc 2 2 2
f 170/208/19 168/209/19 164/210/19
fc 2 2 2
f 237/211/20 439/212/21 296/213/22
fc 2 2 2
f 296/214/22 351/215/23 399/216/24
fc 2 2 2
f 151/217/19 379/218/19 401/219/19
fc 2 2 2
f 21/220/3 24/221/3 23/222/4
fc 2 2 2
f 20/223/5 25/224/5 24/225/3
fc 2 2 2
f 19/226/6 26/227/6 25/228/5
fc 2 2 2
f 18/229/7 27/230/7 26/231/6
fc 2 2 2
f 17/232/8 28/233/8 27/234/7
fc 2 2 2
f 16/235/9 29/236/9 28/237/8
fc 2 2 2
f 15/238/10 30/239/10 29/240/9
fc 2 2 2
f 14/241/11 31/242/11 30/243/10
fc 2 2 2
f 13/244/12 32/245/12 31/246/11
fc 2 2 2
f 12/247/13 33/248/13 32/249/12
fc 2 2 2
f 11/250/14 34/251/14 33/252/13
fc 2 2 2
f 10/253/15 35/254/15 34/255/14
fc 2 2 2
f 9/256/16 36/257/16 35/258/15
fc 2 2 2
f 8/259/17 37/260/17 36/261/16
fc 2 2 2
f 7/262/18 38/263/18 37/264/17
fc 2 2 2
f 22/265/4 23/266/4 38/267/18
fc 2 2 2
f 53/268/3 56/269/3 55/270/4
fc 2 2 2
f 52/271/5 57/272/5 56/273/3
fc 2 2 2
f 51/274/6 58/275/6 57/276/5
fc 2 2 2
f 50/277/7 59/278/7 58/279/6
fc 2 2 2
f 49/280/8 60/281/8 59/282/7
fc 2 2 2
f 48/283/9 61/284/9 60/285/8
fc 2 2 2
f 47/286/10 62/287/10 61/288/9
fc 2 2 2
f 46/289/11 63/290/11 62/291/10
fc 2 2 2
f 45/292/12 64/293/12 63/294/11
fc 2 2 2
f 44/295/13 65/296/13 64/297/12
fc 2 2 2
f 43/298/14 66/299/14 65/300/13
fc 2 2 2
f 42/301/15 67/302/15 66/303/14
fc 2 2 2
f 41/304/16 68/305/16 67/306/15
fc 2 2 2
f 40/307/17 69/308/17 68/309/16
fc 2 2 2
f 39/310/18 70/311/18 69/312/17
fc 2 2 2
f 54/313/4 55/314/4 70/315/18
fc 2 2 2
f 85/316/3 88/317/3 87/318/4
fc 2 2 2
f 84/319/5 89/320/5 88/321/3
fc 2 2 2
f 83/322/6 90/323/6 89/324/5
fc 2 2 2
f 82/325/7 91/326/7 90/327/6
fc 2 2 2
f 81/328/8 92/329/8 91/330/7
fc 2 2 2
f 80/331/9 93/332/9 92/333/8
fc 2 2 2
f 79/334/10 94/335/10 93/336/9
fc 2 2 2
f 78/337/11 95/338/11 94/339/10
fc 2 2 2
f 77/340/12 96/341/12 95/342/11
fc 2 2 2
f 76/343/13 97/344/13 96/345/12
fc 2 2 2
f 75/346/14 98/347/14 97/348/13
fc 2 2 2
f 74/349/15 99/350/15 98/351/14
fc 2 2 2
f 73/352/16 100/353/16 99/354/15
fc 2 2 2
f 72/355/17 101/356/17 100/357/16
fc 2 2 2
f 71/358/18 102/359/18 101/360/17
fc 2 2 2
f 86/361/4 87/362/4 102/363/18
fc 2 2 2
f 117/364/3 120/365/3 119/366/4
fc 2 2 2
f 116/367/5 121/368/5 120/369/3
fc 2 2 2
f 115/370/6 122/371/6 121/372/5
fc 2 2 2
f 114/373/7 123/374/7 122/375/6
fc 2 2 2
f 113/376/8 124/377/8 123/378/7
fc 2 2 2
f 112/379/9 125/380/9 124/381/8
fc 2 2 2
f 111/382/10 126/383/10 125/384/9
fc 2 2 2
f 110/385/11 127/386/11 126/387/10
fc 2 2 2
f 109/388/12 128/389/12 127/390/11
fc 2 2 2
f 108/391/13 129/392/13 128/393/12
fc 2 2 2
f 107/394/14 130/395/14 129/396/13
fc 2 2 2
f 106/397/15 131/398/15 130/399/14
fc 2 2 2
f 105/400/16 132/401/16 131/402/15
fc 2 2 2
f 104/403/17 133/404/17 132/405/16
fc 2 2 2
f 103/406/18 134/407/18 133/408/17
fc 2 2 2
f 118/409/4 119/410/4 134/411/18
fc 2 2 2
f 163/412/11 162/413/11 166/414/11
fc 2 2 2
f 165/415/19 153/416/19 170/417/19
fc 2 2 2
f 153/418/19 156/419/19 170/420/19
fc 2 2 2
f 162/421/19 163/422/19 168/423/19
fc 2 2 2
f 163/424/19 164/425/19 168/426/19
fc 2 2 2
f 165/427/19 170/428/19 164/429/19
fc 2 2 2
f 237/430/20 441/431/19 439/432/21
fc 2 2 2
f 399/433/24 223/434/25 296/435/22
fc 2 2 2
f 223/436/25 237/437/20 296/438/22
fc 2 2 2
f 296/439/22 439/440/21 351/441/23
fc 2 2 2
f 273/442/19 441/443/19 237/444/20
fc 2 2 2
f 273/445/19 237/446/20 151/447/19
fc 2 2 2
f 167/448/19 417/449/19 401/450/19
fc 2 2 2
f 401/451/19 273/452/19 151/453/19
fc 2 2 2
f 379/454/19 167/455/19 401/456/19
fc 2 2 2
g Phys__materials/courtyardgrass.vmat#SFX_8
usemtl materials/courtyardgrass.vmat
f 14/457/19 18/458/19 22/459/19
fc 2 2 2
f 46/460/19 50/461/19 54/462/19
fc 2 2 2
f 78/463/19 82/464/19 86/465/19
fc 2 2 2
f 110/466/19 114/467/19 118/468/19
fc 2 2 2
f 330/469/19 258/470/19 222/471/26
fc 2 2 2
f 414/472/27 335/473/28 234/474/29
fc 2 2 2
f 335/475/28 420/476/30 234/477/29
fc 2 2 2
f 154/478/31 414/479/27 232/480/31
fc 2 2 2
f 222/481/26 224/482/32 276/483/32
fc 2 2 2
f 399/484/24 316/485/33 172/486/34
fc 2 2 2
f 196/487/35 222/488/26 236/489/35
fc 2 2 2
f 337/490/19 232/491/36 234/492/29
fc 2 2 2
f 22/493/19 7/494/19 8/495/19
fc 2 2 2
f 8/496/19 9/497/19 10/498/19
fc 2 2 2
f 10/499/19 11/500/19 12/501/19
fc 2 2 2
f 12/502/19 13/503/19 14/504/19
fc 2 2 2
f 14/505/19 15/506/19 16/507/19
fc 2 2 2
f 16/508/19 17/509/19 14/510/19
fc 2 2 2
f 17/511/19 18/512/19 14/513/19
fc 2 2 2
f 18/514/19 19/515/19 22/516/19
fc 2 2 2
f 19/517/19 20/518/19 22/519/19
fc 2 2 2
f 20/520/19 21/521/19 22/522/19
fc 2 2 2
f 22/523/19 8/524/19 10/525/19
fc 2 2 2
f 10/526/19 12/527/19 22/528/19
fc 2 2 2
f 12/529/19 14/530/19 22/531/19
fc 2 2 2
f 54/532/19 39/533/19 42/534/19
fc 2 2 2
f 39/535/19 40/536/19 42/537/19
fc 2 2 2
f 40/538/19 41/539/19 42/540/19
fc 2 2 2
f 42/541/19 43/542/19 44/543/19
fc 2 2 2
f 44/544/19 45/545/19 42/546/19
fc 2 2 2
f 45/547/19 46/548/19 42/549/19
fc 2 2 2
f 46/550/19 47/551/19 50/552/19
fc 2 2 2
f 47/553/19 48/554/19 50/555/19
fc 2 2 2
f 48/556/19 49/557/19 50/558/19
fc 2 2 2
f 50/559/19 51/560/19 52/561/19
fc 2 2 2
f 52/562/19 53/563/19 50/564/19
fc 2 2 2
f 53/565/19 54/566/19 50/567/19
fc 2 2 2
f 54/568/19 42/569/19 46/570/19
fc 2 2 2
f 86/571/19 71/572/19 72/573/19
fc 2 2 2
f 72/574/19 73/575/19 74/576/19
fc 2 2 2
f 74/577/19 75/578/19 76/579/19
fc 2 2 2
f 76/580/19 77/581/19 78/582/19
fc 2 2 2
f 78/583/19 79/584/19 80/585/19
fc 2 2 2
f 80/586/19 81/587/19 78/588/19
fc 2 2 2
f 81/589/19 82/590/19 78/591/19
fc 2 2 2
f 82/592/19 83/593/19 86/594/19
fc 2 2 2
f 83/595/19 84/596/19 86/597/19
fc 2 2 2
f 84/598/19 85/599/19 86/600/19
fc 2 2 2
f 86/601/19 72/602/19 78/603/19
fc 2 2 2
f 72/604/19 74/605/19 78/606/19
fc 2 2 2
f 74/607/19 76/608/19 78/609/19
fc 2 2 2
f 118/610/19 103/611/19 106/612/19
fc 2 2 2
f 103/613/19 104/614/19 106/615/19
fc 2 2 2
f 104/616/19 105/617/19 106/618/19
fc 2 2 2
f 106/619/19 107/620/19 108/621/19
fc 2 2 2
f 108/622/19 109/623/19 110/624/19
fc 2 2 2
f 110/625/19 111/626/19 112/627/19
fc 2 2 2
f 112/628/19 113/629/19 110/630/19
fc 2 2 2
f 113/631/19 114/632/19 110/633/19
fc 2 2 2
f 114/634/19 115/635/19 116/636/19
fc 2 2 2
f 116/637/19 117/638/19 114/639/19
fc 2 2 2
f 117/640/19 118/641/19 114/642/19
fc 2 2 2
f 106/643/19 108/644/19 118/645/19
fc 2 2 2
f 108/646/19 110/647/19 118/648/19
fc 2 2 2
f 222/649/26 276/650/32 330/651/19
fc 2 2 2
f 276/652/32 320/653/19 330/654/19
fc 2 2 2
f 320/655/19 280/656/19 330/657/19
fc 2 2 2
f 330/658/19 185/659/19 258/660/19
fc 2 2 2
f 185/661/19 187/662/19 258/663/19
fc 2 2 2
f 258/664/19 236/665/35 222/666/26
fc 2 2 2
f 414/667/27 172/668/34 335/669/28
fc 2 2 2
f 335/670/28 251/671/37 420/672/30
fc 2 2 2
f 154/673/31 172/674/34 414/675/27
fc 2 2 2
f 222/676/26 316/677/33 224/678/32
fc 2 2 2
f 399/679/24 351/680/23 224/681/32
fc 2 2 2
f 316/682/33 196/683/35 251/684/38
fc 2 2 2
f 399/685/24 224/686/32 316/687/33
fc 2 2 2
f 154/688/31 223/689/25 399/690/24
fc 2 2 2
f 251/691/38 335/692/28 172/693/34
fc 2 2 2
f 172/694/34 154/695/31 399/696/24
fc 2 2 2
f 316/697/33 251/698/38 172/699/34
fc 2 2 2
f 196/700/35 316/701/33 222/702/26
fc 2 2 2
f 337/703/19 148/704/19 232/705/36
fc 2 2 2
f 232/706/36 414/707/27 234/708/29
fc 2 2 2
f 234/709/29 420/710/30 221/711/19
fc 2 2 2
f 420/712/30 226/713/19 221/714/19
fc 2 2 2
f 221/715/19 337/716/19 234/717/29
fc 2 2 2
g Phys__materials/courtyardwalls.vmat#SFX_2
usemtl materials/courtyardwalls.vmat
f 157/718/4 140/719/4 141/720/4
fc 2 2 2
f 156/721/4 142/722/4 158/723/4
fc 2 2 2
f 166/724/7 177/725/7 176/726/7
fc 2 2 2
f 178/727/4 180/728/4 177/729/4
fc 2 2 2
f 179/730/15 141/731/15 180/732/15
fc 2 2 2
f 186/733/4 185/734/4 188/735/4
fc 3 2 3
f 434/736/4 419/737/4 192/738/4
fc 3 2 2
f 330/739/7 188/740/7 185/741/7
fc 2 3 2
f 183/742/15 187/743/15 186/744/15
fc 3 2 3
f 383/745/4 183/746/4 184/747/4
fc 2 3 3
f 424/748/7 276/749/7 224/750/7
fc 2 2 2
f 221/751/39 149/752/39 337/753/39
fc 2 2 2
f 391/754/11 154/755/11 295/756/11
fc 2 2 2
f 386/757/4 434/758/4 192/759/4
fc 3 3 2
f 321/760/40 406/761/41 238/762/41
fc 2 2 2
f 386/763/4 189/764/4 405/765/4
fc 3 2 2
f 236/766/4 258/767/4 183/768/4
fc 2 2 3
f 238/769/7 320/770/7 402/771/7
fc 2 2 2
f 223/772/11 154/773/11 391/774/11
fc 2 2 2
f 321/775/40 383/776/4 184/777/4
fc 2 2 3
f 270/778/11 295/779/11 294/780/11
fc 2 2 2
f 175/781/7 298/782/7 272/783/7
fc 2 2 2
f 405/784/4 226/785/42 420/786/4
fc 2 2 2
f 424/787/7 351/788/7 426/789/7
fc 2 2 2
f 272/790/7 298/791/7 426/792/7
fc 2 2 2
f 225/793/42 221/794/43 226/795/42
fc 2 2 2
f 279/796/11 326/797/11 223/798/11
fc 2 2 2
f 155/799/15 379/800/15 151/801/15
fc 2 2 2
f 175/802/7 273/803/7 152/804/7
fc 2 2 2
f 401/805/7 417/806/7 152/807/7
fc 2 2 2
f 237/808/15 155/809/15 151/810/15
fc 2 2 2
f 173/811/15 393/812/15 174/813/15
fc 2 2 2
f 174/814/11 182/815/11 173/816/11
fc 2 2 2
f 270/817/44 337/818/44 149/819/44
fc 2 2 2
f 143/820/7 394/821/7 140/822/7
fc 2 2 2
f 147/823/4 146/824/4 144/825/4
fc 2 2 2
f 141/826/4 145/827/4 150/828/4
fc 2 2 2
f 145/829/4 158/830/4 150/831/4
fc 2 2 2
f 147/832/4 144/833/4 140/834/4
fc 2 2 2
f 141/835/4 150/836/4 157/837/4
fc 2 2 2
f 157/838/4 147/839/4 140/840/4
fc 2 2 2
f 142/841/4 143/842/4 146/843/4
fc 2 2 2
f 143/844/4 153/845/4 146/846/4
fc 2 2 2
f 142/847/4 146/848/4 158/849/4
fc 2 2 2
f 153/850/4 144/851/4 146/852/4
fc 2 2 2
f 158/853/4 145/854/4 156/855/4
fc 2 2 2
f 166/856/7 178/857/7 177/858/7
fc 2 2 2
f 178/859/4 179/860/4 180/861/4
fc 2 2 2
f 179/862/15 142/863/15 141/864/15
fc 2 2 2
f 186/865/4 187/866/4 185/867/4
fc 3 2 2
f 434/868/4 196/869/4 236/870/4
fc 3 2 2
f 236/871/4 419/872/4 434/873/4
fc 2 2 3
f 419/874/4 191/875/4 192/876/4
fc 2 2 2
f 330/877/7 184/878/7 188/879/7
fc 2 3 3
f 183/880/15 258/881/15 187/882/15
fc 3 2 2
f 383/883/4 403/884/4 183/885/4
fc 2 2 3
f 424/886/7 435/887/7 276/888/7
fc 2 2 2
f 221/889/39 302/890/39 149/891/39
fc 2 2 2
f 154/892/11 232/893/11 295/894/11
fc 2 2 2
f 295/895/11 404/896/11 391/897/11
fc 2 2 2
f 404/898/11 287/899/11 391/900/11
fc 2 2 2
f 192/901/4 191/902/4 190/903/4
fc 2 2 2
f 190/904/4 189/905/4 192/906/4
fc 2 2 2
f 189/907/4 386/908/4 192/909/4
fc 2 3 2
f 280/910/40 406/911/41 321/912/40
fc 2 2 2
f 406/913/41 320/914/41 238/915/41
fc 2 2 2
f 189/916/4 190/917/4 405/918/4
fc 2 2 2
f 405/919/4 420/920/4 386/921/4
fc 2 2 3
f 420/922/4 251/923/4 386/924/4
fc 2 2 3
f 183/925/4 403/926/4 419/927/4
fc 3 2 2
f 419/928/4 236/929/4 183/930/4
fc 2 2 3
f 276/931/7 435/932/7 402/933/7
fc 2 2 2
f 435/934/7 238/935/7 402/936/7
fc 2 2 2
f 391/937/11 287/938/11 279/939/11
fc 2 2 2
f 287/940/11 281/941/11 279/942/11
fc 2 2 2
f 279/943/11 223/944/11 391/945/11
fc 2 2 2
f 184/946/4 330/947/4 280/948/40
fc 3 2 2
f 280/949/40 321/950/40 184/951/4
fc 2 2 3
f 148/952/11 270/953/11 294/954/11
fc 2 2 2
f 270/955/11 404/956/11 295/957/11
fc 2 2 2
f 295/958/11 232/959/11 294/960/11
fc 2 2 2
f 272/961/7 439/962/7 441/963/7
fc 2 2 2
f 441/964/7 175/965/7 272/966/7
fc 2 2 2
f 405/967/4 225/968/42 226/969/42
fc 2 2 2
f 424/970/7 224/971/7 351/972/7
fc 2 2 2
f 426/973/7 351/974/7 272/975/7
fc 2 2 2
f 351/976/7 439/977/7 272/978/7
fc 2 2 2
f 225/979/42 302/980/43 221/981/43
fc 2 2 2
f 279/982/11 281/983/11 326/984/11
fc 2 2 2
f 326/985/11 237/986/11 223/987/11
fc 2 2 2
f 155/988/15 393/989/15 379/990/15
fc 2 2 2
f 175/991/7 441/992/7 273/993/7
fc 2 2 2
f 176/994/7 152/995/7 417/996/7
fc 2 2 2
f 152/997/7 273/998/7 401/999/7
fc 2 2 2
f 237/1000/15 326/1001/15 155/1002/15
fc 2 2 2
f 173/1003/15 379/1004/15 393/1005/15
fc 2 2 2
f 174/1006/11 394/1007/11 182/1008/11
fc 2 2 2
f 270/1009/44 148/1010/44 337/1011/44
fc 2 2 2
f 143/1012/7 182/1013/7 394/1014/7
fc 2 2 2
g Phys__materials/frostyfloor.vmat#SFX_2
usemtl materials/frostyfloor.vmat
f 138/1015/4 135/1016/4 136/1017/4
fc 4 4 5
f 159/1018/45 137/1019/46 136/1020/47
fc 2 4 5
f 138/1021/7 139/1022/7 160/1023/7
fc 4 4 2
f 157/1024/48 138/1025/48 147/1026/48
fc 2 4 2
f 150/1027/49 135/1028/49 157/1029/49
fc 2 4 2
f 146/1030/19 160/1031/19 161/1032/19
fc 2 2 2
f 374/1033/50 384/1034/7 297/1035/7
fc 2 4 2
f 336/1036/4 347/1037/4 262/1038/4
fc 4 4 4
f 422/1039/51 347/1040/51 373/1041/51
fc 2 4 2
f 384/1042/19 443/1043/19 297/1044/19
fc 4 2 2
f 188/1045/51 183/1046/51 186/1047/51
fc 3 3 3
f 373/1048/52 336/1049/50 374/1050/50
fc 2 4 2
f 443/1051/15 262/1052/53 411/1053/53
fc 2 4 2
f 352/1054/54 411/1055/53 262/1056/53
fc 4 2 4
f 136/1057/4 137/1058/4 138/1059/4
fc 5 4 4
f 137/1060/4 139/1061/4 138/1062/4
fc 4 4 4
f 136/1063/47 150/1064/15 159/1065/45
fc 5 2 2
f 150/1066/15 158/1067/15 159/1068/45
fc 2 2 2
f 160/1069/7 146/1070/7 147/1071/7
fc 2 2 2
f 147/1072/7 138/1073/7 160/1074/7
fc 2 4 2
f 157/1075/48 135/1076/48 138/1077/48
fc 2 4 4
f 150/1078/49 136/1079/49 135/1080/49
fc 2 5 4
f 161/1081/19 159/1082/19 158/1083/19
fc 2 2 2
f 158/1084/19 146/1085/19 161/1086/19
fc 2 2 2
f 374/1087/50 336/1088/50 384/1089/7
fc 2 4 4
f 347/1090/4 352/1091/4 262/1092/4
fc 4 4 4
f 262/1093/4 348/1094/4 336/1095/4
fc 4 4 4
f 348/1096/4 384/1097/4 336/1098/4
fc 4 4 4
f 422/1099/51 352/1100/51 347/1101/51
fc 2 4 4
f 384/1102/19 348/1103/19 443/1104/19
fc 4 4 2
f 188/1105/51 184/1106/51 183/1107/51
fc 3 3 3
f 373/1108/52 347/1109/52 336/1110/50
fc 2 4 4
f 443/1111/15 348/1112/15 262/1113/53
fc 2 4 4
f 352/1114/54 422/1115/54 411/1116/53
fc 4 2 2
g Phys__materials/watergrass1.vmat#SFX_8
usemtl materials/watergrass1.vmat
f 443/1117/19 309/1118/19 310/1119/19
fc 2 2 2
f 412/1120/19 331/1121/19 332/1122/19
fc 2 2 2
f 376/1123/19 257/1124/19 366/1125/19
fc 2 2 2
f 195/1126/19 322/1127/19 332/1128/19
fc 2 2 2
f 341/1129/19 345/1130/19 235/1131/19
fc 2 2 2
f 235/1132/19 371/1133/19 338/1134/19
fc 2 2 2
f 371/1135/19 297/1136/19 338/1137/19
fc 2 2 2
f 443/1138/19 392/1139/19 309/1140/19
fc 2 2 2
f 392/1141/19 440/1142/19 309/1143/19
fc 2 2 2
f 338/1144/19 341/1145/19 235/1146/19
fc 2 2 2
f 322/1147/19 195/1148/19 307/1149/19
fc 2 2 2
f 310/1150/19 322/1151/19 307/1152/19
fc 2 2 2
f 307/1153/19 338/1154/19 297/1155/19
fc 2 2 2
f 440/1156/19 249/1157/19 438/1158/19
fc 2 2 2
f 440/1159/19 438/1160/19 309/1161/19
fc 2 2 2
f 307/1162/19 297/1163/19 443/1164/19
fc 2 2 2
f 310/1165/19 307/1166/19 443/1167/19
fc 2 2 2
f 332/1168/19 376/1169/19 195/1170/19
fc 2 2 2
f 376/1171/19 345/1172/19 341/1173/19
fc 2 2 2
f 376/1174/19 341/1175/19 195/1176/19
fc 2 2 2
f 438/1177/19 249/1178/19 332/1179/19
fc 2 2 2
f 322/1180/19 438/1181/19 332/1182/19
fc 2 2 2
g Phys__materials/cheapcarpet.vmat#SFX_6
usemtl materials/cheapcarpet.vmat
f 338/1183/19 195/1184/19 341/1185/19
fc 2 2 2
f 438/1186/19 310/1187/19 309/1188/19
fc 2 2 2
f 338/1189/19 307/1190/19 195/1191/19
fc 2 2 2
f 438/1192/19 322/1193/19 310/1194/19
fc 2 2 2
g Phys__materials/insidebanister.vmat#SFX_2#WALLPROPERTY_NO_LEDGE_GRAB
usemtl materials/insidebanister.vmat
f 286/1195/55 218/1196/56 299/1197/56
fc 2 2 2
f 342/1198/57 334/1199/58 193/1200/58
fc 2 2 2
f 325/1201/19 421/1202/19 355/1203/19
fc 2 2 2
f 246/1204/56 241/1205/59 288/1206/59
fc 2 2 2
f 359/1207/60 433/1208/61 325/1209/61
fc 2 2 2
f 275/1210/62 358/1211/11 361/1212/11
fc 2 2 2
f 291/1213/55 416/1214/4 323/1215/55
fc 2 2 2
f 201/1216/61 410/1217/4 194/1218/4
fc 2 2 2
f 342/1219/57 388/1220/11 231/1221/57
fc 2 2 2
f 349/1222/56 292/1223/59 199/1224/59
fc 2 2 2
f 361/1225/11 289/1226/57 396/1227/57
fc 2 2 2
f 291/1228/55 328/1229/56 300/1230/56
fc 2 2 2
f 421/1231/4 363/1232/55 219/1233/55
fc 2 2 2
f 395/1234/62 283/1235/11 260/1236/11
fc 2 2 2
f 199/1237/59 203/1238/62 263/1239/62
fc 2 2 2
f 193/1240/58 290/1241/60 344/1242/60
fc 2 2 2
f 219/1243/55 362/1244/56 313/1245/56
fc 2 2 2
f 227/1246/55 448/1247/56 266/1248/56
fc 2 2 2
f 311/1249/57 367/1250/58 429/1251/58
fc 2 2 2
f 274/1252/11 364/1253/57 209/1254/57
fc 2 2 2
f 248/1255/58 239/1256/60 205/1257/60
fc 2 2 2
f 260/1258/11 430/1259/57 308/1260/57
fc 2 2 2
f 304/1261/11 203/1262/62 388/1263/11
fc 2 2 2
f 429/1264/58 268/1265/60 359/1266/60
fc 2 2 2
f 253/1267/55 397/1268/56 254/1269/56
fc 2 2 2
f 325/1270/61 409/1271/4 421/1272/4
fc 2 2 2
f 243/1273/55 339/1274/56 246/1275/56
fc 2 2 2
f 288/1276/59 242/1277/62 427/1278/62
fc 2 2 2
f 197/1279/58 333/1280/57 413/1281/58
fc 2 2 2
f 205/1282/60 204/1283/61 247/1284/61
fc 2 2 2
f 353/1285/61 416/1286/4 340/1287/4
fc 2 2 2
f 312/1288/59 282/1289/62 355/1290/62
fc 2 2 2
f 423/1291/63 415/1292/63 228/1293/63
fc 2 2 2
f 220/1294/64 415/1295/64 181/1296/65
fc 2 2 2
f 301/1297/55 400/1298/56 349/1299/56
fc 2 2 2
f 247/1300/61 240/1301/4 250/1302/4
fc 2 2 2
f 208/1303/4 211/1304/61 207/1305/4
fc 2 2 2
f 446/1306/11 333/1307/57 264/1308/57
fc 2 2 2
f 437/1309/59 346/1310/62 275/1311/62
fc 2 2 2
f 208/1312/4 215/1313/55 286/1314/55
fc 2 2 2
f 353/1315/19 340/1316/19 275/1317/19
fc 2 2 2
f 214/1318/62 216/1319/11 274/1320/11
fc 2 2 2
f 198/1321/62 432/1322/11 446/1323/11
fc 2 2 2
f 278/1324/11 282/1325/62 382/1326/11
fc 2 2 2
f 209/1327/57 217/1328/58 206/1329/58
fc 2 2 2
f 230/1330/66 447/1331/66 375/1332/66
fc 2 2 2
f 212/1333/19 208/1334/19 214/1335/19
fc 2 2 2
f 266/1336/56 327/1337/59 431/1338/59
fc 2 2 2
f 300/1339/56 259/1340/59 437/1341/59
fc 2 2 2
f 313/1342/56 229/1343/59 312/1344/59
fc 2 2 2
f 408/1345/57 442/1346/11 244/1347/57
fc 2 2 2
f 343/1348/58 354/1349/60 387/1350/60
fc 2 2 2
f 305/1351/60 425/1352/61 233/1353/61
fc 2 2 2
f 427/1354/62 442/1355/11 245/1356/11
fc 2 2 2
f 431/1357/59 319/1358/62 198/1359/62
fc 2 2 2
f 385/1360/4 329/1361/55 227/1362/55
fc 2 2 2
f 210/1363/60 211/1364/61 212/1365/61
fc 2 2 2
f 317/1366/58 285/1367/60 305/1368/60
fc 2 2 2
f 233/1369/61 369/1370/4 418/1371/4
fc 2 2 2
f 427/1372/19 205/1373/19 250/1374/19
fc 2 2 2
f 206/1375/58 171/1376/60 210/1377/60
fc 2 2 2
f 194/1378/4 407/1379/55 301/1380/55
fc 2 2 2
f 344/1381/60 202/1382/61 201/1383/61
fc 2 2 2
f 418/1384/4 428/1385/55 253/1386/55
fc 2 2 2
f 213/1387/59 265/1388/62 214/1389/62
fc 2 2 2
f 356/1390/19 385/1391/19 198/1392/19
fc 2 2 2
f 408/1393/57 267/1394/58 248/1395/58
fc 2 2 2
f 396/1396/57 303/1397/58 343/1398/58
fc 2 2 2
f 398/1399/59 306/1400/62 395/1401/62
fc 2 2 2
f 254/1402/56 360/1403/59 398/1404/59
fc 2 2 2
f 197/1405/58 252/1406/60 314/1407/60
fc 2 2 2
f 311/1408/57 382/1409/11 357/1410/57
fc 2 2 2
f 201/1411/19 194/1412/19 263/1413/19
fc 2 2 2
f 299/1414/56 445/1415/59 213/1416/59
fc 2 2 2
f 308/1417/57 293/1418/58 317/1419/58
fc 2 2 2
f 250/1420/4 324/1421/55 243/1422/55
fc 2 2 2
f 356/1423/61 436/1424/4 385/1425/4
fc 2 2 2
f 314/1426/60 315/1427/61 356/1428/61
fc 2 2 2
f 387/1429/60 277/1430/61 353/1431/61
fc 2 2 2
f 286/1432/55 215/1433/55 218/1434/56
fc 2 2 2
f 342/1435/57 231/1436/57 334/1437/58
fc 2 2 2
f 421/1438/19 219/1439/19 355/1440/19
fc 2 2 2
f 219/1441/19 313/1442/19 355/1443/19
fc 2 2 2
f 313/1444/19 312/1445/19 355/1446/19
fc 2 2 2
f 355/1447/19 278/1448/19 359/1449/19
fc 2 2 2
f 278/1450/19 311/1451/19 359/1452/19
fc 2 2 2
f 311/1453/19 429/1454/19 359/1455/19
fc 2 2 2
f 359/1456/19 325/1457/19 355/1458/19
fc 2 2 2
f 246/1459/56 339/1460/56 241/1461/59
fc 2 2 2
f 359/1462/60 268/1463/60 433/1464/61
fc 2 2 2
f 275/1465/62 346/1466/62 358/1467/11
fc 2 2 2
f 291/1468/55 340/1469/4 416/1470/4
fc 2 2 2
f 201/1471/61 202/1472/61 410/1473/4
fc 2 2 2
f 342/1474/57 304/1475/11 388/1476/11
fc 2 2 2
f 349/1477/56 400/1478/56 292/1479/59
fc 2 2 2
f 361/1480/11 358/1481/11 289/1482/57
fc 2 2 2
f 291/1483/55 323/1484/55 328/1485/56
fc 2 2 2
f 421/1486/4 409/1487/4 363/1488/55
fc 2 2 2
f 395/1489/62 306/1490/62 283/1491/11
fc 2 2 2
f 199/1492/59 292/1493/59 203/1494/62
fc 2 2 2
f 193/1495/58 334/1496/58 290/1497/60
fc 2 2 2
f 219/1498/55 363/1499/55 362/1500/56
fc 2 2 2
f 227/1501/55 329/1502/55 448/1503/56
fc 2 2 2
f 311/1504/57 357/1505/57 367/1506/58
fc 2 2 2
f 274/1507/11 216/1508/11 364/1509/57
fc 2 2 2
f 248/1510/58 267/1511/58 239/1512/60
fc 2 2 2
f 260/1513/11 283/1514/11 430/1515/57
fc 2 2 2
f 304/1516/11 263/1517/62 203/1518/62
fc 2 2 2
f 429/1519/58 367/1520/58 268/1521/60
fc 2 2 2
f 253/1522/55 428/1523/55 397/1524/56
fc 2 2 2
f 325/1525/61 433/1526/61 409/1527/4
fc 2 2 2
f 243/1528/55 324/1529/55 339/1530/56
fc 2 2 2
f 288/1531/59 241/1532/59 242/1533/62
fc 2 2 2
f 197/1534/58 264/1535/57 333/1536/57
fc 2 2 2
f 205/1537/60 239/1538/60 204/1539/61
fc 2 2 2
f 353/1540/61 277/1541/61 416/1542/4
fc 2 2 2
f 312/1543/59 229/1544/59 282/1545/62
fc 2 2 2
f 423/1546/63 230/1547/67 415/1548/63
fc 2 2 2
f 220/1549/64 228/1550/64 415/1551/64
fc 2 2 2
f 301/1552/55 407/1553/55 400/1554/56
fc 2 2 2
f 247/1555/61 204/1556/61 240/1557/4
fc 2 2 2
f 208/1558/4 212/1559/61 211/1560/61
fc 2 2 2
f 446/1561/11 432/1562/11 333/1563/57
fc 2 2 2
f 437/1564/59 259/1565/59 346/1566/62
fc 2 2 2
f 208/1567/4 207/1568/4 215/1569/55
fc 2 2 2
f 340/1570/19 291/1571/19 275/1572/19
fc 2 2 2
f 291/1573/19 300/1574/19 275/1575/19
fc 2 2 2
f 300/1576/19 437/1577/19 275/1578/19
fc 2 2 2
f 275/1579/19 361/1580/19 387/1581/19
fc 2 2 2
f 361/1582/19 396/1583/19 387/1584/19
fc 2 2 2
f 396/1585/19 343/1586/19 387/1587/19
fc 2 2 2
f 387/1588/19 353/1589/19 275/1590/19
fc 2 2 2
f 214/1591/62 265/1592/62 216/1593/11
fc 2 2 2
f 198/1594/62 319/1595/62 432/1596/11
fc 2 2 2
f 278/1597/11 355/1598/62 282/1599/62
fc 2 2 2
f 209/1600/57 364/1601/57 217/1602/58
fc 2 2 2
f 230/1603/66 423/1604/68 447/1605/66
fc 2 2 2
f 208/1606/19 286/1607/19 214/1608/19
fc 2 2 2
f 286/1609/19 299/1610/19 214/1611/19
fc 2 2 2
f 299/1612/19 213/1613/19 214/1614/19
fc 2 2 2
f 214/1615/19 274/1616/19 210/1617/19
fc 2 2 2
f 274/1618/19 209/1619/19 210/1620/19
fc 2 2 2
f 209/1621/19 206/1622/19 210/1623/19
fc 2 2 2
f 210/1624/19 212/1625/19 214/1626/19
fc 2 2 2
f 266/1627/56 448/1628/56 327/1629/59
fc 2 2 2
f 300/1630/56 328/1631/56 259/1632/59
fc 2 2 2
f 313/1633/56 362/1634/56 229/1635/59
fc 2 2 2
f 408/1636/57 245/1637/11 442/1638/11
fc 2 2 2
f 343/1639/58 303/1640/58 354/1641/60
fc 2 2 2
f 305/1642/60 285/1643/60 425/1644/61
fc 2 2 2
f 427/1645/62 242/1646/62 442/1647/11
fc 2 2 2
f 431/1648/59 327/1649/59 319/1650/62
fc 2 2 2
f 385/1651/4 436/1652/4 329/1653/55
fc 2 2 2
f 210/1654/60 171/1655/60 211/1656/61
fc 2 2 2
f 317/1657/58 293/1658/58 285/1659/60
fc 2 2 2
f 233/1660/61 425/1661/61 369/1662/4
fc 2 2 2
f 250/1663/19 243/1664/19 427/1665/19
fc 2 2 2
f 243/1666/19 246/1667/19 427/1668/19
fc 2 2 2
f 246/1669/19 288/1670/19 427/1671/19
fc 2 2 2
f 427/1672/19 245/1673/19 205/1674/19
fc 2 2 2
f 245/1675/19 408/1676/19 205/1677/19
fc 2 2 2
f 408/1678/19 248/1679/19 205/1680/19
fc 2 2 2
f 205/1681/19 247/1682/19 250/1683/19
fc 2 2 2
f 206/1684/58 217/1685/58 171/1686/60
fc 2 2 2
f 194/1687/4 410/1688/4 407/1689/55
fc 2 2 2
f 344/1690/60 290/1691/60 202/1692/61
fc 2 2 2
f 418/1693/4 369/1694/4 428/1695/55
fc 2 2 2
f 213/1696/59 445/1697/59 265/1698/62
fc 2 2 2
f 385/1699/19 227/1700/19 198/1701/19
fc 2 2 2
f 227/1702/19 266/1703/19 198/1704/19
fc 2 2 2
f 266/1705/19 431/1706/19 198/1707/19
fc 2 2 2
f 198/1708/19 446/1709/19 314/1710/19
fc 2 2 2
f 446/1711/19 264/1712/19 314/1713/19
fc 2 2 2
f 264/1714/19 197/1715/19 314/1716/19
fc 2 2 2
f 314/1717/19 356/1718/19 198/1719/19
fc 2 2 2
f 408/1720/57 244/1721/57 267/1722/58
fc 2 2 2
f 396/1723/57 289/1724/57 303/1725/58
fc 2 2 2
f 398/1726/59 360/1727/59 306/1728/62
fc 2 2 2
f 254/1729/56 397/1730/56 360/1731/59
fc 2 2 2
f 197/1732/58 413/1733/58 252/1734/60
fc 2 2 2
f 311/1735/57 278/1736/11 382/1737/11
fc 2 2 2
f 194/1738/19 301/1739/19 263/1740/19
fc 2 2 2
f 301/1741/19 349/1742/19 263/1743/19
fc 2 2 2
f 349/1744/19 199/1745/19 263/1746/19
fc 2 2 2
f 263/1747/19 304/1748/19 344/1749/19
fc 2 2 2
f 304/1750/19 342/1751/19 344/1752/19
fc 2 2 2
f 342/1753/19 193/1754/19 344/1755/19
fc 2 2 2
f 344/1756/19 201/1757/19 263/1758/19
fc 2 2 2
f 299/1759/56 218/1760/56 445/1761/59
fc 2 2 2
f 308/1762/57 430/1763/57 293/1764/58
fc 2 2 2
f 250/1765/4 240/1766/4 324/1767/55
fc 2 2 2
f 356/1768/61 315/1769/61 436/1770/4
fc 2 2 2
f 314/1771/60 252/1772/60 315/1773/61
fc 2 2 2
f 387/1774/60 354/1775/60 277/1776/61
fc 2 2 2
g Phys__materials/courtyardstairs.vmat#SFX_2
usemtl materials/courtyardstairs.vmat
f 350/1777/69 390/1778/69 378/1779/69
fc 2 2 2
f 350/1780/69 284/1781/69 390/1782/69
fc 2 2 2
g Phys__materials/courtyardvariedwhitebricks.vmat#SFX_2
usemtl materials/courtyardvariedwhitebricks.vmat
f 169/1783/7 390/1784/7 269/1785/7
fc 3 2 3
f 284/1786/15 372/1787/15 377/1788/15
fc 2 3 3
f 377/1789/70 169/1790/70 269/1791/70
fc 3 3 3
f 169/1792/7 378/1793/7 390/1794/7
fc 3 2 2
f 284/1795/15 350/1796/15 372/1797/15
fc 2 2 3
f 377/1798/70 372/1799/70 169/1800/70
fc 3 3 3
g Phys__materials/hylialakewall.vmat#SFX_2
usemtl materials/hylialakewall.vmat
f 235/1801/71 318/1802/72 371/1803/72
fc 2 2 2
f 249/1804/73 381/1805/73 255/1806/74
fc 2 2 2
f 365/1807/75 392/1808/75 256/1809/75
fc 2 2 2
f 200/1810/76 366/1811/9 389/1812/9
fc 2 2 2
f 373/1813/4 318/1814/4 256/1815/4
fc 2 2 2
f 380/1816/71 235/1817/71 345/1818/77
fc 2 2 2
f 332/1819/74 370/1820/13 412/1821/13
fc 2 2 2
f 235/1822/71 380/1823/71 318/1824/72
fc 2 2 2
f 255/1825/74 332/1826/74 249/1827/73
fc 2 2 2
f 249/1828/73 440/1829/73 381/1830/73
fc 2 2 2
f 365/1831/75 440/1832/75 392/1833/75
fc 2 2 2
f 200/1834/76 376/1835/76 366/1836/9
fc 2 2 2
f 297/1837/4 371/1838/4 374/1839/4
fc 2 2 2
f 371/1840/4 318/1841/4 374/1842/4
fc 2 2 2
f 256/1843/4 392/1844/4 411/1845/4
fc 2 2 2
f 392/1846/4 443/1847/4 411/1848/4
fc 2 2 2
f 373/1849/4 374/1850/4 318/1851/4
fc 2 2 2
f 256/1852/4 411/1853/4 422/1854/4
fc 2 2 2
f 422/1855/4 373/1856/4 256/1857/4
fc 2 2 2
f 376/1858/76 200/1859/76 345/1860/77
fc 2 2 2
f 200/1861/76 380/1862/71 345/1863/77
fc 2 2 2
f 332/1864/74 255/1865/74 370/1866/13
fc 2 2 2
g Phys__materials/lakelabwall.vmat#SFX_2
usemtl materials/lakelabwall.vmat
f 271/1867/7 412/1868/7 261/1869/7
fc 2 2 2
f 169/1870/11 372/1871/11 271/1872/11
fc 3 3 2
f 257/1873/15 368/1874/15 366/1875/15
fc 2 2 2
f 271/1876/7 331/1877/7 412/1878/7
fc 2 2 2
f 444/1879/11 257/1880/11 169/1881/11
fc 2 2 3
f 257/1882/11 378/1883/11 169/1884/11
fc 2 2 3
f 350/1885/11 331/1886/11 372/1887/11
fc 2 2 3
f 331/1888/11 271/1889/11 372/1890/11
fc 2 2 3
f 444/1891/11 169/1892/11 271/1893/11
fc 2 3 2
f 257/1894/15 444/1895/15 368/1896/15
fc 2 2 2
g LargeWaterfall_
v 2060.799805 371.199982 -755.199951
v 2060.799805 371.199982 -1382.399902
v 2060.799805 140.799988 -1382.399902
v 2060.799805 140.799988 -751.999939
vt -8.000000 0.916667
vt -3.916667 2.416667
vt -3.895833 0.916667
vt -8.000000 0.916667
vt -8.000000 2.416667
vt -3.916667 2.416667
vn 1.0000 0.0000 0.0000
vc 1.0000 1.0000 1.0000 1.0000
g LargeWaterfall__materials/water.vmat.003#NoCollision#BackfaceCulling#Alpha7D#AnimatedB#MultiAlpha7D
usemtl materials/water.vmat.003
f 451/1897/78 449/1898/78 452/1899/78
fc 6 6 6
f 451/1900/78 450/1901/78 449/1902/78
fc 6 6 6
g NoPhys_
v 2060.800049 140.800018 -460.799927
v 2060.800049 140.800018 -128.000000
v 2790.399902 140.799988 -128.000000
v 2790.399902 140.799988 -1382.399902
v 2060.800049 140.800018 -755.199951
v 2508.800049 140.800003 -460.799957
v 2508.800049 140.800003 -755.199951
v 2060.799805 140.800018 -1382.399902
v 17.689209 25.600113 -231.652588
v 33.510742 204.800095 -280.346710
v 529.689087 204.800079 -271.046936
v 33.510742 25.600143 -280.346710
v 558.310791 204.800079 -280.346741
v 17.689209 25.600143 -280.346710
v 576.000000 204.800079 -255.999695
v 529.689087 204.800079 -240.952454
v 542.489136 204.800079 -231.652649
v 46.310791 25.600113 -271.046906
v 542.489136 204.800079 -280.346741
v 4.889160 204.800095 -271.046906
v 571.110840 25.600090 -240.952454
v 524.800049 25.600090 -255.999695
v 571.110840 25.600090 -271.046936
v 542.489136 25.600121 -280.346741
v 33.510742 204.800095 -231.652588
v 558.310791 25.600090 -231.652649
v 558.310791 25.600121 -280.346741
v 4.889160 204.800095 -240.952393
v 529.689087 25.600090 -240.952454
v 4.889160 25.600113 -240.952393
v 0.000000 25.600113 -255.999664
v 576.000000 25.600090 -255.999695
v 571.110840 204.800079 -271.046936
v 46.310791 204.800095 -271.047028
v 558.310791 204.800079 -231.652649
v 33.510742 25.600113 -231.652588
v 524.800049 204.800079 -255.999695
v 51.200195 25.600113 -255.999664
v 17.689209 204.800095 -280.346710
v 529.689087 25.600090 -271.046936
v 542.489136 25.600090 -231.652649
v 0.000000 204.800095 -255.999664
v 17.689209 204.800095 -231.652588
v 571.110840 204.800079 -240.952454
v 558.310791 25.600121 231.253845
v 571.110718 25.600121 240.553650
v 529.689209 25.600121 240.553650
v 542.489258 25.600121 231.253845
v 529.689209 25.600121 270.648193
v 524.800171 25.600121 255.600891
v 558.310913 25.600121 279.947998
v 542.489258 25.600121 279.947998
v 576.000122 25.600121 255.600891
v 571.110718 25.600121 270.648193
v 571.110718 204.800079 270.648193
v 576.000122 204.800079 255.600891
v 542.489258 204.800079 279.947998
v 558.310913 204.800079 279.947998
v 524.800171 204.800079 255.600891
v 529.689209 204.800079 270.648193
v 542.489258 204.800079 231.253845
v 529.689209 204.800079 240.553650
v 571.110718 204.800079 240.553650
v 558.310791 204.800079 231.253845
v 46.310791 204.800095 -240.952515
v 4.889160 25.600113 -271.046906
v 46.310791 25.600113 -240.952393
v 51.200195 204.800095 -255.999756
v 258.745605 66.091660 390.769775
v 591.821533 204.800049 -286.094360
v 259.389648 70.050056 394.370239
v 256.427734 67.972298 393.101807
v 304.209473 67.733627 388.415527
v 650.949829 217.600067 -25.599854
v 301.255371 67.655937 388.543213
v 271.244385 68.691948 393.743286
v 278.187988 64.272911 387.251221
v 255.329102 69.826714 396.216675
v 297.801025 71.448349 393.156128
v 256.955078 65.267906 389.954590
v 255.864258 69.122490 394.465332
v 279.462891 64.966606 389.759644
v 266.452148 69.070732 392.725830
v 307.253906 71.696861 392.747559
v 307.208740 69.754036 390.517700
v 264.590332 63.527130 387.392700
v 254.047852 65.521538 391.362061
v 261.663330 64.615143 388.858276
v 255.239502 64.329674 390.806763
v 307.322510 67.970856 392.068848
v 264.172852 69.282646 394.941528
v 259.473633 70.324059 396.483887
v -15.821533 230.400101 -225.905151
v 264.674561 63.801132 389.506104
v 258.828369 67.977226 393.833496
v 282.887207 63.231499 385.709106
v 304.299805 71.619194 392.875244
v 263.508301 67.770172 392.349487
v 650.949829 192.000092 -25.599854
v 266.510254 66.567635 392.551270
v 283.007568 65.059776 389.606323
v 301.345947 71.541512 393.003052
v 261.764404 67.277763 392.813721
v 262.918945 66.143097 391.424927
v 281.167969 67.127815 389.411377
v 269.916748 64.055527 387.608643
v 297.755859 69.505577 390.926270
v 261.720459 63.723419 389.633911
v 266.424805 67.905113 391.387939
v 304.368408 67.893097 392.196533
v 269.353027 65.205620 388.972168
v 264.647461 62.635483 388.168213
v 591.821777 230.400070 -225.905212
v 301.414551 67.815460 392.324341
v 271.751221 68.433502 391.604004
v 259.446289 69.158409 395.145752
v 269.973633 63.163803 388.384521
v 255.271973 70.718437 395.441162
v 301.369141 65.872665 390.094482
v 278.244873 63.381355 388.026611
v 258.718506 64.926010 389.431885
v 268.189453 65.951645 389.915283
v 266.401611 61.904961 387.199707
v 41.421875 230.400085 302.188354
v 304.414062 69.835922 394.426514
v 255.182617 65.221367 390.031128
v 304.459229 71.778694 396.656128
v 258.775391 64.034386 390.207520
v 307.367920 69.913628 394.298706
v 255.246094 67.941216 393.153076
v 254.074951 66.687241 392.699951
v 304.254639 69.676376 390.645386
v 262.952393 70.920395 395.108887
v 262.890381 66.588951 391.036987
v 257.027344 68.376373 393.522339
v 256.471680 71.526573 396.281982
v 282.922119 66.397301 388.443115
v 268.264648 65.837090 391.582764
v 259.407471 70.827133 395.262207
v 268.708008 62.858772 386.322021
v 281.153564 61.516243 385.669189
v 301.391113 73.484283 395.232910
v 255.892578 68.676643 394.853027
v 269.442383 70.702721 394.382080
v 263.536865 67.324371 392.737183
v 279.399414 62.246735 386.637817
v -15.821533 230.400085 223.399597
v 254.019287 65.967438 390.974121
v 260.538818 63.692368 389.685059
v 258.774170 65.645836 391.157715
v 282.944336 62.339928 386.484497
v 297.869629 67.722252 392.477417
v 262.863281 65.423271 389.699097
v 261.726807 67.335014 391.980225
v 301.300537 69.598763 390.772949
v 2048.000000 64.000038 -128.000000
v 268.764648 61.967125 387.097412
v 301.505127 71.701012 396.783936
v 264.115967 70.174324 394.165894
v 266.509033 68.179131 393.501465
v 265.826172 65.889610 390.017334
v 259.971191 69.677010 393.898682
v 257.055908 67.930573 393.910034
v 297.915039 69.665001 394.707275
v 284.153076 63.536606 387.771362
v 258.192383 66.018883 391.629150
v 267.660889 70.267563 394.012817
v 257.011963 64.376328 390.730225
v 269.409912 64.313972 389.747803
v 304.345215 73.561958 395.105225
v 279.377197 66.304085 388.596191
v 268.179199 67.174545 390.419434
v 304.323242 65.950348 389.966675
v 284.096191 64.428307 386.995850
v 266.344727 62.796593 386.424072
v 258.799805 68.423004 393.445557
v 267.717773 69.375908 394.788208
v 301.459961 69.758232 394.553955
v 650.949829 166.400085 0.000122
v 271.808105 67.541855 392.379639
v 260.481689 64.584038 388.909302
v 259.945312 66.899864 391.610596
v 260.028320 68.785385 394.674316
v 258.181885 67.241829 392.133301
v 261.736084 67.723518 392.426025
v 269.951660 67.221245 390.342651
v 270.037109 65.883797 391.506104
v 650.949829 166.400085 25.600098
v 258.244141 71.573204 396.205322
v 260.600830 68.023766 393.756958
v 254.046387 67.133041 392.312256
v 279.342285 63.138359 385.862183
v 281.096680 62.407845 384.893677
v 258.210693 66.796005 392.520996
v 264.617432 64.692757 388.730591
v 1638.107910 428.636414 268.799927
v 261.180176 70.873741 395.185669
v 264.117188 68.562775 393.215942
v 650.949829 166.400085 -25.599854
v 264.145752 68.116997 393.603638
v 271.187500 69.583549 392.967651
v 258.163818 66.464684 391.241333
v 260.572266 68.469635 393.369019
v 262.891602 64.977501 390.086792
v 273.746094 50.373100 -368.132965
v 276.333740 43.825638 -359.666870
v 292.698730 50.262794 -387.753571
v 280.839111 56.362747 375.256714
v 312.443848 66.688011 400.144043
v 279.485107 48.710182 -363.739319
v 267.965820 43.815948 -362.581818
v 299.133545 40.625832 -365.365875
v 280.265137 58.735771 377.124512
v 270.293701 83.800224 -394.474396
v 287.708740 41.202759 -372.429718
v 275.091309 94.323608 -418.629272
v 291.635742 38.451416 -368.474762
v 286.350098 40.035576 -362.145477
v 250.480225 69.776833 407.343628
v 292.352051 37.583595 -369.485657
v 258.367676 41.351860 -368.501434
v 292.836426 83.725807 -394.440399
v 276.180908 40.519165 -362.161255
v 279.224609 43.280228 -362.564850
v 271.163086 49.878593 -360.854645
v 280.915527 54.636673 375.974121
v 262.197998 75.870949 408.073975
v 266.327148 28.033913 -357.544586
v 271.178955 33.592339 -402.060516
v 287.568359 35.965530 -368.329376
v 284.517334 53.838211 376.596558
v 287.982666 34.078369 -392.610229
v 300.416992 36.407913 -366.337952
v 296.000977 50.988457 -394.297424
v 288.524170 79.810471 -437.297119
v 291.612549 56.912697 -364.575653
v 274.200195 41.113190 -426.542633
v 288.437500 52.499290 -439.787842
v 250.152832 69.069359 399.335449
v 288.181641 94.280106 -418.608551
v 286.780273 49.136818 -360.830444
v 277.155518 34.977715 -359.798981
v 280.818359 30.790092 -364.917450
v 278.015625 56.890381 378.777588
v 281.021973 35.215263 -360.621948
v 267.951172 35.764336 -365.367096
v 291.798096 39.776199 -362.137024
v 268.722412 55.686913 -378.408722
v 280.827393 59.197166 376.711060
v 289.122070 44.528618 -369.122040
v 278.492676 58.689209 377.201050
v 271.069336 76.492531 408.136841
v 292.148926 82.561012 -423.151337
v 269.730957 73.078979 402.506592
v 274.467285 34.895294 -392.590851
v 255.880371 71.802246 410.177246
v 279.205078 58.921463 380.122803
v 267.547852 25.707985 -392.362946
v 272.718506 38.761963 -414.144592
v 288.327148 27.280006 -353.790894
v 273.525391 35.240723 -369.525665
v 279.598877 34.833473 -366.181610
v 263.968506 25.680130 -372.587280
v 286.687012 35.559502 -359.506897
v 277.507812 58.760429 381.866943
v 283.843506 48.502907 -363.732086
v 281.017578 55.687767 378.979736
v 277.427734 53.651855 376.903076
v 270.907471 51.299095 -387.786285
v 263.236816 49.635406 -371.051636
v 276.145752 35.691605 -366.317352
v 301.654541 42.910553 -368.519653
v 279.531738 26.233498 367.790283
v 281.501953 24.770828 371.378418
v 281.303955 26.280128 367.713745
v 279.710205 25.558624 371.513184
v 281.122803 30.178009 365.891113
v 278.149414 30.934692 366.077026
v 258.109619 52.464355 381.468628
v 274.267334 41.705521 378.743042
v 278.256104 49.169044 393.345581
v 281.784180 35.204590 384.253418
v 278.518311 26.750519 372.068481
v 275.762207 36.832520 382.957764
v 284.864502 30.373413 370.352661
v 283.076416 26.326714 367.636963
v 284.426514 26.905838 371.812988
v 283.255127 25.651787 371.360107
v 284.648193 31.105545 365.796021
v 272.518066 47.659088 383.007935
v 284.709961 35.728127 383.738037
v 286.894775 47.842972 373.139893
v 288.446777 42.078369 378.130005
v 281.493896 81.115822 405.466553
v 281.663574 80.052414 408.743408
v 271.495117 71.416649 414.903809
v 295.397217 74.957573 408.194824
v 307.805420 73.672318 406.708252
v 314.260254 70.288895 403.247437
v 313.850830 66.375488 405.095581
v 292.764160 71.975883 413.984253
v 282.147705 72.473412 415.336060
v 293.070312 76.449638 410.080933
v 248.731689 63.770195 390.641724
v 300.696289 74.320229 407.072998
v 300.441406 76.721146 402.632812
v 306.852783 68.463188 408.911621
v 264.323975 67.733177 411.196533
v 276.103271 55.111938 415.674683
v 269.696777 68.592949 412.692261
v 262.884766 73.326103 408.707520
v 268.536377 77.493828 404.962036
v 274.322021 54.676781 415.305420
v 273.258057 59.696922 421.154175
v 293.089600 63.946289 402.925781
v 289.827881 61.297562 421.776855
v 282.738281 61.111137 422.083496
v 294.510742 69.245316 411.619629
v 292.164062 60.193993 420.337036
v 270.391602 79.425934 407.948975
v 272.032227 80.478691 405.429443
v 281.125000 61.962036 385.281372
v 262.629639 75.727013 404.267334
v 255.530762 75.152016 404.127808
v 272.790283 59.024635 382.517334
v 270.794678 79.727837 403.754639
v 299.994873 60.904884 382.680176
v 289.333008 59.459549 381.802002
v 281.042236 60.076439 382.217896
v 262.183105 59.910667 384.314941
v 253.957031 61.636009 386.902222
v 263.553711 69.712944 394.579346
v 262.259521 58.184647 385.032349
v 248.968506 72.261284 401.286865
v 276.271973 56.397949 379.242065
v 275.078613 47.532280 373.650635
v 292.063721 80.286987 402.835205
v 315.215576 60.606033 392.046997
v 314.796875 32.966042 379.255371
v 312.367676 33.407013 378.135986
v 315.200195 33.267998 375.061035
v 308.351318 36.738037 383.162231
v 307.523438 39.900543 379.639526
v 307.866943 44.316994 376.569824
v 317.068115 65.761185 396.934326
v 312.121826 36.196465 374.141724
v 302.714111 49.559669 383.877075
v 311.635742 34.009132 375.272339
v 270.643555 69.899368 394.272705
v 314.909912 55.841087 382.080566
v 315.084961 36.662697 374.460083
v 316.866211 37.097900 374.829224
v 262.458984 55.063896 387.746826
v 317.631836 41.273071 381.377075
v 317.169189 33.416779 379.599121
v 316.058838 38.105690 384.168213
v 317.627930 34.438507 377.130615
v 274.430420 48.699562 386.770386
v 312.618896 35.840553 385.426636
v 303.628906 54.826103 380.840088
v 313.720703 65.478981 387.832275
v 308.958984 62.188965 385.302612
v 292.842285 80.016235 406.978638
v 290.937744 80.975807 404.612061
v 294.531982 78.177345 403.838257
v 290.742676 55.924095 384.853271
v 290.242432 48.125099 382.241699
v 285.345703 49.355446 393.039185
v 285.130859 48.476105 387.532349
v 288.609863 49.072365 386.157471
v 290.940674 54.414848 388.517822
v 301.098389 52.895584 389.635010
v 300.270508 56.058105 386.112183
v 287.578369 37.143242 382.446777
v 300.071289 59.178833 383.397705
v 299.001953 70.644951 393.046997
v 271.836670 55.426979 385.670654
v 307.521973 76.519005 401.880249
v 315.010742 70.172752 393.132935
v 313.957275 73.970093 398.477417
v 248.109375 44.376709 391.855957
v 285.724609 56.646461 378.833496
v 308.902100 63.080688 384.527100
v 280.949219 47.744926 372.561401
v 280.945312 52.579277 375.411987
v 281.829346 48.816406 393.580200
v 255.160400 34.562820 384.569092
v 249.996094 42.348831 379.460449
v 251.666504 53.013283 383.475342
v 247.732910 34.891823 377.371582
v 250.677734 34.580887 376.797974
v 245.549561 32.543289 380.246338
v 245.969482 35.233795 377.894043
v 247.848145 31.497070 377.972534
v 248.626465 31.226273 382.115723
v 246.272461 31.552612 382.664185
v 254.076172 41.737747 377.555908
v 254.914307 37.352325 380.574707
v 251.373535 32.424660 377.877441
v 250.923828 31.791435 380.792114
v 254.014160 60.744385 387.677856
v 247.507080 35.526566 386.238770
v 245.535156 38.600662 383.601074
v 246.171143 63.897026 399.999146
v 250.528320 33.489677 386.382568
v 278.041260 48.289726 387.838745
v 248.733643 60.838478 402.611450
v 277.257812 53.977318 414.285889
v 264.694580 61.646439 402.367920
v 272.034912 53.917702 389.335205
v 275.366699 61.868774 402.741943
v 280.810547 56.808525 374.869019
v 282.593018 54.894188 414.947998
v 281.874756 62.428223 402.906982
v 290.864502 55.111694 414.590332
v 289.101318 55.453613 415.113037
v 286.886963 51.265160 -364.135651
v 270.638916 63.356010 403.896240
v 255.774414 52.247536 395.828613
v 247.863281 58.835159 394.958496
v 278.136963 57.398315 395.594849
v 262.104980 51.870361 391.320557
v 282.655518 59.963623 378.360107
v 272.717529 58.731667 -368.631134
v 292.335205 51.005791 -364.128387
v 289.218750 60.504860 420.910645
v 287.892334 54.256935 413.826050
v 307.765381 53.614578 393.580933
v 314.897949 47.297783 390.307739
v 310.190918 46.339111 390.453857
v 303.550781 46.785797 387.845825
v 316.995850 50.983673 386.269653
v 298.961426 62.547417 400.886475
v 313.023193 57.869041 394.475708
v 291.912354 70.458595 393.353394
v 307.814453 62.391869 400.057373
v 314.904297 62.578247 399.750854
v 299.772461 68.665283 409.663940
v 276.221191 60.163109 421.472412
v 279.392578 35.588257 383.967896
v 270.619629 75.859352 411.051514
v 282.756348 61.888237 422.975464
v 250.397461 56.222366 397.183105
v 281.605469 47.548515 387.627441
v 295.102295 47.968414 -363.715118
v 283.923828 57.045677 378.522339
v 286.503906 43.342018 -359.651154
v 275.648438 60.924660 422.389893
v 274.876953 41.679108 -372.627258
v 250.043457 64.697830 407.853760
v 285.226562 57.584717 395.288330
v 247.658691 68.401878 396.044434
v 255.823486 61.024857 402.304932
v 249.271484 68.580200 406.056763
v 246.071533 47.953934 387.996338
v 293.733887 44.966164 -371.466125
v 250.309326 72.451805 405.016846
v 288.364502 62.210548 402.179932
v 268.219971 74.242981 409.369629
v 246.948975 53.277588 384.125732
v 255.814453 72.305321 408.955811
v 257.225098 67.158302 411.056885
v 280.727539 28.353882 -381.607300
v 290.506836 52.559280 -364.146606
v 274.456299 36.729103 -368.071167
v 284.597656 58.946777 381.560425
v 279.110596 59.870338 378.513428
v 266.913086 51.085205 -394.342255
v 283.219238 58.813477 376.996582
v 294.841797 42.537231 -362.540588
v 282.626953 60.409424 377.972412
v 280.846924 58.362724 376.652832
v 271.251709 56.980469 -364.607208
v 279.161133 55.367188 376.942627
v 270.273438 39.365311 -368.560852
v 289.179688 83.585922 -380.624329
v 292.274414 37.268486 -384.602264
v 256.417969 67.874954 406.525879
v 272.725586 43.455963 -366.887024
v 282.629883 57.186478 376.072021
v 312.344238 74.082878 402.335205
v 282.706055 55.460449 376.789551
v 262.489258 36.305374 -386.849396
v 650.949829 217.600067 25.600098
v 294.228516 38.931396 -374.063538
v 272.326416 52.619118 -364.174469
v 286.220459 35.401932 -366.123413
v 290.172119 38.703957 -414.117920
v 295.836914 25.671631 -392.547241
v 296.322021 29.979836 -412.521637
v 296.756836 27.282448 -358.702118
v 291.459961 37.564209 -369.588654
v 276.718018 51.748756 -364.151428
v 279.082031 60.316216 378.125488
v 297.396484 34.538940 -377.690002
v 274.621582 52.544678 -439.808472
v 275.513184 26.257057 -354.781128
v 291.950928 43.083862 -359.642639
v 281.439453 31.647415 -425.660217
v 250.409180 65.056938 402.825806
v 312.514893 71.408012 404.661865
v 271.269775 52.008156 -364.159943
v 270.663574 67.744682 407.134521
v 281.026855 56.076416 379.425537
v 269.828613 37.781181 -384.660431
v 273.868408 45.254639 -369.145081
v 256.133301 72.333107 402.647949
v 282.750000 59.014671 379.969482
v 292.228516 48.877441 -360.821930
v 268.028809 40.497368 -374.061096
v 304.155029 38.555664 -368.931763
v 270.732910 40.777344 -362.169739
v 299.597656 49.514503 -370.995880
v 292.410400 51.271263 -424.125732
v 282.421875 34.290482 -367.990021
v 263.780518 42.460869 -365.079865
v 262.425781 72.304398 411.176025
v 280.986816 59.356644 380.492065
v 261.835205 38.539894 -366.178009
v 288.842041 34.028687 -369.540192
v 254.822266 43.567459 -360.076538
v 271.354004 72.034302 412.014526
v 280.863770 60.751419 378.494873
v 300.303955 36.178398 -386.791229
v 288.744141 41.063599 -426.520752
v 268.225098 49.245903 -363.756317
v 290.364258 42.887505 -366.874908
v 280.892334 60.305519 378.882690
v 301.976318 68.567970 405.781006
v 306.636719 69.195312 404.354980
v 306.352051 73.653458 400.477051
v 307.280518 73.153664 407.955444
v 269.851562 39.096245 -367.890594
v 276.611328 49.620415 -360.846161
v 273.909180 83.636154 -380.647339
v 273.971924 95.383011 -397.191772
v 293.505859 35.640701 -361.368622
v 300.828125 73.314087 409.516113
v 261.801514 67.511673 407.517578
v 266.506104 30.079567 -412.566467
v 270.594727 51.343849 -424.159729
v 271.060059 82.630547 -423.182861
v 282.601318 57.632202 375.684448
v 308.377930 40.579788 -360.774689
v 292.623047 72.593559 411.095215
v 262.050537 72.877007 402.838623
v 307.081055 76.274376 405.240967
v 279.084961 57.093262 376.225342
v 292.523438 68.319412 406.189575
v 269.535400 46.247292 -371.223694
v 294.101074 34.520782 -365.328339
v 292.772461 73.684837 401.510498
v 270.886719 44.085014 -359.675354
v 280.864990 59.139893 377.544800
v 261.514160 45.255836 -368.010620
v 283.583008 43.072952 -362.558807
v 299.362549 25.600128 -372.763000
v 301.043945 73.902275 401.152832
v 289.726807 49.613136 -368.108765
v 294.174805 55.601685 -378.369934
v 300.600586 76.880653 406.413818
v 292.338379 77.051735 407.217285
v 274.708252 79.857086 -437.317749
v 281.617676 56.091942 379.400146
v 312.187500 70.700439 396.653809
v 255.680908 74.922935 407.462891
v 281.446533 58.766823 377.073364
v 290.791016 32.659058 -402.030243
v 289.243896 95.332840 -397.168701
v 270.194580 36.194611 -359.986877
v 281.036133 56.464920 379.871582
v 264.708984 36.092804 -377.739655
v 290.169922 58.673584 -368.604462
v 270.730469 38.504761 -369.782593
v 281.410156 49.648048 -366.297974
v 279.056396 57.539062 375.837646
v 1587.199951 64.000061 -127.999939
v 2048.000000 64.000008 -460.799988
v 41.421875 230.400101 204.800049
v 12.800049 0.000137 198.400085
v 67.021729 204.800079 -286.094330
v 1331.199829 64.000053 -460.799835
v 588.800049 51.200111 -108.799866
v 729.600220 358.400024 255.600769
v 566.221802 230.400055 -207.305725
v -25.599854 230.400101 -255.999695
v 652.800171 281.600037 332.400879
v -115.199951 396.800049 537.600220
v 806.399902 281.600037 -333.198975
v 508.978394 204.800064 -225.905212
v 601.600098 0.000107 -95.999878
v 652.799805 281.600037 -333.198975
v 601.600220 230.400055 255.600769
v 729.600098 358.400024 -256.398987
v 534.578491 230.400055 304.295044
v 9.778320 204.800079 204.800049
v 67.021729 230.400070 223.399597
v -15.821533 204.800079 223.399597
v 601.600098 230.400070 -255.999756
v 534.578247 230.400055 -304.693878
v 1587.199951 64.000069 -102.399902
v 534.578369 230.400055 -207.305725
v 508.978394 230.400085 -225.905212
v 499.200195 204.800064 255.600769
v 591.821655 230.400055 225.506287
v 508.978149 204.800064 -286.094421
v 1331.199829 64.000076 -102.399902
v 12.800049 0.000122 96.000183
v 67.021729 204.800079 283.588745
v 806.400024 281.600037 332.400879
v 857.599976 396.799988 -332.799744
v 755.200073 268.800018 -537.599792
v 591.821899 204.800049 285.695435
v 67.021729 230.400070 283.588745
v 67.021729 230.400070 -286.094330
v 76.800049 204.800079 -255.999786
v 41.421875 230.400085 -207.305664
v 857.599976 268.800018 -332.799744
v 9.778320 230.400085 -207.305664
v 591.821533 230.400055 -286.094360
v -115.199951 268.800049 537.600220
v 67.021729 204.800079 -225.905151
v 1049.600098 430.400024 256.062988
v 1049.600098 243.200058 256.062988
v 534.578491 204.800064 304.295044
v -25.599854 204.800079 -255.999695
v 1638.692261 428.636414 -102.399902
v 1638.692261 246.400024 -102.399902
v 1600.000000 246.327301 307.137207
v 1600.000000 428.963684 307.137207
v 9.778320 204.800079 -304.693848
v -25.599854 230.400085 253.494202
v 499.200073 230.400085 -255.999817
v 534.578491 204.800064 206.906738
v 650.949829 140.800079 -51.199890
v 650.949829 140.800079 51.200134
v 1638.107910 246.400024 268.800049
v 650.949829 192.000092 -51.199890
v 755.200073 396.799988 -537.599792
v 591.821655 204.800049 225.506287
v 499.200073 204.800064 -255.999817
v 755.200195 268.800018 537.600098
v 508.978271 204.800064 225.506287
v 588.800171 51.200111 185.600037
v 499.200195 230.400055 255.600769
v 566.221924 204.800064 206.906738
v -15.821533 204.800079 -225.905151
v 508.978516 230.400055 285.695435
v 566.221558 230.400055 -304.693878
v 566.221802 204.800064 -207.305725
v 650.949829 243.200073 -51.199890
v 650.949829 243.200073 51.200134
v 650.949829 243.200073 0.000122
v 650.949829 140.800079 0.000122
v -25.599854 204.800079 253.494202
v 650.949829 192.000092 51.200134
v 650.949829 217.600067 0.000122
v 650.949829 192.000092 25.600098
v 1587.199951 428.799988 -511.999908
v 1587.199951 249.600037 -511.999908
v 1049.599976 430.400024 -511.999878
v 1049.599976 243.200058 -511.999878
v 960.000000 430.400024 -409.599854
v 960.000000 243.200058 -409.599854
v 960.000122 430.400024 153.600098
v 960.000122 243.200058 153.600098
v 12.800049 0.000122 -198.399719
v 566.221924 230.400055 206.906738
v 9.778320 230.400085 302.188354
v 25.600098 51.200142 -108.799805
v 9.778320 204.800079 302.188354
v 508.978271 230.400055 225.506287
v -115.199951 268.800049 -537.599731
v 41.421875 204.800079 -304.693848
v 534.578369 204.800064 -207.305725
v 566.221924 230.400055 304.295044
v 857.599976 268.800018 332.800049
v 534.578491 230.400055 206.906738
v 755.200195 396.799988 537.600098
v 41.421875 204.800079 -207.305664
v 508.978516 204.800064 285.695435
v 588.800171 51.200089 108.800110
v 601.600098 0.000092 -198.399780
v 601.600220 0.000107 198.400024
v 25.600098 51.200119 -185.599731
v 566.221558 204.800064 -304.693878
v 76.800049 230.400085 -255.999786
v 9.778320 230.400085 -304.693848
v 857.599976 396.799988 332.800049
v 601.600098 204.800049 -255.999847
v 76.800049 204.800079 253.494202
v 588.800049 51.200089 -185.599792
v 41.421875 204.800079 302.188232
v -15.821533 230.400085 283.588867
v 12.800049 0.000137 -95.999817
v 601.600220 0.000092 96.000122
v 534.578247 204.800064 -304.693878
v -15.821533 230.400085 -286.094330
v 601.600220 204.800049 255.600769
v 591.821777 204.800049 -225.905212
v 76.800049 230.400070 253.494202
v 67.021729 204.800079 223.399597
v 9.778320 204.800079 -207.305664
v -115.199951 396.800049 -537.599731
v 41.421875 230.400085 -304.693848
v 41.421875 204.800079 204.800049
v 9.778320 230.400101 204.800049
v 25.600098 51.200142 185.600098
v 508.978149 230.400055 -286.094421
v 566.221924 204.800064 304.295044
v 591.821899 230.400055 285.695435
v 67.021729 230.400085 -225.905151
v 25.600098 51.200119 108.800171
v -15.821533 204.800079 283.588867
v -15.821533 204.800079 -286.094330
v 1945.599976 249.600021 -511.999939
v 1945.599976 428.799988 -511.999939
v 2060.800049 249.600006 -511.999939
v 2060.800049 512.000000 -511.999939
v 2457.599854 249.600006 -511.999969
v 2457.600098 512.000000 -511.999969
v 2457.599854 249.600006 -703.999939
v 2457.599854 512.000000 -703.999939
v 1971.199951 249.600021 -703.999939
v 1971.199951 512.000000 -703.999939
v 1971.199951 249.600021 -1433.599854
v 1971.199951 512.000000 -1433.599854
v 2841.599854 249.599976 -1433.599976
v 2841.599854 511.999939 -1433.599976
v 2841.600098 249.599976 -76.800049
v 2841.600098 511.999939 -76.800049
v 2060.800049 249.600006 -76.799988
v 2060.800049 512.000000 -76.799988
v 1945.600098 249.600021 -76.799927
v 1945.600098 428.799988 -76.799927
v 1971.199951 249.600021 -972.799927
v 1971.199951 332.799988 -1151.999878
v 1971.199951 332.799988 -972.799927
v 1971.199951 249.600021 -1151.999878
vt -2.916667 0.333336
vt -1.000000 0.333336
vt 1.166668 2.166668
vt -0.666644 8.666662
vt -0.666644 10.333328
vt -0.833311 10.333328
vt -2.000000 3.166668
vt -2.000000 -1.583332
vt 2.083333 1.333336
vt -3.000000 -0.583332
vt 1.083333 -0.583332
vt 1.083333 2.333336
vt -1.000000 -0.583332
vt 1.166668 -0.583332
vt -1.000000 2.333336
vt 0.166668 -1.583332
vt 0.166668 3.166668
vt -2.000000 1.333336
vt -5.000000 1.166668
vt -0.916667 -0.666664
vt 3.166668 1.166668
vt -0.833311 10.333328
vt -0.833311 13.333329
vt -2.999978 13.333329
vt -2.999978 13.333329
vt -2.999978 8.666662
vt -0.833311 10.333328
vt -2.999978 8.666662
vt -0.666644 8.666662
vt -0.833311 10.333328
vt 0.495725 -0.816310
vt 3.236834 -0.000000
vt 0.527915 -0.836901
vt 0.635210 -0.231757
vt 3.149234 0.590905
vt 0.440895 -0.246006
vt 2.708343 -0.836906
vt 0.168480 -0.097858
vt 2.740527 -0.816322
vt 0.892554 -0.159866
vt 3.225381 0.667861
vt 0.786070 -0.200403
vt 0.609374 -0.148148
vt 3.255520 0.570319
vt 0.751624 -0.088928
vt 3.236147 -1.000000
vt 0.512841 -0.127947
vt 3.041833 -0.985750
vt 0.862413 -0.062324
vt 3.508560 0.656139
vt 0.936514 -0.062324
vt 0.345245 -0.954404
vt 2.723883 -0.127940
vt 0.194353 -0.985757
vt 2.890972 -0.954400
vt 0.345176 -0.045605
vt 2.784488 -0.913864
vt 0.527915 -0.836901
vt 3.042481 -0.014243
vt 0.512949 -0.872057
vt 0.968699 -0.082910
vt 3.482726 0.739745
vt 0.953738 -0.118063
vt 0.512949 -0.872057
vt 2.891589 -0.045597
vt 0.451752 -0.913869
vt 0.310797 -0.842910
vt 2.926034 -0.157089
vt 0.421609 -0.816310
vt 2.784488 -0.913864
vt 0.194315 -0.014252
vt 2.723304 -0.872058
vt 2.925418 -0.842924
vt 0.495619 -0.183683
vt 3.067668 -0.902145
vt 0.440895 -0.246006
vt 3.181419 0.570319
vt 0.609374 -0.148148
vt 0.168518 -0.902135
vt 2.815221 -0.183692
vt 0.310797 -0.842910
vt 0.953738 -0.118063
vt 3.331864 0.708395
vt 0.892554 -0.159866
vt 0.194353 -0.985757
vt 2.708917 -0.163096
vt 0.000000 -1.000000
vt 2.814629 -0.816322
vt 0.421518 -0.183683
vt 2.925418 -0.842924
vt 0.751624 -0.088928
vt 3.366309 0.596919
vt 0.862413 -0.062324
vt 0.421609 -0.816310
vt 3.068315 -0.097864
vt 0.495725 -0.816310
vt 2.740527 -0.816322
vt 0.310729 -0.157079
vt 2.814629 -0.816322
vt 0.936514 -0.062324
vt 3.677041 0.753994
vt 0.968699 -0.082910
vt 0.451752 -0.913869
vt 2.785082 -0.086133
vt 0.345245 -0.954404
vt 2.723304 -0.872058
vt 0.000000 -0.000000
vt 2.708343 -0.836906
vt 0.786070 -0.200403
vt 3.164196 0.626057
vt 0.635210 -0.231757
vt 3.067668 -0.902145
vt 0.527802 -0.163099
vt 3.236147 -1.000000
vt 0.000000 -1.000000
vt 2.741106 -0.183685
vt 0.168518 -0.902135
vt 3.041833 -0.985750
vt 0.451659 -0.086144
vt 2.890972 -0.954400
vt 12.767150 -11.611623
vt 12.706869 -11.553669
vt 12.729538 -11.556278
vt 0.440895 0.753994
vt 1.676965 -0.246006
vt 1.676965 0.753994
vt -0.351578 -0.586281
vt -0.348512 -0.581993
vt -0.388324 -0.622313
vt -5.531875 -5.773854
vt -5.498090 -5.743758
vt -5.501110 -5.743046
vt 10.605670 -7.829054
vt 10.507111 -7.750116
vt 10.547555 -7.809778
vt 0.325620 5.783472
vt 0.285294 5.804160
vt 0.255070 5.848332
vt -3.269108 -3.279199
vt -3.196855 -3.206945
vt -3.226172 -3.236339
vt 1.492357 0.253994
vt 1.129086 0.753994
vt 0.541301 0.563010
vt 0.440895 0.753994
vt 1.676963 -0.246006
vt 1.676963 0.753994
vt 6.272407 6.639394
vt 6.226207 6.643981
vt 6.178407 6.711775
vt 9.169311 -9.169119
vt 9.139511 -9.139322
vt 9.154901 -9.154709
vt 0.440895 0.753994
vt 1.676960 -0.246006
vt 1.676960 0.753994
vt -2.663864 -2.972781
vt -2.616083 -2.926265
vt -2.644300 -2.954932
vt 7.885862 9.110512
vt 7.793985 9.105804
vt 7.768428 9.150392
vt 10.547808 -7.809856
vt 10.449250 -7.730924
vt 10.489691 -7.790584
vt 6.807469 -7.950477
vt 6.744740 -7.882654
vt 6.806318 -7.941750
vt -0.414680 -2.775836
vt -0.377935 -2.743539
vt -0.391207 -2.757711
vt -3.221422 -3.282949
vt -3.158913 -3.220590
vt -3.178402 -3.240387
vt 6.596966 7.207772
vt 6.583560 7.180273
vt 6.486392 7.258302
vt 4.432521 -2.675690
vt 4.421136 -2.669763
vt 4.417218 -2.660816
vt 4.957536 -6.763533
vt 4.945948 -6.742729
vt 4.942167 -6.748202
vt 10.565415 -7.769490
vt 10.663969 -7.848422
vt 10.623528 -7.788764
vt -3.292553 -4.471510
vt -3.280545 -4.457310
vt -3.247897 -4.426523
vt -0.948613 2.419764
vt -0.988101 2.454747
vt -1.009742 2.492232
vt 4.954033 -5.313538
vt 4.927070 -5.284790
vt 4.923292 -5.282746
vt 0.440895 0.753994
vt 1.676961 -0.246006
vt 1.676961 0.753994
vt 6.498427 -8.281075
vt 6.544031 -8.313829
vt 6.544609 -8.321371
vt 7.023449 10.936714
vt 7.095596 10.923347
vt 7.031822 10.865282
vt 10.433063 -7.758537
vt 10.377970 -7.717150
vt 10.398191 -7.746982
vt 11.565659 -7.770158
vt 11.664212 -7.849092
vt 11.606100 -7.829818
vt 7.487219 5.484535
vt 7.409967 5.465901
vt 7.441004 5.499576
vt -1.710858 -4.126575
vt -1.702203 -4.114976
vt -1.682640 -4.097754
vt 6.824689 7.264957
vt 6.776190 7.304472
vt 6.772549 7.349735
vt 6.838274 -7.276555
vt 6.790359 -7.225058
vt 6.836542 -7.270927
vt 7.588924 8.435055
vt 7.634676 8.405799
vt 7.509970 8.339271
vt -2.982474 -3.017930
vt -2.920014 -2.955554
vt -2.939612 -2.975322
vt 6.076213 7.375574
vt 6.114222 7.312714
vt 5.961220 7.309485
vt 4.012872 -3.496788
vt 3.965430 -3.543868
vt 3.993777 -3.545440
vt 7.556714 8.349855
vt 7.634699 8.430703
vt 7.633734 8.353775
vt -3.173021 -4.870382
vt -3.167018 -4.860288
vt -3.181905 -4.875522
vt 0.440895 0.753994
vt 1.676960 -0.246006
vt 1.676960 0.753994
vt 5.087580 -7.750537
vt 5.143092 -7.830048
vt 5.149018 -7.753089
vt 10.605731 -8.828699
vt 10.507178 -8.749771
vt 10.565291 -8.769039
vt 0.440895 0.753994
vt 1.676959 -0.246006
vt 1.676959 0.753994
vt 5.209375 6.002635
vt 5.166517 5.971400
vt 5.186917 5.999755
vt 2.672248 -4.166133
vt 2.660395 -4.151238
vt 2.690145 -4.181292
vt 5.155031 -7.676120
vt 5.087668 -7.750531
vt 5.149107 -7.753082
vt 5.154943 -7.676224
vt 5.100613 -7.581319
vt 5.093503 -7.673671
vt 10.469154 -8.760002
vt 10.424179 -8.733528
vt 10.444396 -8.763355
vt 4.050266 7.905189
vt 4.000453 7.846174
vt 3.938270 7.914626
vt 8.754747 5.650933
vt 8.708224 5.605258
vt 8.718526 5.602826
vt 0.440895 0.753994
vt 1.676962 -0.246006
vt 1.676962 0.753994
vt 10.042163 6.659347
vt 10.095818 6.690101
vt 9.994081 6.595003
vt 5.228500 -6.521628
vt 5.201336 -6.474175
vt 5.197783 -6.520352
vt 10.470407 -8.764069
vt 10.495166 -8.760729
vt 10.460296 -8.749151
vt 9.242756 -9.489192
vt 9.190905 -9.435850
vt 9.213920 -9.460693
vt 5.609851 1.559688
vt 5.569768 1.517285
vt 5.581447 1.516219
vt 11.574348 -8.180442
vt 11.529366 -8.151793
vt 11.554131 -8.151073
vt 1.676965 0.753994
vt 0.440895 -0.246006
vt 1.676965 -0.246006
vt 10.547588 -7.810104
vt 10.449033 -7.731168
vt 10.507148 -7.750443
vt -5.960912 -5.872985
vt -5.964102 -5.880642
vt -5.946779 -5.859514
vt 0.440895 0.753994
vt 1.676960 -0.246006
vt 1.676960 0.753994
vt 7.916873 7.896076
vt 7.843950 7.969360
vt 7.890072 7.961876
vt 4.486944 3.961547
vt 4.529553 4.004582
vt 4.525740 3.998945
vt 0.440895 0.753994
vt 1.676962 -0.246006
vt 1.676962 0.753994
vt 0.440895 0.753994
vt 1.676960 -0.246006
vt 1.676960 0.753994
vt 7.426908 6.856612
vt 7.422490 6.807897
vt 7.318080 6.840823
vt 0.440895 0.753994
vt 1.676961 -0.246006
vt 1.676961 0.753994
vt -6.256495 6.256498
vt -6.302036 6.302039
vt -6.302637 6.302641
vt 0.440895 0.753994
vt 1.676959 -0.246006
vt 1.676959 0.753994
vt 1.005390 -1.005250
vt 1.010761 -1.010621
vt 0.977151 -0.977011
vt 1.676963 0.753994
vt 0.440895 -0.246006
vt 1.676963 -0.246006
vt 7.944798 10.874000
vt 7.899890 10.882212
vt 7.901803 10.924035
vt 6.622682 -7.447673
vt 6.590738 -7.411218
vt 6.621524 -7.441377
vt 0.440895 0.753994
vt 1.676966 -0.246006
vt 1.676966 0.753994
vt 8.747820 5.377888
vt 8.638937 5.398419
vt 8.712783 5.451196
vt 10.504867 -8.776499
vt 10.471513 -8.753864
vt 10.494759 -8.761587
vt -11.437247 11.437254
vt -11.379446 11.379452
vt -11.434809 11.434814
vt 0.440895 0.753994
vt 1.676972 -0.246006
vt 1.676972 0.753994
vt 11.655663 -11.625042
vt 11.594271 -11.563803
vt 11.634312 -11.603487
vt 8.686748 -1.287532
vt 8.583639 -1.843033
vt 8.473324 -1.330018
vt 1.475045 7.922095
vt 1.602767 7.922096
vt 1.794381 8.278795
vt -7.691338 -9.267164
vt -7.704087 -8.828922
vt -7.482803 -9.188417
vt 0.804165 0.753994
vt 0.440895 0.253993
vt 0.804166 -0.246006
vt 3.836514 -2.752858
vt 3.468614 -2.846038
vt 3.692797 -2.958606
vt 6.799802 -2.547863
vt 6.992897 -2.622280
vt 6.843914 -2.863686
vt 5.958102 1.869580
vt 5.733909 1.982152
vt 6.101827 2.075338
vt -0.953747 -1.591518
vt -1.296852 -1.387333
vt -1.179915 -1.602818
vt 5.802000 -2.769341
vt 6.081987 -2.923256
vt 5.759410 -2.910238
vt 10.961738 -9.504027
vt 10.681748 -9.350100
vt 10.639157 -9.491010
vt 1.426721 -6.397595
vt 1.233617 -6.323176
vt 1.277731 -6.639001
vt 8.644907 1.096164
vt 8.369873 0.781350
vt 8.915575 0.878752
vt 7.972310 -3.950964
vt 8.291941 -3.869958
vt 8.177786 -3.561866
vt -5.073811 -5.642974
vt -4.612710 -5.380611
vt -4.612203 -5.636282
vt -5.162776 6.058973
vt -5.432559 6.401049
vt -5.446778 6.058973
vt 8.664386 -2.734872
vt 8.158276 -2.753345
vt 8.371665 -2.488367
vt -5.483019 0.843529
vt -5.612539 1.066346
vt -5.582335 0.833763
vt 7.765684 -0.353515
vt 7.879835 -0.661624
vt 7.560216 -0.742634
vt 6.757979 -6.881269
vt 6.993562 -7.395511
vt 6.654247 -7.063241
vt -2.303981 -6.776973
vt -2.043047 -6.552432
vt -2.274493 -6.708171
vt 6.067955 6.820899
vt 6.366213 7.217202
vt 6.067932 7.217201
vt 8.081118 -0.454869
vt 7.557950 -0.550904
vt 7.793028 -1.059987
vt 10.388145 -5.439467
vt 9.820633 -5.182091
vt 9.978579 -5.513819
vt -7.222772 -5.631085
vt -6.803967 -5.353552
vt -6.803516 -5.651833
vt 9.953587 7.318810
vt 10.033367 7.320964
vt 9.936466 7.411392
vt 8.164111 -6.139250
vt 8.655740 -6.526688
vt 8.721043 -6.337345
vt -5.126559 -0.073819
vt -5.396401 0.461819
vt -5.396401 -0.073819
vt 0.168863 -4.896733
vt 0.319579 -4.879550
vt 0.347370 -4.687359
vt 6.915191 -5.232152
vt 6.583421 -5.833076
vt 7.073634 -6.013636
vt -5.196716 -5.097083
vt -5.107800 -5.003374
vt -5.145917 -5.071484
vt -5.696966 -1.076119
vt -5.619619 -0.893219
vt -5.493953 -0.784538
vt 8.588888 8.372169
vt 8.425430 8.662004
vt 8.408941 8.209365
vt 5.197528 4.616186
vt 5.185756 4.590207
vt 5.122208 4.544964
vt 7.009149 6.741777
vt 6.962956 6.695634
vt 6.928123 6.672257
vt -9.576803 -0.235095
vt -9.657799 -0.024693
vt -9.539018 0.134915
vt 1.620417 9.962948
vt 1.574115 10.332312
vt 1.422034 9.962325
vt 5.477702 1.104221
vt 5.397612 1.266114
vt 5.789692 1.486758
vt 10.749365 -2.442497
vt 10.893378 -2.224902
vt 10.831467 -2.175121
vt 5.457679 11.510204
vt 5.633018 11.839849
vt 5.512840 11.725677
vt 5.589385 4.636568
vt 5.596201 4.147280
vt 5.433852 4.640161
vt 7.550760 4.566230
vt 7.460351 5.043191
vt 7.628709 4.544367
vt 6.505077 -4.315616
vt 6.445776 -4.450731
vt 6.539392 -4.465255
vt 10.846709 -2.333043
vt 10.992285 -2.047609
vt 10.756287 -2.182577
vt 9.619047 4.749946
vt 9.618382 4.476610
vt 9.576256 4.665684
vt -6.482378 -0.675315
vt -6.530799 -0.573586
vt -6.317442 -0.526276
vt 11.596493 3.329327
vt 11.410068 2.999631
vt 11.428477 2.956454
vt 6.909642 5.135907
vt 6.971075 4.932561
vt 7.094497 4.959370
vt 1.161577 -1.594672
vt 1.259857 -1.693203
vt 1.245568 -1.674573
vt 7.259496 -8.824533
vt 7.428636 -8.839474
vt 7.413431 -9.199966
vt 9.447031 -10.580513
vt 9.362465 -10.538530
vt 9.360584 -10.577599
vt 0.440895 0.753994
vt 1.676963 -0.246006
vt 1.676963 0.753994
vt 1.676965 0.753994
vt 0.440895 -0.246006
vt 1.676965 -0.246006
vt 9.364204 -9.597576
vt 9.426060 -9.671643
vt 9.380641 -9.627378
vt 11.125194 4.910766
vt 11.324553 4.930326
vt 11.181254 5.290773
vt -6.142829 -1.177391
vt -5.787033 -1.338517
vt -5.858992 -1.240254
vt 9.107645 -8.516891
vt 8.873899 -8.270807
vt 8.824860 -8.236683
vt -0.394029 -4.542620
vt -0.302253 -4.662543
vt -0.266612 -4.610140
vt 8.674049 -0.971479
vt 8.575188 -1.193688
vt 8.475235 -0.799770
vt 7.520088 -10.108342
vt 7.272124 -10.135136
vt 7.274014 -10.032816
vt 2.169971 7.900514
vt 2.084178 8.118956
vt 2.126987 7.850307
vt 4.163289 9.619659
vt 4.233893 9.201978
vt 4.240871 9.638931
vt 8.067059 4.537954
vt 8.222521 4.544243
vt 8.066671 4.048592
vt 6.059765 4.898316
vt 5.967983 4.874530
vt 6.100942 5.375833
vt 8.901657 10.145361
vt 9.059591 10.043016
vt 8.657688 9.858684
vt -7.199309 -5.667377
vt -7.121238 -5.297882
vt -7.120622 -5.695557
vt 7.601714 -1.280542
vt 7.351529 -1.919945
vt 7.279880 -1.341970
vt -0.203025 8.415367
vt -0.387473 8.709789
vt -0.220218 8.369855
vt 6.877157 -10.231134
vt 6.631994 -10.196667
vt 6.880154 -10.320343
vt 8.442572 -9.959741
vt 8.628088 -10.110809
vt 8.587656 -9.913519
vt 6.587383 9.377327
vt 6.520933 8.989553
vt 6.742198 9.446710
vt 6.985052 -7.581356
vt 7.226767 -7.487682
vt 7.236759 -7.588583
vt 8.590454 -1.831407
vt 8.582491 -1.881695
vt 8.937431 -2.156373
vt 11.537853 -11.134716
vt 11.191069 -10.782465
vt 11.490012 -11.091520
vt -8.589282 -2.171785
vt -8.627796 -2.242853
vt -8.395715 -2.336726
vt 1.676948 0.753994
vt 0.440895 -0.246006
vt 1.676948 -0.246006
vt -10.214834 2.650536
vt -10.008096 2.665485
vt -10.155416 2.766513
vt 7.325439 -5.168349
vt 7.511514 -5.104411
vt 7.502920 -4.969982
vt -3.965242 -1.251237
vt -3.954376 -1.297684
vt -3.788757 -1.127733
vt -5.045091 -5.262773
vt -5.091935 -5.300841
vt -5.228015 -5.444516
vt 9.263917 -9.273346
vt 9.274817 -9.289681
vt 8.993567 -9.013763
vt 4.456963 2.873589
vt 4.516449 2.984634
vt 4.378801 2.869241
vt 6.916856 6.108036
vt 6.765329 5.995338
vt 6.731580 5.928585
vt 0.628235 -0.130184
vt 0.383936 -0.342104
vt 0.557370 -0.228898
vt -3.100191 -4.397282
vt -3.183586 -4.436122
vt -3.276423 -4.548546
vt 0.605578 -3.425683
vt 0.443679 -3.506300
vt 0.675789 -3.299634
vt -5.175545 -0.957249
vt -5.272213 -1.068977
vt -5.089704 -1.020575
vt -5.762640 3.760864
vt -5.641054 3.681144
vt -5.539488 3.780352
vt 5.422534 4.463822
vt 5.365081 4.261053
vt 5.318187 4.272721
vt 1.997951 -0.591685
vt 2.056919 -0.501675
vt 2.130310 -0.464472
vt 5.926481 7.909827
vt 5.931729 7.864388
vt 5.637023 7.596483
vt 10.211396 -1.933745
vt 10.108137 -1.997643
vt 10.302363 -2.045423
vt 10.556809 -9.740128
vt 10.514211 -9.705986
vt 10.696861 -9.886478
vt 9.109469 3.495085
vt 9.110137 3.273411
vt 9.203480 3.258542
vt 2.022006 1.657701
vt 2.162474 1.794275
vt 2.107765 1.755355
vt 9.990606 3.034379
vt 10.254148 2.887133
vt 10.138929 3.378222
vt -8.101264 0.814919
vt -8.039612 0.668230
vt -8.258628 0.880428
vt -4.729935 1.002931
vt -4.923326 0.963106
vt -4.763959 1.097814
vt 6.784351 2.428906
vt 6.879649 2.186496
vt 6.969200 2.400948
vt 7.486308 8.913012
vt 7.314462 8.707067
vt 7.467819 8.636999
vt 4.283295 3.829469
vt 4.557933 4.094621
vt 4.275382 3.815695
vt 7.199556 -10.649870
vt 7.195487 -10.529963
vt 7.009981 -10.448821
vt 3.690051 -2.314095
vt 3.689898 -2.403038
vt 3.850150 -2.202237
vt 9.340505 5.556021
vt 9.391754 5.834882
vt 9.217234 5.685225
vt -4.374347 6.293926
vt -4.190476 6.048818
vt -4.437304 6.217321
vt 8.497053 6.029025
vt 8.353306 6.167068
vt 8.450075 6.209949
vt 10.358499 -10.296029
vt 10.263018 -10.189008
vt 10.221138 -10.163341
vt 8.991457 -8.595711
vt 8.856234 -8.482688
vt 8.925030 -8.597071
vt 10.001640 -11.579288
vt 9.844138 -11.476519
vt 10.014603 -11.676387
vt 0.000000 -0.000000
vt 1.236059 -1.000000
vt 1.236059 -0.000000
vt 7.218640 -7.526782
vt 7.078819 -7.429712
vt 7.263141 -7.604978
vt 7.319735 7.647383
vt 7.088357 7.658736
vt 7.325901 7.363355
vt 2.343674 -2.915836
vt 2.235636 -3.205872
vt 2.213089 -3.012257
vt 11.767221 -1.595852
vt 11.876446 -1.328799
vt 11.642414 -1.479599
vt 7.021742 -8.948707
vt 7.068948 -8.887683
vt 7.067188 -9.012211
vt 3.687187 -1.529413
vt 3.701074 -1.441670
vt 3.777023 -1.465837
vt -6.342311 -4.117695
vt -6.278394 -4.256301
vt -6.418471 -4.122444
vt 9.375067 -3.093153
vt 9.509649 -2.705398
vt 9.241943 -2.793190
vt -8.559366 3.017509
vt -9.076679 3.015028
vt -8.842804 2.687440
vt 4.765039 -3.218789
vt 4.607810 -3.772299
vt 4.872138 -3.814559
vt -10.903003 0.656695
vt -11.042150 1.044350
vt -11.102631 0.754394
vt -10.378223 -6.364575
vt -10.380386 -6.728762
vt -10.773768 -6.769566
vt 11.457943 -0.130661
vt 11.444465 0.079753
vt 11.243793 0.025439
vt 0.000000 -0.000000
vt 1.236066 -1.000000
vt 1.236066 -0.000000
vt 5.182419 5.900180
vt 4.940835 5.648335
vt 5.222600 5.924755
vt 11.381660 -5.902303
vt 11.142262 -5.705329
vt 11.371105 -5.917450
vt 8.912662 -1.123303
vt 8.945816 -1.027598
vt 9.105280 -1.161853
vt 7.694687 -2.896854
vt 7.501525 -3.061764
vt 7.733622 -2.967938
vt -3.782271 -4.034320
vt -3.730871 -3.987500
vt -3.441328 -3.686145
vt 10.497238 -9.897526
vt 10.475592 -9.868005
vt 10.697662 -10.066225
vt -4.969747 -3.753644
vt -4.887034 -3.670722
vt -4.941927 -3.736622
vt 0.217400 -9.261836
vt 0.207914 -9.226462
vt 0.120640 -9.274844
vt 6.577965 7.713893
vt 6.569459 7.429954
vt 6.809413 7.735772
vt -5.076920 -2.973723
vt -5.542689 -2.753448
vt -5.032388 -3.085544
vt 6.996598 8.457767
vt 7.276739 8.776066
vt 7.211271 8.358360
vt 10.534607 0.668760
vt 10.606336 0.589413
vt 10.614031 0.898015
vt 7.785829 5.415343
vt 7.571319 5.192331
vt 7.611605 4.873244
vt 4.697115 -3.966022
vt 4.657095 -3.939233
vt 4.589884 -3.859736
vt 6.420866 4.242918
vt 6.514000 4.258721
vt 6.509726 4.480230
vt 7.349323 4.489696
vt 7.430965 4.171521
vt 7.441577 4.517897
vt 10.152636 -5.738912
vt 9.910155 -5.572171
vt 9.984636 -5.682421
vt 5.456926 11.435793
vt 5.609121 11.531086
vt 5.506433 11.169154
vt -4.732746 -5.339975
vt -4.605358 -5.242453
vt -4.628523 -5.269512
vt -1.325856 3.125360
vt -1.112968 3.282936
vt -1.315774 3.335135
vt 12.055884 -0.732387
vt 12.153912 -0.830592
vt 12.281239 -0.748849
vt 3.305924 4.713616
vt 3.236460 4.995893
vt 3.219968 4.663056
vt 7.753117 -3.369801
vt 7.361051 -3.590446
vt 7.441139 -3.752340
vt 3.459546 10.527607
vt 3.324795 10.834746
vt 3.194431 10.355169
vt 0.235422 -7.315275
vt 0.316646 -7.321778
vt 0.181092 -7.454443
vt 11.120193 -12.655066
vt 10.977493 -12.346962
vt 11.105268 -12.435976
vt 12.881132 -0.553533
vt 12.943556 -0.628982
vt 12.694660 -0.805153
vt 1.236060 -0.000000
vt 0.000000 -1.000000
vt 1.236060 -1.000000
vt -9.546595 -0.211650
vt -9.456160 -0.060820
vt -9.692149 0.073088
vt -10.565637 -5.251707
vt -10.580887 -5.550663
vt -9.979766 -5.569984
vt 0.579640 6.760225
vt 0.479997 7.281551
vt 0.450109 6.719040
vt 7.174511 -8.260682
vt 7.420579 -8.174234
vt 7.450226 -8.118612
vt 12.184170 -11.901514
vt 12.238082 -11.918983
vt 12.077491 -11.778507
vt 3.639246 7.459570
vt 3.640026 7.731683
vt 3.682347 7.649401
vt 9.895344 -4.921083
vt 9.960580 -5.116903
vt 9.906816 -5.051559
vt 13.374610 -0.170302
vt 13.573058 -0.154433
vt 13.408756 -0.008021
vt 4.503255 -3.788566
vt 4.662899 -3.721623
vt 4.446537 -3.934654
vt 5.282714 6.392223
vt 5.428561 6.535442
vt 5.438301 6.389457
vt 12.158918 -11.938437
vt 12.127638 -11.914652
vt 12.076469 -11.855532
vt -4.722263 5.782695
vt -4.689052 5.621320
vt -4.577960 5.596015
vt 7.928960 10.167608
vt 7.984124 10.294279
vt 7.868463 10.138988
vt 8.704419 -9.945504
vt 8.768745 -9.868338
vt 8.771281 -9.977461
vt 10.760180 -6.969361
vt 10.692500 -6.966814
vt 10.665727 -6.936184
vt 8.808985 -1.816744
vt 8.625307 -1.978775
vt 8.608089 -1.901588
vt -11.122515 -4.505063
vt -11.120955 -4.145896
vt -11.641800 -4.148899
vt 1.769969 -5.064528
vt 1.560876 -5.157582
vt 1.717017 -5.183138
vt 1.056440 0.317178
vt 0.864394 0.157221
vt 1.076641 0.346082
vt 7.466329 -6.524410
vt 7.202087 -6.481950
vt 7.445967 -6.401609
vt 4.540638 -0.535260
vt 4.801578 -0.310713
vt 4.670877 -0.509844
vt -4.844051 -0.467079
vt -4.918558 -0.340280
vt -4.686592 -0.546084
vt 8.613988 3.838733
vt 8.563446 3.513398
vt 8.626665 3.505469
vt 9.731460 -1.085130
vt 9.565826 -0.936159
vt 9.777210 -0.983271
vt 6.258482 5.819715
vt 6.278957 5.846098
vt 6.349737 5.908001
vt 9.650233 0.984323
vt 9.668362 0.895964
vt 9.575324 0.962816
vt 9.970609 -7.222712
vt 9.923039 -7.198564
vt 9.880480 -7.129013
vt 9.520630 1.501799
vt 9.467056 1.210062
vt 9.568511 1.160026
vt 7.353927 -12.872339
vt 7.374832 -12.771224
vt 7.415837 -12.899332
vt 4.979955 -10.495630
vt 4.941973 -10.561525
vt 4.923353 -10.440283
vt -3.533428 -1.992288
vt -3.655129 -2.219888
vt -3.666569 -2.129219
vt -6.009531 -5.868171
vt -5.901898 -5.760333
vt -5.938536 -5.806536
vt 11.304458 -4.705962
vt 11.097910 -4.690406
vt 11.150833 -4.794585
vt -2.982704 3.118356
vt -3.081660 3.034498
vt -2.895950 2.888484
vt 10.942244 -2.489717
vt 11.011139 -2.531455
vt 11.001022 -2.357121
vt 6.906388 -6.902431
vt 6.917103 -6.777923
vt 7.165903 -6.835580
vt 8.643921 -8.846879
vt 8.554644 -8.760807
vt 8.619310 -8.817020
vt -2.145070 -1.664286
vt -2.132430 -1.829710
vt -2.185379 -1.894247
vt 1.102609 5.662604
vt 1.111607 5.645044
vt 1.330638 5.833220
vt 0.000000 -0.000000
vt 1.236065 -1.000000
vt 1.236065 -0.000000
vt 5.534433 4.391978
vt 5.832459 3.851822
vt 5.832459 4.391992
vt 7.767555 -1.728571
vt 7.993375 -2.096407
vt 7.856674 -1.963778
vt 7.812913 4.206843
vt 7.945601 4.391102
vt 8.105647 4.174293
vt 5.581471 7.695005
vt 5.702632 7.439156
vt 5.530534 7.461696
vt 6.856951 -0.088802
vt 6.674463 -0.269813
vt 6.698825 -0.123582
vt 11.368319 -0.223120
vt 11.267520 -0.483908
vt 11.468207 -0.306351
vt -4.687671 0.219004
vt -4.608681 0.120445
vt -4.584097 0.315460
vt -8.237414 -0.173429
vt -8.324793 -0.023588
vt -8.305470 -0.214042
vt 3.796097 8.235519
vt 3.920293 8.369720
vt 3.746873 8.511868
vt 8.105235 2.580730
vt 8.154278 2.233263
vt 8.198788 2.553602
vt -0.655172 -10.968771
vt -0.674066 -11.141602
vt -0.717172 -11.045256
vt 11.865036 3.104879
vt 11.663544 3.094526
vt 11.698444 2.919131
vt 11.900284 1.673987
vt 11.963710 1.359406
vt 12.090740 1.317565
vt 0.000000 -0.000000
vt 1.236069 -1.000000
vt 1.236069 -0.000000
vt 0.784860 6.092490
vt 0.689886 6.017628
vt 0.870982 5.960928
vt 0.000000 -0.000000
vt 1.236072 -1.000000
vt 1.236072 -0.000000
vt 0.440895 0.753994
vt 1.676960 -0.246006
vt 1.676960 0.753994
vt 2.899078 3.972759
vt 2.796419 3.786759
vt 2.785817 4.000025
vt 7.095518 -6.117290
vt 6.879293 -6.117290
vt 7.095516 -6.240533
vt 10.142573 -11.748542
vt 10.157250 -11.803119
vt 10.170551 -11.803997
vt 5.719848 9.781036
vt 5.729768 9.617947
vt 5.938237 9.825375
vt 8.418262 1.034291
vt 8.464564 1.033646
vt 8.469219 0.959386
vt 0.000000 -0.000000
vt 1.236068 -1.000000
vt 1.236068 -0.000000
vt 0.658711 -1.220509
vt 0.668124 -1.213480
vt 0.731901 -1.138243
vt 3.243706 2.765532
vt 3.297192 2.835495
vt 3.373020 2.904005
vt 5.833482 -4.526402
vt 5.752628 -5.141762
vt 5.486260 -5.091709
vt 11.221260 -1.732824
vt 11.440052 -1.633594
vt 11.221262 -1.589865
vt 8.857954 -2.953122
vt 9.034583 -3.010961
vt 8.946269 -2.858949
vt -2.036731 -3.130302
vt -1.824396 -3.229454
vt -1.824396 -3.086608
vt 11.285915 -11.519110
vt 11.242500 -11.463145
vt 11.365814 -11.593886
vt 2.724044 -8.450814
vt 2.896942 -8.392534
vt 2.810493 -8.297641
vt 11.309212 -2.632868
vt 11.417953 -2.475798
vt 11.417955 -2.620133
vt 1.368585 3.239795
vt 1.453434 3.048684
vt 1.538280 3.128706
vt -7.720540 1.259445
vt -7.327152 1.300249
vt -7.324990 1.664440
vt 11.709262 0.608219
vt 11.535670 0.497706
vt 11.622467 0.418099
vt -9.257409 -2.992566
vt -8.960319 -3.108853
vt -9.179200 -2.936950
vt -5.613853 -6.751081
vt -5.521743 -6.657072
vt -5.531749 -6.665022
vt 8.118067 -8.791348
vt 7.976027 -8.893778
vt 7.976028 -8.791348
vt -1.301036 5.573705
vt -1.325399 5.655572
vt -1.259211 5.604152
vt -7.390080 2.815119
vt -7.162502 2.565175
vt -7.241659 2.587005
vt 0.000000 -0.000000
vt 1.236076 -1.000000
vt 1.236076 -0.000000
vt 2.843027 -4.360076
vt 2.866736 -4.314901
vt 2.853127 -4.360820
vt 12.046555 -1.368298
vt 12.047899 -1.302396
vt 12.111403 -1.325171
vt 9.488391 -12.196758
vt 9.449419 -12.184853
vt 9.509083 -12.257060
vt 0.313133 6.816127
vt 0.253936 6.798156
vt 0.319286 6.863125
vt 7.119293 -3.474796
vt 6.977285 -3.320627
vt 7.119293 -3.320627
vt 1.785915 10.041511
vt 1.787230 10.130871
vt 1.832578 10.073432
vt -1.982041 2.841995
vt -1.742720 2.942912
vt -1.764865 2.773878
vt 9.419598 5.401645
vt 9.379837 5.460216
vt 9.442385 5.441593
vt 7.716197 11.236322
vt 7.500611 11.200518
vt 7.705288 11.388665
vt 3.645971 7.832689
vt 3.653332 7.883596
vt 3.707819 7.850807
vt 7.977459 3.458360
vt 8.119495 3.566293
vt 8.119467 3.458360
vt 3.993948 9.238048
vt 3.971876 9.276133
vt 4.034597 9.298599
vt -7.724368 -9.608324
vt -7.578259 -9.799646
vt -7.830490 -9.703527
vt -1.458636 -3.138304
vt -1.349918 -3.303041
vt -1.458636 -3.281062
vt 9.088037 -11.597141
vt 9.032169 -11.545950
vt 8.998130 -11.595406
vt -4.510662 4.944697
vt -4.281244 4.857941
vt -4.286746 5.015930
vt 3.191392 -8.933762
vt 3.286674 -8.951057
vt 3.286674 -9.031770
vt 10.753996 0.141343
vt 10.660987 0.126291
vt 10.660987 0.226306
vt 7.919327 -2.051495
vt 8.014618 -2.034203
vt 7.919327 -2.132190
vt 0.819568 4.439234
vt 0.726546 4.454291
vt 0.819568 4.539285
vt 1.177794 -3.201333
vt 1.396600 -3.245072
vt 1.177795 -3.344325
vt -2.497583 -9.372855
vt -2.409284 -9.524828
vt -2.585882 -9.467005
vt -11.526655 -1.483732
vt -11.526655 -1.626573
vt -11.738985 -1.527424
vt -9.527678 -2.545409
vt -9.441226 -2.640313
vt -9.614131 -2.698601
vt 10.428980 3.253716
vt 10.470042 3.308815
vt 10.512730 3.238865
vt 1.233079 -3.360385
vt 1.340529 -3.202596
vt 1.233079 -3.206735
vt -10.023863 0.423367
vt -10.108699 0.343343
vt -10.193534 0.534458
vt -2.037487 2.947792
vt -2.124278 3.027380
vt -1.950696 3.137869
vt 9.056376 -6.484865
vt 8.835100 -6.125347
vt 8.847849 -6.563616
vt -7.525921 -9.792202
vt -7.383880 -9.894616
vt -7.383880 -9.792202
vt 8.335526 8.057534
vt 8.122040 7.842923
vt 8.164959 7.893076
vt 0.440895 0.753994
vt 1.676967 -0.246006
vt 1.676967 0.753994
vt -7.526688 -3.319027
vt -7.384681 -3.473194
vt -7.384681 -3.319027
vt -0.032430 -3.561373
vt -0.062636 -3.328768
vt 0.066894 -3.551605
vt 9.632804 -9.851574
vt 9.623849 -9.844572
vt 9.717061 -9.939100
vt 10.478266 3.636732
vt 10.478828 3.734681
vt 10.525770 3.717880
vt -7.525396 3.566430
vt -7.383389 3.458496
vt -7.383356 3.566430
vt 11.361197 -0.094396
vt 11.278578 0.127516
vt 11.612974 -0.062500
vt -11.691610 -1.416994
vt -11.582881 -1.581745
vt -11.584213 -1.429594
vt 6.061943 8.005924
vt 6.053264 7.848974
vt 6.284132 7.846748
vt 5.766167 -11.655707
vt 5.770133 -11.622416
vt 5.725004 -11.578499
vt 11.643850 -0.845853
vt 11.526915 -0.630405
vt 11.870018 -0.834554
vt -6.532043 -6.532043
vt 4.432556 4.432495
vt 0.216370 0.216370
vt 8.675362 8.058829
vt 8.442510 8.081134
vt 8.635321 7.894023
vt 6.004673 -7.302236
vt 5.881438 -7.296292
vt 5.987423 -7.130560
vt 0.440895 0.753994
vt 1.676960 -0.246006
vt 1.676960 0.753994
vt 8.260371 6.952047
vt 8.239701 6.785187
vt 8.409573 6.874207
vt 6.822683 4.008331
vt 6.727402 4.028513
vt 6.763204 4.052751
vt -8.242588 -1.929708
vt -8.242587 -1.849013
vt -8.337856 -1.831721
vt -1.150095 4.664406
vt -1.150094 4.564389
vt -1.057064 4.579443
vt -3.609405 -9.231193
vt -3.514141 -9.133205
vt -3.609405 -9.150498
vt -10.992691 0.098787
vt -11.085695 0.013809
vt -10.992690 -0.001247
vt 12.301552 -6.002207
vt 12.229298 -5.962926
vt 12.311296 -5.997623
vt 10.822214 2.348347
vt 10.775950 2.376280
vt 10.823580 2.441254
vt 4.393141 -6.954577
vt 4.484818 -6.935195
vt 4.447567 -6.897476
vt 9.647438 5.144779
vt 9.585694 5.160507
vt 9.640433 5.195480
vt 10.820479 -7.946573
vt 10.763404 -8.008575
vt 10.672409 -7.874340
vt 0.440895 0.253993
vt 0.804165 -0.246006
vt 1.391950 -0.055023
vt 4.558361 5.746560
vt 4.918488 5.795267
vt 4.740808 5.672571
vt 8.509501 -1.336812
vt 8.738533 -1.289505
vt 8.517646 -1.423145
vt -5.915527 2.088345
vt -6.086815 2.319473
vt -5.966570 2.037382
vt 5.990974 5.220854
vt 6.339024 5.713738
vt 6.171291 5.160661
vt 5.284400 -0.477594
vt 5.483598 -0.331199
vt 5.682076 -0.477594
vt 0.163219 -1.528571
vt -0.057666 -1.394914
vt 0.171362 -1.442226
vt 5.140044 6.181658
vt 5.802443 6.698527
vt 5.878613 6.181658
vt 7.467630 -7.192403
vt 7.238440 -6.884339
vt 7.293275 -7.281141
vt 6.991321 2.734904
vt 6.975038 2.357478
vt 6.791853 2.283832
vt -6.687278 -7.556391
vt -6.677804 -7.545748
vt -6.766353 -7.632279
vt -0.559528 0.559624
vt -1.787373 1.787491
vt 1.756222 -1.756081
vt 3.059035 -2.944623
vt 2.882382 -2.831465
vt 3.053896 -2.862018
vt -9.282585 -11.764892
vt -9.306946 -11.911091
vt -9.124483 -11.730121
vt 3.322906 -1.429883
vt 3.317441 -1.421948
vt 3.235303 -1.349566
vt -8.264832 -8.538790
vt -8.307752 -8.588943
vt -8.094260 -8.374329
vt 7.285030 -2.931676
vt 7.456546 -2.901117
vt 7.279911 -3.014299
vt 1.453849 4.890838
vt 1.183178 4.933270
vt 1.377750 5.015812
vt -8.819086 -0.936471
vt -8.621354 -1.146640
vt -8.522225 -1.113321
vt 10.824776 -1.719300
vt 10.817138 -1.659386
vt 10.895962 -1.726606
vt 5.698675 4.779104
vt 5.602573 4.757486
vt 5.660963 4.802585
vt -2.697143 3.008261
vt -2.714596 3.125116
vt -2.965909 3.022557
vt -2.035573 7.696693
vt -1.972058 7.721991
vt -1.971640 7.657236
vt 0.000000 -0.000000
vt 1.236077 -1.000000
vt 1.236077 -0.000000
vt 5.214912 8.494509
vt 5.030255 8.324038
vt 5.134747 8.348798
vt 1.236066 -0.000000
vt 0.000000 -1.000000
vt 1.236066 -1.000000
vt 7.028084 8.172555
vt 7.027311 8.111036
vt 6.981677 8.159814
vt 6.569175 -7.557407
vt 6.409228 -7.388008
vt 6.645316 -7.446159
vt 12.787936 -1.857832
vt 12.778708 -1.702263
vt 12.921763 -1.793762
vt -7.417271 -1.098688
vt -7.539215 -1.316086
vt -7.305082 -1.040864
vt 9.878497 3.056596
vt 9.796745 3.098360
vt 9.881120 3.069907
vt 11.567637 -0.420878
vt 11.806501 -0.320718
vt 11.515591 -0.299041
vt 7.495920 -9.340861
vt 7.748818 -9.617640
vt 7.826950 -9.670357
vt 2.075259 7.005957
vt 2.075747 6.908363
vt 2.028309 6.987827
vt 7.345363 8.317661
vt 7.312593 8.472782
vt 7.098896 8.303779
vt 6.323713 -10.141055
vt 6.654053 -10.216455
vt 6.429893 -10.078321
vt 10.095447 0.743569
vt 10.344453 0.694957
vt 10.350150 0.537233
vt 5.391696 6.792369
vt 5.343006 6.825412
vt 5.385961 6.870772
vt 9.089921 -0.365412
vt 9.330894 -0.566374
vt 9.106094 -0.482019
vt 6.064849 -10.635450
vt 6.182367 -10.870062
vt 5.988050 -10.702773
vt 5.394545 9.640828
vt 5.160411 9.365658
vt 5.282356 9.583014
vt 11.361568 -0.550305
vt 11.167036 -0.632846
vt 11.437652 -0.675279
vt 12.432232 -1.382894
vt 12.422103 -1.368625
vt 12.458786 -1.350290
vt 10.763395 -8.008650
vt 10.820476 -7.946648
vt 10.672400 -7.874412
vt 1.100327 1.100105
vt 0.100018 0.099804
vt 0.292511 0.292316
vt 4.143341 -0.410671
vt 4.200804 -0.340778
vt 4.159837 -0.364125
vt 5.645150 -10.904745
vt 5.868269 -11.114758
vt 5.767143 -11.141524
vt 9.403598 -10.656263
vt 9.366668 -10.605220
vt 9.380179 -10.610548
vt 10.453636 -0.458692
vt 10.184910 -0.444402
vt 10.436187 -0.341892
vt 8.424376 2.172529
vt 8.380162 2.124323
vt 8.386409 2.103148
vt 3.645515 4.140990
vt 3.502433 4.232522
vt 3.511663 4.076896
vt 0.280284 -3.509461
vt 0.640098 -3.509461
vt 0.460191 -3.339403
vt 9.671127 -3.182808
vt 10.031913 -3.187558
vt 9.891821 -3.588989
vt 6.713062 5.789367
vt 6.245505 5.321208
vt 6.455540 5.536149
vt 1.852921 1.853088
vt -0.648010 -0.647766
vt 0.805145 0.805267
vt 4.777293 9.457361
vt 4.654737 9.303727
vt 4.782316 9.317826
vt 6.274482 -3.127807
vt 6.116530 -2.796056
vt 6.684065 -3.053449
vt 7.833171 -7.764822
vt 8.044182 -7.979771
vt 7.576488 -7.511595
vt 12.199434 -1.822090
vt 12.281362 -1.342025
vt 11.742976 -1.425267
vt 0.000000 -0.311502
vt 0.934366 -1.000000
vt 0.934366 -0.311502
vt 6.257566 11.398171
vt 6.398195 11.521567
vt 6.410826 11.388311
vt -5.734215 0.724676
vt -5.652680 0.244613
vt -5.196084 0.641435
vt 9.078596 -9.212305
vt 8.983634 -9.118125
vt 8.988617 -9.125798
vt 0.440895 0.753994
vt 1.676969 -0.246006
vt 1.676969 0.753994
vt 8.360698 7.982005
vt 8.367194 8.060089
vt 8.409648 8.017127
vt 7.246467 -5.377834
vt 7.454333 -5.809788
vt 7.037695 -5.809787
vt 0.000000 -1.000000
vt 0.934361 -0.311502
vt 0.000000 -0.311502
vt -6.119518 -0.924925
vt -6.224025 -0.949694
vt -6.039339 -0.779170
vt 5.148952 7.611551
vt 4.819139 7.172958
vt 4.701036 7.138763
vt 8.613571 -6.075262
vt 8.284908 -5.636651
vt 8.732449 -6.109459
vt 5.051358 4.670273
vt 5.001923 4.595159
vt 5.004701 4.669263
vt -6.617919 -0.971478
vt -6.485581 -1.049412
vt -6.592218 -0.910084
vt -7.621803 -10.055223
vt -7.857866 -9.997086
vt -7.697936 -10.166443
vt 5.139131 6.772709
vt 4.787328 6.766068
vt 5.139131 6.927967
vt 9.265984 3.141730
vt 8.914158 3.148371
vt 8.914158 3.303624
vt 4.030917 -4.317036
vt 3.809852 -4.723220
vt 3.670133 -4.321786
vt -0.372428 -3.833705
vt -0.492634 -3.551680
vt -0.321402 -3.782753
vt -4.479344 -6.891115
vt -4.820239 -6.891115
vt -4.649792 -7.155416
vt -7.276880 -6.666730
vt -7.523891 -6.354777
vt -7.523453 -6.638840
vt -7.984411 6.983385
vt -7.463590 6.986387
vt -7.465148 6.627225
vt -9.247615 -7.069583
vt -9.302444 -6.672832
vt -9.073276 -6.980857
vt 0.476788 -4.714129
vt 0.142356 -4.524132
vt 0.224984 -4.746021
vt -10.619371 -3.451490
vt -10.853259 -3.123922
vt -10.335917 -3.121441
vt 3.426612 -3.932499
vt 3.234964 -4.289212
vt 3.107219 -4.289213
vt -8.249645 5.038075
vt -8.850744 5.057400
vt -8.835497 5.356381
vt 0.440895 0.753994
vt 1.676962 -0.246006
vt 1.676962 0.753994
vt 1.676957 0.753994
vt 0.440895 -0.246006
vt 1.676957 -0.246006
vt 0.363271 -1.000000
vt 0.951056 -0.190984
vt 0.363271 -0.000000
vt 0.440895 0.753994
vt 1.676967 -0.246006
vt 1.676967 0.753994
vt 0.440895 0.753994
vt 1.676957 -0.246006
vt 1.676957 0.753994
vt 0.440895 0.753994
vt 1.676960 -0.246006
vt 1.676960 0.753994
vt 0.440895 0.753994
vt 1.676966 -0.246006
vt 1.676966 0.753994
vt 0.440895 0.753994
vt 1.676960 -0.246006
vt 1.676960 0.753994
vt 0.495725 -0.816310
vt 3.068315 -0.097864
vt 3.236834 -0.000000
vt 0.635210 -0.231757
vt 3.164196 0.626057
vt 3.149234 0.590905
vt 2.708343 -0.836906
vt 0.000000 -0.000000
vt 0.168480 -0.097858
vt 0.892554 -0.159866
vt 3.331864 0.708395
vt 3.225381 0.667861
vt 0.609374 -0.148148
vt 3.181419 0.570319
vt 3.255520 0.570319
vt 3.236147 -1.000000
vt 0.527802 -0.163099
vt 0.512841 -0.127947
vt 0.862413 -0.062324
vt 3.366309 0.596919
vt 3.508560 0.656139
vt 0.345245 -0.954404
vt 2.785082 -0.086133
vt 2.723883 -0.127940
vt 2.890972 -0.954400
vt 0.451659 -0.086144
vt 0.345176 -0.045605
vt 0.527915 -0.836901
vt 3.236834 -0.000000
vt 3.042481 -0.014243
vt 0.968699 -0.082910
vt 3.677041 0.753994
vt 3.482726 0.739745
vt 0.512949 -0.872057
vt 3.042481 -0.014243
vt 2.891589 -0.045597
vt 0.310797 -0.842910
vt 2.815221 -0.183692
vt 2.926034 -0.157089
vt 2.784488 -0.913864
vt 0.345176 -0.045605
vt 0.194315 -0.014252
vt 2.925418 -0.842924
vt 0.421518 -0.183683
vt 0.495619 -0.183683
vt 0.440895 -0.246006
vt 3.149234 0.590905
vt 3.181419 0.570319
vt 0.168518 -0.902135
vt 2.741106 -0.183685
vt 2.815221 -0.183692
vt 0.953738 -0.118063
vt 3.482726 0.739745
vt 3.331864 0.708395
vt 0.194353 -0.985757
vt 2.723883 -0.127940
vt 2.708917 -0.163096
vt 2.814629 -0.816322
vt 0.310729 -0.157079
vt 0.421518 -0.183683
vt 0.751624 -0.088928
vt 3.255520 0.570319
vt 3.366309 0.596919
vt 0.421609 -0.816310
vt 2.926034 -0.157089
vt 3.068315 -0.097864
vt 2.740527 -0.816322
vt 0.168480 -0.097858
vt 0.310729 -0.157079
vt 0.936514 -0.062324
vt 3.508560 0.656139
vt 3.677041 0.753994
vt 0.451752 -0.913869
vt 2.891589 -0.045597
vt 2.785082 -0.086133
vt 2.723304 -0.872058
vt 0.194315 -0.014252
vt 0.000000 -0.000000
vt 0.786070 -0.200403
vt 3.225381 0.667861
vt 3.164196 0.626057
vt 3.067668 -0.902145
vt 0.495619 -0.183683
vt 0.527802 -0.163099
vt 0.000000 -1.000000
vt 2.708917 -0.163096
vt 2.741106 -0.183685
vt 3.041833 -0.985750
vt 0.512841 -0.127947
vt 0.451659 -0.086144
vt 12.767150 -11.611623
vt 12.744483 -11.609015
vt 12.706869 -11.553669
vt 0.440895 0.753994
vt 0.440895 -0.246006
vt 1.676965 -0.246006
vt -0.351578 -0.586281
vt -0.325038 -0.559402
vt -0.348512 -0.581993
vt -5.531875 -5.773854
vt -5.528850 -5.774563
vt -5.498090 -5.743758
vt 10.605670 -7.829054
vt 10.565228 -7.769393
vt 10.507111 -7.750116
vt -3.269108 -3.279199
vt -3.239788 -3.249803
vt -3.196855 -3.206945
vt 0.541301 0.563010
vt 0.440895 0.253994
vt 0.541300 -0.055023
vt 0.541300 -0.055023
vt 0.804166 -0.246006
vt 0.541301 0.563010
vt 0.804166 -0.246006
vt 1.129086 -0.246006
vt 0.541301 0.563010
vt 1.129086 -0.246006
vt 1.391951 -0.055023
vt 1.492357 0.253994
vt 1.492357 0.253994
vt 1.391952 0.563011
vt 1.129086 0.753994
vt 1.129086 0.753994
vt 0.804167 0.753994
vt 0.541301 0.563010
vt 1.129086 -0.246006
vt 1.492357 0.253994
vt 0.541301 0.563010
vt 0.440895 0.753994
vt 0.440895 -0.246006
vt 1.676963 -0.246006
vt 9.169311 -9.169119
vt 9.168342 -9.168150
vt 9.139511 -9.139322
vt 0.440895 0.753994
vt 0.440895 -0.246006
vt 1.676960 -0.246006
vt -2.663864 -2.972781
vt -2.635646 -2.944113
vt -2.616083 -2.926265
vt 7.768428 9.150392
vt 7.921554 9.158237
vt 7.885862 9.110512
vt 7.885862 9.110512
vt 7.836551 9.077387
vt 7.793985 9.105804
vt 10.547808 -7.809856
vt 10.507364 -7.750194
vt 10.449250 -7.730924
vt 6.807469 -7.950477
vt 6.745893 -7.891384
vt 6.744740 -7.882654
vt -0.414680 -2.775836
vt -0.401411 -2.761667
vt -0.377935 -2.743539
vt -3.221422 -3.282949
vt -3.201934 -3.263152
vt -3.158913 -3.220590
vt 4.432521 -2.675690
vt 4.436440 -2.684638
vt 4.421136 -2.669763
vt 4.957536 -6.763533
vt 4.976686 -6.773388
vt 4.945948 -6.742729
vt 10.565415 -7.769490
vt 10.605855 -7.829149
vt 10.663969 -7.848422
vt -3.292553 -4.471510
vt -3.310315 -4.487302
vt -3.280545 -4.457310
vt 4.954033 -5.313538
vt 4.957807 -5.315578
vt 4.927070 -5.284790
vt 0.440895 0.753994
vt 0.440895 -0.246006
vt 1.676961 -0.246006
vt 6.498427 -8.281075
vt 6.497849 -8.273533
vt 6.544031 -8.313829
vt 6.990395 10.894459
vt 7.023449 10.936714
vt 7.031822 10.865282
vt 7.023449 10.936714
vt 7.070695 10.973652
vt 7.099089 10.963016
vt 7.095596 10.923347
vt 7.023449 10.936714
vt 7.099089 10.963016
vt 7.095596 10.923347
vt 7.062543 10.881092
vt 7.031822 10.865282
vt 7.031822 10.865282
vt 6.986902 10.854792
vt 6.990395 10.894459
vt 10.433063 -7.758537
vt 10.412841 -7.728706
vt 10.377970 -7.717150
vt 11.565659 -7.770158
vt 11.623774 -7.789434
vt 11.664212 -7.849092
vt 7.487219 5.484535
vt 7.517879 5.445377
vt 7.409967 5.465901
vt -1.710858 -4.126575
vt -1.730423 -4.143800
vt -1.702203 -4.114976
vt 6.772549 7.349735
vt 6.799623 7.388770
vt 6.861053 7.376317
vt 6.861053 7.376317
vt 6.894196 7.339915
vt 6.772549 7.349735
vt 6.894196 7.339915
vt 6.913194 7.291539
vt 6.886120 7.252504
vt 6.772549 7.349735
vt 6.894196 7.339915
vt 6.824689 7.264957
vt 6.886120 7.252504
vt 6.824689 7.264957
vt 6.894196 7.339915
vt 6.838274 -7.276555
vt 6.792091 -7.230684
vt 6.790359 -7.225058
vt -2.982474 -3.017930
vt -2.962879 -2.998164
vt -2.920014 -2.955554
vt 4.012872 -3.496788
vt 3.984530 -3.495214
vt 3.965430 -3.543868
vt 7.556714 8.349855
vt 7.464291 8.345152
vt 7.557682 8.426784
vt 7.464291 8.345152
vt 7.465255 8.422080
vt 7.557682 8.426784
vt 7.557682 8.426784
vt 7.558645 8.503710
vt 7.635664 8.507628
vt 7.632773 8.276851
vt 7.555752 8.272931
vt 7.633734 8.353775
vt 7.555752 8.272931
vt 7.556714 8.349855
vt 7.633734 8.353775
vt 7.711721 8.434622
vt 7.710756 8.357697
vt 7.633734 8.353775
vt 7.556714 8.349855
vt 7.557682 8.426784
vt 7.634699 8.430703
vt 7.557682 8.426784
vt 7.635664 8.507628
vt 7.634699 8.430703
vt 7.634699 8.430703
vt 7.711721 8.434622
vt 7.633734 8.353775
vt -3.173021 -4.870382
vt -3.143252 -4.839915
vt -3.167018 -4.860288
vt 0.440895 0.753994
vt 0.440895 -0.246006
vt 1.676960 -0.246006
vt 5.087580 -7.750537
vt 5.081657 -7.827499
vt 5.143092 -7.830048
vt 10.605731 -8.828699
vt 10.547615 -8.809429
vt 10.507178 -8.749771
vt 0.440895 0.753994
vt 0.440895 -0.246006
vt 1.676959 -0.246006
vt 5.209375 6.002635
vt 5.199177 5.988458
vt 5.166517 5.971400
vt 2.672248 -4.166133
vt 2.627618 -4.121049
vt 2.660395 -4.151238
vt 5.155031 -7.676120
vt 5.093593 -7.673570
vt 5.087668 -7.750531
vt 5.154943 -7.676224
vt 5.162055 -7.583870
vt 5.100613 -7.581319
vt 10.469154 -8.760002
vt 10.459045 -8.745088
vt 10.424179 -8.733528
vt 4.050266 7.905189
vt 4.045466 7.854496
vt 4.000453 7.846174
vt 8.754747 5.650933
vt 8.734144 5.655796
vt 8.708224 5.605258
vt 0.440895 0.753994
vt 0.440895 -0.246006
vt 1.676962 -0.246006
vt 5.228500 -6.521628
vt 5.232058 -6.475451
vt 5.201336 -6.474175
vt 10.470407 -8.764069
vt 10.505276 -8.775644
vt 10.495166 -8.760729
vt 9.242756 -9.489192
vt 9.234159 -9.478598
vt 9.190905 -9.435850
vt 5.609851 1.559688
vt 5.598170 1.560753
vt 5.569768 1.517285
vt 11.574348 -8.180442
vt 11.539473 -8.166474
vt 11.529366 -8.151793
vt 1.676965 0.753994
vt 0.440895 0.753994
vt 0.440895 -0.246006
vt 10.547588 -7.810104
vt 10.489474 -7.790827
vt 10.449033 -7.731168
vt -5.960912 -5.872985
vt -5.978237 -5.894115
vt -5.964102 -5.880642
vt 0.440895 0.753994
vt 0.440895 -0.246006
vt 1.676960 -0.246006
vt 7.890072 7.961876
vt 7.918844 7.926481
vt 7.916873 7.896076
vt 7.916873 7.896076
vt 7.811229 7.943949
vt 7.843950 7.969360
vt 4.486944 3.961547
vt 4.503691 3.979651
vt 4.529553 4.004582
vt 0.440895 0.753994
vt 0.440895 -0.246006
vt 1.676962 -0.246006
vt 0.440895 0.753994
vt 0.440895 -0.246006
vt 1.676960 -0.246006
vt 0.440895 0.753994
vt 0.440895 -0.246006
vt 1.676961 -0.246006
vt -6.256495 6.256498
vt -6.255895 6.255899
vt -6.302036 6.302039
vt 0.440895 0.753994
vt 0.440895 -0.246006
vt 1.676959 -0.246006
vt 1.005390 -1.005250
vt 1.024879 -1.024739
vt 1.010761 -1.010621
vt 1.676963 0.753994
vt 0.440895 0.753994
vt 0.440895 -0.246006
vt 7.901803 10.924035
vt 7.934496 10.978971
vt 8.025578 10.990424
vt 7.934496 10.978971
vt 7.981310 11.012579
vt 8.025578 10.990424
vt 8.025578 10.990424
vt 8.039062 10.955156
vt 7.990974 10.893665
vt 7.901803 10.924035
vt 8.025578 10.990424
vt 7.944798 10.874000
vt 7.990974 10.893665
vt 7.944798 10.874000
vt 8.025578 10.990424
vt 6.622682 -7.447673
vt 6.591892 -7.417512
vt 6.590738 -7.411218
vt 0.440895 0.753994
vt 0.440895 -0.246006
vt 1.676966 -0.246006
vt 8.646813 5.442119
vt 8.682420 5.461225
vt 8.712783 5.451196
vt 8.712783 5.451196
vt 8.753070 5.407023
vt 8.747820 5.377888
vt 8.747820 5.377888
vt 8.709589 5.344214
vt 8.664047 5.359256
vt 8.664047 5.359256
vt 8.638937 5.398419
vt 8.747820 5.377888
vt 8.638937 5.398419
vt 8.646813 5.442119
vt 8.712783 5.451196
vt 10.504867 -8.776499
vt 10.481624 -8.768778
vt 10.471513 -8.753864
vt -11.437247 11.437254
vt -11.381881 11.381888
vt -11.379446 11.379452
vt 0.440895 0.753994
vt 0.440895 -0.246006
vt 1.676972 -0.246006
vt 11.655663 -11.625042
vt 11.615619 -11.585357
vt 11.594271 -11.563803
vt 8.686748 -1.287532
vt 8.855601 -1.874602
vt 8.583639 -1.843033
vt 0.804166 -0.246006
vt 1.129085 -0.246006
vt 1.391951 -0.055024
vt 1.391951 -0.055024
vt 1.492358 0.253993
vt 1.391952 0.563011
vt 1.391952 0.563011
vt 1.129085 0.753994
vt 0.804165 0.753994
vt 0.804165 0.753994
vt 0.541300 0.563011
vt 0.440895 0.253993
vt 0.440895 0.253993
vt 0.541301 -0.055024
vt 0.804166 -0.246006
vt 0.804166 -0.246006
vt 1.391951 -0.055024
vt 1.391952 0.563011
vt 1.391952 0.563011
vt 0.804165 0.753994
vt 0.804166 -0.246006
vt 8.915575 0.878752
vt 9.210323 0.921279
vt 8.887710 1.094712
vt 8.887710 1.094712
vt 8.644907 1.096164
vt 8.915575 0.878752
vt -5.073811 -5.642974
vt -5.074321 -5.373132
vt -4.612710 -5.380611
vt -5.162776 6.058973
vt -5.162775 6.401025
vt -5.432559 6.401049
vt 8.371665 -2.488367
vt 8.603876 -2.523222
vt 8.664386 -2.734872
vt 8.603876 -2.523222
vt 8.939360 -2.734601
vt 8.664386 -2.734872
vt 6.757979 -6.881269
vt 7.211685 -7.326060
vt 6.993562 -7.395511
vt -2.303981 -6.776973
vt -2.173765 -6.751564
vt -2.043047 -6.552432
vt 6.067955 6.820899
vt 6.366213 6.820899
vt 6.366213 7.217202
vt 7.793028 -1.059987
vt 8.069983 -0.958644
vt 8.081118 -0.454869
vt 8.069983 -0.958644
vt 8.350572 -0.424837
vt 8.081118 -0.454869
vt -7.222772 -5.631085
vt -7.223175 -5.375415
vt -6.803967 -5.353552
vt 9.953587 7.318810
vt 9.944447 7.226764
vt 10.033367 7.320964
vt 8.164111 -6.139250
vt 8.239471 -6.378901
vt 8.655740 -6.526688
vt -5.126559 -0.073819
vt -5.126559 0.461842
vt -5.396401 0.461819
vt 6.915191 -5.232152
vt 6.601795 -5.208238
vt 6.583421 -5.833076
vt -5.493953 -0.784538
vt -5.507985 -1.028133
vt -5.696966 -1.076119
vt -5.507985 -1.028133
vt -5.630926 -1.409180
vt -5.708660 -1.204442
vt -5.696966 -1.076119
vt -5.507985 -1.028133
vt -5.708660 -1.204442
vt 8.588888 8.372169
vt 8.543181 8.599401
vt 8.425430 8.662004
vt -9.657799 -0.024693
vt -9.798823 0.214229
vt -9.539018 0.134915
vt -9.798823 0.214229
vt -9.669874 0.366698
vt -9.539018 0.134915
vt -9.539018 0.134915
vt -9.440729 -0.283938
vt -9.576803 -0.235095
vt -9.440729 -0.283938
vt -9.510962 -0.366826
vt -9.576803 -0.235095
vt 10.749365 -2.442497
vt 10.793301 -2.490048
vt 10.893378 -2.224902
vt 5.457679 11.510204
vt 5.630495 11.466682
vt 5.633018 11.839849
vt 5.512840 11.725677
vt 5.344139 11.628165
vt 5.457679 11.510204
vt 5.344139 11.628165
vt 5.177860 11.507133
vt 5.274964 11.390999
vt 5.457679 11.510204
vt 5.344139 11.628165
vt 5.274964 11.390999
vt 6.539392 -4.465255
vt 6.931755 -4.294116
vt 6.948988 -4.133995
vt 6.948988 -4.133995
vt 6.505077 -4.315616
vt 6.539392 -4.465255
vt 9.619047 4.749946
vt 9.727100 4.831099
vt 9.618382 4.476610
vt 11.596493 3.329327
vt 11.502634 3.376905
vt 11.410068 2.999631
vt 7.094497 4.959370
vt 7.048940 5.253114
vt 6.909642 5.135907
vt 6.971075 4.932561
vt 7.033479 4.633462
vt 7.094497 4.959370
vt 7.413431 -9.199966
vt 7.136388 -9.169197
vt 7.259496 -8.824533
vt 7.136388 -9.169197
vt 7.090024 -8.801865
vt 7.259496 -8.824533
vt 0.440895 0.753994
vt 0.440895 -0.246006
vt 1.676963 -0.246006
vt 1.676965 0.753994
vt 0.440895 0.753994
vt 0.440895 -0.246006
vt 9.364204 -9.597576
vt 9.453445 -9.682207
vt 9.426060 -9.671643
vt -5.858992 -1.240254
vt -5.834898 -1.181709
vt -6.227257 -1.015518
vt -6.227257 -1.015518
vt -6.142829 -1.177391
vt -5.858992 -1.240254
vt 9.107645 -8.516891
vt 9.124075 -8.519979
vt 8.873899 -8.270807
vt 8.475235 -0.799770
vt 8.482419 -0.543148
vt 8.673127 -0.836898
vt 8.482419 -0.543148
vt 8.607002 -0.649053
vt 8.673127 -0.836898
vt 8.673127 -0.836898
vt 8.674049 -0.971479
vt 8.475235 -0.799770
vt 9.072887 9.873848
vt 8.657688 9.858684
vt 9.059591 10.043016
vt 8.657688 9.858684
vt 8.569973 10.195320
vt 8.719735 10.155542
vt 8.719735 10.155542
vt 8.901657 10.145361
vt 8.657688 9.858684
vt -7.199309 -5.667377
vt -7.199830 -5.326511
vt -7.121238 -5.297882
vt 7.601714 -1.280542
vt 7.875659 -1.955140
vt 7.351529 -1.919945
vt -0.203025 8.415367
vt -0.306849 8.765099
vt -0.387473 8.709789
vt 6.588553 -10.260006
vt 6.880154 -10.320343
vt 6.631994 -10.196667
vt 6.880154 -10.320343
vt 7.172302 -10.324417
vt 7.123569 -10.250902
vt 6.877157 -10.231134
vt 6.880154 -10.320343
vt 7.123569 -10.250902
vt 8.587656 -9.913519
vt 8.553943 -9.759056
vt 8.275958 -9.584987
vt 8.553943 -9.759056
vt 8.260091 -9.512296
vt 8.275958 -9.584987
vt 8.275958 -9.584987
vt 8.310982 -9.688218
vt 8.587656 -9.913519
vt 8.310982 -9.688218
vt 8.442572 -9.959741
vt 8.587656 -9.913519
vt 6.742198 9.446710
vt 6.714678 9.706690
vt 6.575462 9.653478
vt 6.575462 9.653478
vt 6.390418 9.628680
vt 6.587383 9.377327
vt 6.390418 9.628680
vt 6.204214 9.511574
vt 6.356131 9.350178
vt 6.587383 9.377327
vt 6.390418 9.628680
vt 6.356131 9.350178
vt 6.204214 9.511574
vt 6.171278 9.340769
vt 6.356131 9.350178
vt 6.171278 9.340769
vt 6.215172 9.158495
vt 6.356131 9.350178
vt 6.742198 9.446710
vt 6.575462 9.653478
vt 6.587383 9.377327
vt 8.590454 -1.831407
vt 8.415371 -1.713603
vt 8.582491 -1.881695
vt 1.676948 0.753994
vt 0.440895 0.753994
vt 0.440895 -0.246006
vt -10.214834 2.650536
vt -10.059690 2.561420
vt -10.008096 2.665485
vt 7.502920 -4.969982
vt 7.318089 -5.047212
vt 7.325439 -5.168349
vt 7.318089 -5.047212
vt 7.185737 -5.232435
vt 7.325439 -5.168349
vt -3.965242 -1.251237
vt -4.310323 -1.581604
vt -3.954376 -1.297684
vt -5.045091 -5.262773
vt -4.988273 -5.190199
vt -5.091935 -5.300841
vt 6.916856 6.108036
vt 6.950092 6.171188
vt 6.765329 5.995338
vt 0.628235 -0.130184
vt 0.482257 -0.208721
vt 0.383936 -0.342104
vt -3.100191 -4.397282
vt -3.009054 -4.283473
vt -3.183586 -4.436122
vt 5.461239 4.761527
vt 5.633316 4.735283
vt 5.533122 4.435297
vt 5.422534 4.463822
vt 5.442721 4.250525
vt 5.365081 4.261053
vt 5.461239 4.761527
vt 5.533122 4.435297
vt 5.422534 4.463822
vt 5.318187 4.272721
vt 5.337482 4.770344
vt 5.422534 4.463822
vt 5.337482 4.770344
vt 5.461239 4.761527
vt 5.422534 4.463822
vt 1.997951 -0.591685
vt 1.986700 -0.571335
vt 2.056919 -0.501675
vt 5.637023 7.596483
vt 5.625868 7.693037
vt 5.926481 7.909827
vt 5.625868 7.693037
vt 5.614656 7.820988
vt 5.801559 7.994884
vt 5.904613 7.952380
vt 5.625868 7.693037
vt 5.801559 7.994884
vt 5.904613 7.952380
vt 5.926481 7.909827
vt 5.625868 7.693037
vt 10.556809 -9.740128
vt 10.449531 -9.626937
vt 10.514211 -9.705986
vt 7.883567 8.598552
vt 7.854642 8.769459
vt 7.698715 8.608804
vt 7.854642 8.769459
vt 7.670987 8.887381
vt 7.698715 8.608804
vt 7.486308 8.913012
vt 7.348179 8.966844
vt 7.314462 8.707067
vt 7.670987 8.887381
vt 7.486308 8.913012
vt 7.467819 8.636999
vt 7.698715 8.608804
vt 7.670987 8.887381
vt 7.467819 8.636999
vt 7.698715 8.608804
vt 7.835301 8.416534
vt 7.883567 8.598552
vt 7.314462 8.707067
vt 7.525161 8.249040
vt 7.467819 8.636999
vt 7.009981 -10.448821
vt 7.014076 -10.581875
vt 7.199556 -10.649870
vt 7.199556 -10.649870
vt 7.340290 -10.716864
vt 7.195487 -10.529963
vt 8.497053 6.029025
vt 8.341494 6.020945
vt 8.353306 6.167068
vt 0.000000 -0.000000
vt 0.000000 -1.000000
vt 1.236059 -1.000000
vt 7.218640 -7.526782
vt 7.035828 -7.356218
vt 7.078819 -7.429712
vt 2.343674 -2.915836
vt 2.318476 -3.139229
vt 2.235636 -3.205872
vt 11.642414 -1.479599
vt 11.566565 -1.693648
vt 11.767221 -1.595852
vt 11.566565 -1.693648
vt 11.577435 -1.870267
vt 11.660725 -1.790941
vt 11.767221 -1.595852
vt 11.566565 -1.693648
vt 11.660725 -1.790941
vt 3.687187 -1.529413
vt 3.654952 -1.423666
vt 3.701074 -1.441670
vt 9.375067 -3.093153
vt 9.574239 -2.994049
vt 9.509649 -2.705398
vt 4.765039 -3.218789
vt 4.550859 -3.253117
vt 4.607810 -3.772299
vt -10.903003 0.656695
vt -10.774441 0.958571
vt -11.042150 1.044350
vt 0.000000 -0.000000
vt 0.000000 -1.000000
vt 1.236066 -1.000000
vt 5.182419 5.900180
vt 4.932384 5.653579
vt 4.940835 5.648335
vt -5.076920 -2.973723
vt -5.604352 -2.635574
vt -5.542689 -2.753448
vt 6.537315 8.748803
vt 6.663656 9.088092
vt 6.722173 8.755618
vt 6.722173 8.755618
vt 6.725462 9.111038
vt 7.280031 9.131487
vt 7.276739 8.776066
vt 7.341459 9.113084
vt 7.461596 8.782882
vt 6.722173 8.755618
vt 7.280031 9.131487
vt 7.276739 8.776066
vt 6.121366 8.730798
vt 6.537315 8.748803
vt 6.150470 8.547889
vt 6.537315 8.748803
vt 6.722173 8.755618
vt 6.503084 8.378244
vt 6.288131 8.446976
vt 6.537315 8.748803
vt 6.503084 8.378244
vt 6.288131 8.446976
vt 6.150470 8.547889
vt 6.537315 8.748803
vt 6.779940 8.342457
vt 6.503084 8.378244
vt 6.722173 8.755618
vt 6.903035 8.331664
vt 6.871376 8.238505
vt 6.779940 8.342457
vt 6.996598 8.457767
vt 6.903035 8.331664
vt 6.779940 8.342457
vt 6.722173 8.755618
vt 7.276739 8.776066
vt 6.996598 8.457767
vt 7.276739 8.776066
vt 7.461596 8.782882
vt 7.488981 8.414595
vt 7.461596 8.782882
vt 7.877494 8.795549
vt 7.844982 8.610369
vt 7.720759 8.499800
vt 7.461596 8.782882
vt 7.844982 8.610369
vt 7.720759 8.499800
vt 7.488981 8.414595
vt 7.461596 8.782882
vt 7.488981 8.414595
vt 7.211271 8.358360
vt 7.276739 8.776066
vt 7.211271 8.358360
vt 7.117847 8.247593
vt 7.087892 8.338479
vt 6.996598 8.457767
vt 6.779940 8.342457
vt 6.722173 8.755618
vt 7.211271 8.358360
vt 7.087892 8.338479
vt 6.996598 8.457767
vt 10.534607 0.668760
vt 10.463602 0.569524
vt 10.606336 0.589413
vt 7.785829 5.415343
vt 7.652993 5.528431
vt 7.571319 5.192331
vt 7.349323 4.489696
vt 7.353481 4.157462
vt 7.430965 4.171521
vt 10.152636 -5.738912
vt 10.049698 -5.591894
vt 9.910155 -5.572171
vt 5.506433 11.169154
vt 5.089917 11.027515
vt 5.110587 11.197798
vt 5.110587 11.197798
vt 5.273696 11.357296
vt 5.506433 11.169154
vt 5.273696 11.357296
vt 5.456926 11.435793
vt 5.506433 11.169154
vt 3.305924 4.713616
vt 3.335063 5.030519
vt 3.236460 4.995893
vt 11.120193 -12.655066
vt 11.038174 -12.592491
vt 10.977493 -12.346962
vt 1.236060 -0.000000
vt 0.000000 -0.000000
vt 0.000000 -1.000000
vt 0.579640 6.760225
vt 0.680320 7.275069
vt 0.479997 7.281551
vt 7.450226 -8.118612
vt 6.895790 -8.281693
vt 7.174511 -8.260682
vt 6.895790 -8.281693
vt 6.927751 -8.319197
vt 7.174511 -8.260682
vt 12.184170 -11.901514
vt 12.344409 -12.039177
vt 12.238082 -11.918983
vt 3.639246 7.459570
vt 3.532455 7.808416
vt 3.640026 7.731683
vt 13.408756 -0.008021
vt 13.263395 -0.199633
vt 13.374610 -0.170302
vt 13.263395 -0.199633
vt 13.181450 -0.383536
vt 13.374610 -0.170302
vt 5.282714 6.392223
vt 5.332309 6.575088
vt 5.428561 6.535442
vt -4.722263 5.782695
vt -4.887494 5.629926
vt -4.689052 5.621320
vt -4.689052 5.621320
vt -4.497048 5.414727
vt -4.577960 5.596015
vt 8.704419 -9.945504
vt 8.674991 -9.869232
vt 8.768745 -9.868338
vt 8.608089 -1.901588
vt 9.014490 -1.434673
vt 8.808985 -1.816744
vt 9.014490 -1.434673
vt 9.269496 -1.198304
vt 9.300884 -1.340339
vt 9.044836 -1.579870
vt 9.014490 -1.434673
vt 9.300884 -1.340339
vt 9.044836 -1.579870
vt 8.808985 -1.816744
vt 9.014490 -1.434673
vt 1.717017 -5.183138
vt 2.030030 -4.998065
vt 1.769969 -5.064528
vt 2.030030 -4.998065
vt 2.207488 -4.873968
vt 2.070773 -4.882531
vt 1.769969 -5.064528
vt 2.030030 -4.998065
vt 2.070773 -4.882531
vt 2.207488 -4.873968
vt 2.260441 -4.755358
vt 2.070773 -4.882531
vt 4.540638 -0.535260
vt 4.570131 -0.466441
vt 4.801578 -0.310713
vt 9.650233 0.984323
vt 9.695562 1.000717
vt 9.668362 0.895964
vt 9.520630 1.501799
vt 9.422008 1.531035
vt 9.467056 1.210062
vt -3.666569 -2.129219
vt -3.617176 -1.948075
vt -3.533428 -1.992288
vt -3.617176 -1.948075
vt -3.566481 -1.818580
vt -3.465544 -1.789863
vt -3.533428 -1.992288
vt -3.617176 -1.948075
vt -3.465544 -1.789863
vt 11.304458 -4.705962
vt 11.243567 -4.589859
vt 11.097910 -4.690406
vt 0.000000 -0.000000
vt 0.000000 -1.000000
vt 1.236065 -1.000000
vt 5.534433 4.391978
vt 5.491856 3.851822
vt 5.832459 3.851822
vt 7.865581 -1.713864
vt 7.993375 -2.096407
vt 7.767555 -1.728571
vt 7.993375 -2.096407
vt 8.005408 -2.196856
vt 7.856674 -1.963778
vt 8.105647 4.174293
vt 8.171453 3.661086
vt 7.931599 3.896790
vt 8.171453 3.661086
vt 8.125453 3.658013
vt 7.931599 3.896790
vt 8.125453 3.658013
vt 8.048710 3.662322
vt 7.931599 3.896790
vt 7.812913 4.206843
vt 7.716730 4.356731
vt 7.945601 4.391102
vt 7.931599 3.896790
vt 7.812913 4.206843
vt 8.105647 4.174293
vt 8.066771 4.465452
vt 8.105647 4.174293
vt 7.945601 4.391102
vt 5.406642 7.463287
vt 5.437297 7.787779
vt 5.581471 7.695005
vt 5.581471 7.695005
vt 5.801656 7.625360
vt 5.702632 7.439156
vt 5.530534 7.461696
vt 5.406642 7.463287
vt 5.581471 7.695005
vt -4.584097 0.315460
vt -4.627285 0.542438
vt -4.768398 0.426291
vt -4.627285 0.542438
vt -4.803009 0.675079
vt -4.768398 0.426291
vt -4.768398 0.426291
vt -4.687671 0.219004
vt -4.584097 0.315460
vt 11.698444 2.919131
vt 11.878222 2.580404
vt 11.883101 2.889291
vt 11.883101 2.889291
vt 11.865036 3.104879
vt 11.698444 2.919131
vt 0.000000 -0.000000
vt 0.000000 -1.000000
vt 1.236069 -1.000000
vt 0.784860 6.092490
vt 0.683656 6.340726
vt 0.689886 6.017628
vt 0.000000 -0.000000
vt 0.000000 -1.000000
vt 1.236072 -1.000000
vt 0.440895 0.753994
vt 0.440895 -0.246006
vt 1.676960 -0.246006
vt 6.879293 -6.117290
vt 6.879294 -6.271343
vt 7.095516 -6.240533
vt 7.095516 -6.240533
vt 7.266737 -6.225129
vt 7.095518 -6.117290
vt 7.266737 -6.225129
vt 7.266737 -6.117292
vt 7.095518 -6.117290
vt 10.142573 -11.748542
vt 10.129268 -11.747661
vt 10.157250 -11.803119
vt 0.000000 -0.000000
vt 0.000000 -1.000000
vt 1.236068 -1.000000
vt 3.243706 2.765532
vt 3.178711 2.706809
vt 3.297192 2.835495
vt 5.486260 -5.091709
vt 5.343737 -4.313944
vt 5.833482 -4.526402
vt 5.833482 -4.526402
vt 6.083011 -4.659856
vt 5.752628 -5.141762
vt 11.285915 -11.519110
vt 11.174013 -11.399050
vt 11.242500 -11.463145
vt 11.309212 -2.632868
vt 11.310572 -2.479130
vt 11.417953 -2.475798
vt -5.613853 -6.751081
vt -5.603844 -6.743126
vt -5.521743 -6.657072
vt 8.118067 -8.791348
vt 8.118067 -8.893762
vt 7.976027 -8.893778
vt -1.301036 5.573705
vt -1.322811 5.582753
vt -1.325399 5.655572
vt 0.000000 -0.000000
vt 0.000000 -1.000000
vt 1.236076 -1.000000
vt 2.843027 -4.360076
vt 2.856635 -4.314156
vt 2.866736 -4.314901
vt 7.119293 -3.474796
vt 6.977255 -3.474764
vt 6.977285 -3.320627
vt -1.982041 2.841995
vt -2.033172 2.963503
vt -1.742720 2.942912
vt 7.500611 11.200518
vt 7.490137 11.367805
vt 7.705288 11.388665
vt 7.705288 11.388665
vt 7.873808 11.386907
vt 7.716197 11.236322
vt 7.873808 11.386907
vt 8.009804 11.320247
vt 7.854355 11.244397
vt 7.716197 11.236322
vt 7.873808 11.386907
vt 7.854355 11.244397
vt 8.009804 11.320247
vt 8.004881 11.150402
vt 7.854355 11.244397
vt 7.977459 3.458360
vt 7.977460 3.566320
vt 8.119495 3.566293
vt -1.458636 -3.138304
vt -1.351244 -3.150900
vt -1.349918 -3.303041
vt 1.233079 -3.360385
vt 1.341750 -3.346827
vt 1.340529 -3.202596
vt -7.525921 -9.792202
vt -7.525920 -9.894644
vt -7.383880 -9.894616
vt 0.440895 0.753994
vt 0.440895 -0.246006
vt 1.676967 -0.246006
vt -7.526688 -3.319027
vt -7.526721 -3.473165
vt -7.384681 -3.473194
vt 10.478266 3.636732
vt 10.434485 3.686986
vt 10.478828 3.734681
vt -7.525396 3.566430
vt -7.525396 3.458471
vt -7.383389 3.458496
vt -11.691610 -1.416994
vt -11.691611 -1.559791
vt -11.582881 -1.581745
vt 6.061943 8.005924
vt 5.893800 7.980369
vt 6.053264 7.848974
vt 6.004673 -7.302236
vt 6.037980 -7.535044
vt 5.883937 -7.527617
vt 5.883937 -7.527617
vt 5.881438 -7.296292
vt 6.004673 -7.302236
vt 5.881438 -7.296292
vt 5.879594 -7.125359
vt 5.987423 -7.130560
vt 0.440895 0.753994
vt 0.440895 -0.246006
vt 1.676960 -0.246006
vt 8.409573 6.874207
vt 8.552250 6.858947
vt 8.410979 7.013985
vt 8.410979 7.013985
vt 8.260371 6.952047
vt 8.409573 6.874207
vt 6.822683 4.008331
vt 6.748030 3.973121
vt 6.727402 4.028513
vt 10.820479 -7.946573
vt 10.881140 -8.036059
vt 10.763404 -8.008575
vt 1.391950 -0.055023
vt 1.492355 0.253994
vt 1.391950 0.563010
vt 1.391950 0.563010
vt 1.129084 0.753994
vt 1.391950 -0.055023
vt 1.129084 0.753994
vt 0.804165 0.753994
vt 1.391950 -0.055023
vt 0.804165 0.753994
vt 0.541300 0.563009
vt 0.440895 0.253993
vt 0.440895 0.253993
vt 0.541300 -0.055024
vt 0.804165 -0.246006
vt 0.804165 -0.246006
vt 1.129085 -0.246006
vt 1.391950 -0.055023
vt 0.804165 0.753994
vt 0.440895 0.253993
vt 1.391950 -0.055023
vt 4.558361 5.746560
vt 4.542877 6.124089
vt 4.918488 5.795267
vt 5.990974 5.220854
vt 5.601154 5.683693
vt 6.339024 5.713738
vt 5.140044 6.181658
vt 5.220103 6.698510
vt 5.802443 6.698527
vt 5.698675 4.779104
vt 5.680442 4.723748
vt 5.602573 4.757486
vt -2.697143 3.008261
vt -2.468465 3.075555
vt -2.714596 3.125116
vt 0.000000 -0.000000
vt 0.000000 -1.000000
vt 1.236077 -1.000000
vt 1.236066 -0.000000
vt 0.000000 -0.000000
vt 0.000000 -1.000000
vt 7.028084 8.172555
vt 7.074103 8.154535
vt 7.027311 8.111036
vt 11.567637 -0.420878
vt 11.785577 -0.489834
vt 11.806501 -0.320718
vt 2.075259 7.005957
vt 2.119562 6.959735
vt 2.075747 6.908363
vt 7.345363 8.317661
vt 7.482377 8.455180
vt 7.312593 8.472782
vt 10.763395 -8.008650
vt 10.881136 -8.036139
vt 10.820476 -7.946648
vt 1.100327 1.100105
vt 0.907845 0.907608
vt 0.100018 0.099804
vt 4.143341 -0.410671
vt 4.156469 -0.405222
vt 4.200804 -0.340778
vt 9.403598 -10.656263
vt 9.390083 -10.650932
vt 9.366668 -10.605220
vt 4.782316 9.317826
vt 4.954729 9.230957
vt 4.929713 9.397300
vt 4.929713 9.397300
vt 4.777293 9.457361
vt 4.782316 9.317826
vt 0.000000 -0.311502
vt 0.000000 -1.000000
vt 0.934366 -1.000000
vt 6.398195 11.521567
vt 6.568279 11.594222
vt 6.565175 11.442369
vt 6.568279 11.594222
vt 6.799635 11.667982
vt 6.765388 11.493594
vt 6.565175 11.442369
vt 6.568279 11.594222
vt 6.765388 11.493594
vt 6.410826 11.388311
vt 6.254128 11.231664
vt 6.257566 11.398171
vt 6.565175 11.442369
vt 6.410826 11.388311
vt 6.398195 11.521567
vt 9.078596 -9.212305
vt 9.073614 -9.204635
vt 8.983634 -9.118125
vt 0.440895 0.753994
vt 0.440895 -0.246006
vt 1.676969 -0.246006
vt 0.000000 -1.000000
vt 0.934361 -1.000000
vt 0.934361 -0.311502
vt 5.148952 7.611551
vt 5.176758 7.526067
vt 4.819139 7.172958
vt 8.613571 -6.075262
vt 8.256014 -5.722145
vt 8.284908 -5.636651
vt -7.276880 -6.666730
vt -7.277411 -6.325836
vt -7.523891 -6.354777
vt 0.440895 0.753994
vt 0.440895 -0.246006
vt 1.676962 -0.246006
vt 1.676957 0.753994
vt 0.440895 0.753994
vt 0.440895 -0.246006
vt 0.363271 -0.000000
vt 0.100406 -0.190982
vt 0.000000 -0.499999
vt 0.000000 -0.499999
vt 0.100405 -0.809017
vt 0.363271 -1.000000
vt 0.363271 -1.000000
vt 0.688191 -1.000000
vt 0.951056 -0.809018
vt 0.951056 -0.809018
vt 1.051462 -0.500001
vt 0.363271 -1.000000
vt 1.051462 -0.500001
vt 0.951056 -0.190984
vt 0.363271 -1.000000
vt 0.951056 -0.190984
vt 0.688191 -0.000000
vt 0.363271 -0.000000
vt 0.363271 -0.000000
vt 0.000000 -0.499999
vt 0.363271 -1.000000
vt 0.440895 0.753994
vt 0.440895 -0.246006
vt 1.676967 -0.246006
vt 0.440895 0.753994
vt 0.440895 -0.246006
vt 1.676957 -0.246006
vt 0.440895 0.753994
vt 0.440895 -0.246006
vt 1.676960 -0.246006
vt 0.440895 0.753994
vt 0.440895 -0.246006
vt 1.676966 -0.246006
vt 0.440895 0.753994
vt 0.440895 -0.246006
vt 1.676960 -0.246006
vt 1.667431 -1.000000
vt -0.786736 0.000000
vt -3.716110 -1.000000
vt 3.667253 -1.000000
vt 0.997797 0.000000
vt -1.726593 -1.000000
vt 12.666876 6.994790
vt -6.853906 5.994791
vt 14.526065 5.994791
vt 12.666876 6.994790
vt -3.779255 6.994791
vt -6.853906 5.994791
vt 0.250000 -1.000000
vt 11.500000 -0.000000
vt 11.750000 -1.000000
vt 2.125000 1.000000
vt 3.875000 0.000000
vt 3.625000 1.000000
vt -2.125000 -0.500000
vt -3.625000 10.500000
vt -3.625000 -0.500000
vt -3.625000 1.000000
vt -1.875000 0.000000
vt -2.125000 1.000000
vt 0.500000 -0.000000
vt 11.750000 -1.000000
vt 11.500000 -0.000000
vt 0.500000 1.000000
vt 11.750000 -0.000000
vt 11.500000 1.000000
vt -1.875000 -3.000000
vt -3.625000 -2.000000
vt -2.125000 -2.000000
vt 3.625000 -0.500000
vt 2.125000 10.500000
vt 2.125000 -0.500000
vt 3.875000 -3.000000
vt 2.125000 -2.000000
vt 3.625000 -2.000000
vt 0.250000 -0.000000
vt 11.500000 1.000000
vt 11.750000 -0.000000
vt 0.250000 -1.000000
vt 0.500000 -0.000000
vt 11.500000 -0.000000
vt 2.125000 1.000000
vt 1.875000 0.000000
vt 3.875000 0.000000
vt -2.125000 -0.500000
vt -2.125000 10.500000
vt -3.625000 10.500000
vt -3.625000 1.000000
vt -3.875000 0.000000
vt -1.875000 0.000000
vt 0.500000 -0.000000
vt 0.250000 -1.000000
vt 11.750000 -1.000000
vt 0.500000 1.000000
vt 0.250000 -0.000000
vt 11.750000 -0.000000
vt -1.875000 -3.000000
vt -3.875000 -3.000000
vt -3.625000 -2.000000
vt 3.625000 -0.500000
vt 3.625000 10.500000
vt 2.125000 10.500000
vt 3.875000 -3.000000
vt 1.875000 -3.000000
vt 2.125000 -2.000000
vt 0.250000 -0.000000
vt 0.500000 1.000000
vt 11.500000 1.000000
vt 1.005899 2.074507
vt 0.005900 1.000000
vt 1.005900 1.000000
vt -1.994100 1.000000
vt -0.994100 2.000000
vt -1.994100 1.975622
vt 3.005899 1.026087
vt 2.005900 2.017391
vt 2.005900 1.000000
vt -0.994100 2.071979
vt -0.914272 1.000000
vt -0.914272 2.074332
vt 1.005900 2.000000
vt 0.005900 1.000000
vt 1.005900 1.000000
vt 2.190772 2.017391
vt 2.005900 1.000000
vt 2.190772 1.000000
vt 0.187675 -0.000000
vt 0.005900 -1.000000
vt 0.187675 -1.000000
vt 0.005900 -1.000000
vt 1.005900 -0.000000
vt 0.005900 -0.000000
vt 0.005900 -0.000000
vt 0.115656 -1.000000
vt 0.115656 -0.000000
vt 0.005900 -1.000000
vt 1.005900 -0.000000
vt 0.005900 -0.000000
vt 0.005900 -1.000000
vt 1.005900 -0.000000
vt 0.005900 -0.000000
vt 0.005900 -1.000000
vt 1.005900 -0.000000
vt 0.005900 -0.000000
vt 1.005900 1.000000
vt 1.374321 0.317073
vt 1.619935 0.317073
vt 4.005899 0.000000
vt 3.005900 1.000000
vt 3.005900 0.000000
vt 1.005900 -1.000000
vt 0.005900 -0.000000
vt 1.005900 -0.000000
vt 0.005900 -1.000000
vt 1.005900 -0.000000
vt 0.005900 -0.000000
vt 0.005900 -1.000000
vt 0.115656 -0.000000
vt 0.005900 -0.000000
vt -1.559773 2.016944
vt -2.000000 1.000000
vt -1.559773 1.000000
vt 1.005899 2.074507
vt 0.005900 2.074507
vt 0.005900 1.000000
vt -1.994100 1.000000
vt -0.994100 1.000000
vt -0.994100 2.000000
vt 3.005899 1.026087
vt 3.005899 2.000000
vt 2.005900 2.017391
vt -0.994100 2.071979
vt -0.994100 1.000000
vt -0.914272 1.000000
vt 1.005900 2.000000
vt 0.005900 2.000000
vt 0.005900 1.000000
vt 2.190772 2.017391
vt 2.005900 2.017391
vt 2.005900 1.000000
vt 0.187675 -0.000000
vt 0.005900 -0.000000
vt 0.005900 -1.000000
vt 0.005900 -1.000000
vt 1.005900 -1.000000
vt 1.005900 -0.000000
vt 0.005900 -0.000000
vt 0.005900 -1.000000
vt 0.115656 -1.000000
vt 0.005900 -1.000000
vt 1.005900 -1.000000
vt 1.005900 -0.000000
vt 0.005900 -1.000000
vt 1.005900 -1.000000
vt 1.005900 -0.000000
vt 0.005900 -1.000000
vt 1.005900 -1.000000
vt 1.005900 -0.000000
vt 2.005899 0.000000
vt 2.005899 1.000000
vt 1.619935 0.317073
vt 2.005899 1.000000
vt 1.005900 1.000000
vt 1.619935 0.317073
vt 1.005900 1.000000
vt 1.005900 0.000000
vt 1.374321 0.317073
vt 1.005900 0.000000
vt 1.374321 0.000000
vt 1.374321 0.317073
vt 1.619935 0.317073
vt 1.619935 0.000000
vt 2.005899 0.000000
vt 4.005899 0.000000
vt 4.005899 1.000000
vt 3.005900 1.000000
vt 1.005900 -1.000000
vt 0.005900 -1.000000
vt 0.005900 -0.000000
vt 0.005900 -1.000000
vt 1.005900 -1.000000
vt 1.005900 -0.000000
vt 0.005900 -1.000000
vt 0.115656 -1.000000
vt 0.115656 -0.000000
vt -1.559773 2.016944
vt -2.000000 2.000000
vt -2.000000 1.000000
vt -0.500000 -3.500000
vt -1.000000 -4.000000
vt -1.000000 -3.000000
vt 0.000000 4.000000
vt 0.000000 3.500000
vt -0.500000 3.500000
vt 0.000000 -1.000000
vt 0.500000 -1.000000
vt 0.500000 -0.500000
vt -0.500000 -3.500000
vt 0.000000 -3.000000
vt -1.000000 -3.000000
vt -0.500000 -3.500000
vt -0.500000 -4.000000
vt -1.000000 -4.000000
vt -1.000000 -3.000000
vt 0.000000 -3.000000
vt -0.500000 -3.500000
vt 0.000000 -3.000000
vt 0.000000 -3.500000
vt -0.500000 -3.500000
vt -0.500000 3.500000
vt -0.500000 3.000000
vt -1.000000 3.000000
vt -1.000000 3.000000
vt -1.000000 4.000000
vt -0.500000 3.500000
vt -1.000000 4.000000
vt 0.000000 4.000000
vt -0.500000 3.500000
vt 0.500000 -0.500000
vt 1.000000 -0.500000
vt 1.000000 -0.000000
vt 1.000000 -0.000000
vt 0.000000 -0.000000
vt 0.500000 -0.500000
vt 0.000000 -0.000000
vt 0.000000 -1.000000
vt 0.500000 -0.500000
vt -0.500000 -3.500000
vt 0.000000 -3.500000
vt 0.000000 -3.000000
vt -1.000000 -3.000000
vt -1.000000 -4.000000
vt -0.500000 -3.500000
vt -1.000000 -4.000000
vt -0.500000 -4.000000
vt -0.500000 -3.500000
vt 1.000000 -0.500000
vt 0.500000 -0.000000
vt 0.000000 -0.500000
vt 0.500000 -1.000000
vt 1.000000 -1.000000
vt 1.000000 -0.500000
vt 1.000000 -0.500000
vt 1.000000 -0.000000
vt 0.500000 -0.000000
vt 0.500000 -0.000000
vt 0.000000 -0.000000
vt 0.000000 -0.500000
vt 0.000000 -0.500000
vt 0.000000 -1.000000
vt 0.500000 -1.000000
vt 0.500000 -1.000000
vt 1.000000 -0.500000
vt 0.000000 -0.500000
vt -4.000000 0.976562
vt 2.800000 -0.023438
vt 2.800000 0.976562
vt 1.788854 -0.023438
vt 0.000000 0.976562
vt 0.000000 -0.023438
vt -1.000000 0.976562
vt 0.788854 -0.023438
vt 0.788854 0.976562
vt -3.000000 0.976562
vt 2.199999 -0.023438
vt 2.199999 0.976562
vt 3.799999 -0.023438
vt -3.000000 0.976562
vt -3.000000 -0.023438
vt 5.400000 -0.023438
vt -3.000000 0.976562
vt -3.000000 -0.023438
vt -2.000000 0.976562
vt -2.000000 -0.023438
vt 4.800000 -0.023438
vt 0.788854 -0.023438
vt 0.788854 0.976562
vt -1.000000 0.976562
vt -1.000000 0.976562
vt -1.000000 -0.023438
vt 0.788854 -0.023438
vt -2.000000 0.976562
vt -2.000000 -0.023438
vt 3.199999 -0.023438
vt 1.799999 -0.023438
vt 1.799999 0.976562
vt -5.000000 0.976562
vt 3.400000 -0.023438
vt 3.400000 0.976562
vt -5.000000 0.976562
vn 0.0000 1.0000 -0.0000
vn -0.8090 0.0000 -0.5878
vn -1.0000 0.0000 -0.0000
vn 0.8090 0.0000 0.5878
vn 1.0000 0.0000 0.0000
vn 0.8090 0.0000 -0.5878
vn -0.3090 0.0000 0.9511
vn 0.3090 0.0000 0.9511
vn 0.3090 0.0000 -0.9511
vn -0.8090 0.0000 0.5878
vn -0.3090 0.0000 -0.9511
vn -0.8225 0.3424 0.4541
vn -0.9514 0.1653 0.2598
vn -0.9987 -0.0262 0.0432
vn -0.7170 -0.4830 -0.5025
vn -0.8395 -0.3862 -0.3823
vn -0.7171 -0.4831 -0.5025
vn -0.9987 -0.0263 0.0432
vn -0.9987 -0.0262 0.0431
vn -0.2786 0.4542 -0.8462
vn -0.4534 0.3364 -0.8254
vn -0.2142 0.5746 -0.7899
vn -0.5667 -0.5610 -0.6034
vn -0.3041 -0.6362 -0.7091
vn -0.0000 -1.0000 -0.0000
vn 0.0124 0.6443 -0.7647
vn -0.0504 0.5718 -0.8189
vn -0.0073 0.6418 -0.7668
vn 0.6953 -0.4459 -0.5636
vn 0.6953 -0.4458 -0.5637
vn 0.6953 -0.4460 -0.5636
vn 0.9523 0.2326 0.1975
vn -0.0481 0.7536 -0.6556
vn -0.0481 0.7536 -0.6555
vn -0.0101 0.6269 -0.7790
vn -0.0153 -0.6567 -0.7540
vn 0.9987 0.0261 -0.0430
vn 0.9987 0.0262 -0.0432
vn 0.9987 0.0263 -0.0433
vn -0.5667 -0.5611 -0.6033
vn 0.0352 0.6140 -0.7885
vn 0.9685 -0.1252 -0.2153
vn 0.8865 -0.2701 -0.3759
vn 0.9684 -0.1254 -0.2154
vn 0.9515 -0.1650 -0.2598
vn 0.8225 -0.3425 -0.4541
vn 0.9514 -0.1651 -0.2600
vn 0.9001 0.3172 0.2986
vn -0.6978 -0.2321 -0.6777
vn -0.7848 -0.2682 -0.5587
vn -0.8032 -0.1465 -0.5774
vn 0.8225 -0.3424 -0.4542
vn 0.6954 -0.4457 -0.5637
vn 0.8224 -0.3425 -0.4542
vn -0.0154 -0.6568 -0.7539
vn -0.0153 -0.6569 -0.7538
vn -0.0153 -0.6570 -0.7538
vn -0.9987 -0.0264 0.0432
vn 0.9987 0.0263 -0.0432
vn 0.9987 0.0264 -0.0432
vn -0.0482 0.7536 -0.6556
vn -0.0073 0.6419 -0.7668
vn -0.0482 0.7537 -0.6555
vn 0.9523 0.2325 0.1975
vn -0.0153 -0.6568 -0.7539
vn 0.0298 0.5831 -0.8118
vn -0.0855 0.6256 -0.7755
vn -0.0102 0.6271 -0.7789
vn -0.5668 -0.5610 -0.6033
vn -0.5668 -0.5610 -0.6034
vn -0.0855 0.6257 -0.7754
vn -0.0497 0.6677 -0.7428
vn -0.3304 -0.6314 -0.7015
vn -0.1751 -0.6526 -0.7372
vn -0.9002 -0.3172 -0.2984
vn -0.8192 -0.4054 -0.4057
vn -0.7171 -0.4830 -0.5025
vn -0.7171 -0.4829 -0.5025
vn -0.8864 0.2702 0.3758
vn -0.8864 0.2703 0.3758
vn -0.0700 0.6573 -0.7504
vn -0.9523 -0.2326 -0.1975
vn -0.8576 -0.3675 -0.3599
vn -0.8577 -0.3674 -0.3597
vn 0.1784 0.4685 -0.8653
vn 0.6954 -0.4459 -0.5636
vn 0.9987 0.0262 -0.0431
vn -0.7170 -0.4829 -0.5027
vn 0.9834 -0.0794 -0.1633
vn 0.9987 0.0262 -0.0433
vn -0.0271 0.6390 -0.7687
vn 0.9426 -0.1828 -0.2793
vn 0.9834 -0.0794 -0.1631
vn 0.9987 0.0266 -0.0435
vn 0.9987 0.0267 -0.0435
vn 0.8225 -0.3426 -0.4540
vn 0.5412 -0.5319 -0.6513
vn 0.9304 0.3637 0.0466
vn 0.9308 0.2648 0.2520
vn 0.8590 0.4728 0.1964
vn 0.0721 -0.2764 0.9583
vn -0.0160 -0.8587 -0.5122
vn -0.7490 0.4470 -0.4891
vn -0.9114 0.3447 -0.2248
vn -0.9085 0.1874 -0.3734
vn 0.9665 0.2398 0.0913
vn 0.9471 0.3084 0.0892
vn 0.9084 0.1804 -0.3771
vn 0.9143 0.3386 -0.2221
vn 0.7534 0.4420 -0.4868
vn -0.5470 0.0538 0.8354
vn 0.9658 0.2163 -0.1430
vn 0.9285 0.2198 -0.2992
vn 0.9126 0.3708 -0.1721
vn -0.9262 0.2260 -0.3019
vn -0.9639 0.2228 -0.1458
vn -0.9096 0.3768 -0.1748
vn -0.9640 0.2414 0.1117
vn -0.9297 0.2710 0.2492
vn -0.9452 0.3148 0.0864
vn -0.9921 0.0544 -0.1127
vn -0.9729 -0.1289 -0.1918
vn -0.9319 0.3608 0.0372
vn 0.0036 0.7907 -0.6122
vn 0.0037 0.9380 -0.3467
vn 0.0037 0.9380 -0.3466
vn -0.0024 -0.9007 -0.4345
vn -0.0016 -0.7575 -0.6528
vn 0.9726 -0.1353 -0.1888
vn 0.9928 0.0477 -0.1096
vn 0.9584 0.2643 0.1079
vn -0.8564 0.4785 0.1939
vn -0.8054 0.5794 -0.1254
vn -0.6986 0.7133 0.0559
vn 0.0010 0.6454 0.7639
vn 0.0027 0.9599 0.2803
vn 0.0027 0.9599 0.2802
vn 0.0148 0.8904 -0.4549
vn -0.0480 0.7588 -0.6496
vn 0.1942 0.8296 -0.5235
vn 0.0018 0.0908 -0.9959
vn -0.9000 0.1902 -0.3921
vn -0.6412 0.3331 -0.6913
vn -0.7490 0.4470 -0.4892
vn -0.6714 -0.6312 -0.3883
vn -0.4528 -0.0932 -0.8867
vn -0.4140 -0.5182 -0.7484
vn -0.9900 -0.0519 -0.1315
vn -0.9902 -0.0373 -0.1346
vn -0.9625 0.0114 -0.2709
vn -0.0156 -0.8416 0.5399
vn 0.0776 -0.8304 0.5517
vn 0.0987 -0.8318 0.5463
vn -0.0560 -0.4096 -0.9105
vn -0.0863 -0.4053 -0.9101
vn -0.0977 -0.3884 -0.9163
vn -0.0312 -0.3503 -0.9361
vn -0.9804 -0.0886 0.1758
vn -0.9432 -0.0663 0.3256
vn -0.9891 0.1433 -0.0346
vn 0.3037 -0.7190 0.6252
vn 0.1268 -0.7572 0.6407
vn 0.1240 -0.5870 0.8000
vn 0.8096 0.5740 -0.1230
vn -0.3623 -0.7262 0.5843
vn 0.0256 -0.5474 0.8365
vn -0.2321 -0.4950 0.8373
vn 0.1113 -0.8382 0.5339
vn 0.0090 -0.8315 0.5555
vn 0.1644 -0.8520 0.4970
vn -0.0503 0.4324 -0.9003
vn -0.0455 0.3871 -0.9209
vn -0.1614 0.4590 -0.8736
vn 0.0509 0.4224 -0.9050
vn -0.9646 -0.1593 -0.2100
vn -0.9245 -0.3368 -0.1783
vn -0.9566 -0.2713 -0.1065
vn -0.9698 -0.2233 0.0980
vn -0.8450 -0.3972 0.3581
vn -0.9514 -0.2908 0.1015
vn 0.2406 0.6241 -0.7434
vn 0.0657 0.4635 -0.8837
vn 0.2188 0.4842 -0.8471
vn -0.9896 0.0566 -0.1320
vn -0.9908 -0.0263 0.1324
vn -0.9825 0.0708 -0.1726
vn -0.4403 -0.7050 0.5560
vn -0.0335 -0.5664 0.8235
vn -0.1183 -0.4377 0.8913
vn 0.5779 -0.3353 0.7440
vn 0.9572 -0.2502 -0.1456
vn 0.9589 -0.2056 -0.1955
vn 0.9388 -0.2901 -0.1859
vn -0.0034 -0.8171 -0.5765
vn 0.1441 -0.8189 -0.5555
vn 0.1673 -0.8086 -0.5640
vn 0.7101 0.7027 0.0438
vn 0.6242 0.7755 0.0949
vn 0.6104 0.7916 -0.0277
vn 0.0115 -0.4080 -0.9129
vn -0.2245 -0.7117 0.6656
vn -0.0312 -0.7614 0.6476
vn 0.9851 -0.1719 -0.0058
vn 0.1834 -0.4648 -0.8662
vn 0.0845 -0.8000 -0.5941
vn 0.1119 -0.5028 -0.8571
vn 0.8680 -0.3146 -0.3841
vn 0.7290 -0.6783 0.0918
vn 0.6559 -0.4630 -0.5962
vn 0.9694 -0.2441 0.0266
vn 0.9663 -0.1957 -0.1673
vn 0.9455 0.0060 -0.3255
vn 0.0459 -0.7902 -0.6111
vn 0.0125 -0.8475 -0.5306
vn 0.4628 -0.7132 0.5264
vn 0.3985 -0.5673 0.7207
vn 0.1091 -0.7784 0.6182
vn -0.1330 0.4131 -0.9009
vn 0.0030 0.8314 -0.5557
vn 0.0259 0.8192 -0.5730
vn -0.0130 0.7817 -0.6236
vn 0.0024 0.9166 0.3998
vn 0.5416 -0.6819 0.4916
vn -0.0116 0.9509 0.3092
vn -0.0744 0.9386 0.3369
vn 0.0875 0.8210 0.5642
vn -0.1209 0.5661 0.8154
vn 0.0196 0.5858 0.8102
vn 0.0180 0.6128 0.7901
vn -0.0569 -0.7929 -0.6066
vn -0.0933 -0.8046 -0.5864
vn -0.0137 -0.8482 -0.5295
vn -0.5874 0.4021 0.7023
vn -0.7215 0.2675 0.6386
vn -0.7150 0.2578 0.6498
vn -0.7193 0.2642 0.6425
vn -0.5787 0.4284 0.6939
vn 0.9753 0.0136 -0.2204
vn 0.9967 -0.0403 -0.0705
vn 0.9756 -0.0034 -0.2197
vn 0.8847 -0.3821 0.2671
vn 0.8631 -0.3494 0.3647
vn 0.9986 0.0260 0.0464
vn 0.1716 0.5816 0.7952
vn 0.3613 0.5985 0.7150
vn 0.3399 0.8118 0.4748
vn 0.6239 0.4339 0.6500
vn 0.7584 0.3066 0.5751
vn 0.8364 0.3683 0.4059
vn 0.4540 0.5850 0.6720
vn 0.2491 -0.4544 -0.8553
vn 0.2355 0.4076 0.8823
vn 0.2829 0.6466 0.7084
vn 0.3287 0.3349 0.8831
vn 0.7875 0.3890 0.4780
vn 0.8373 0.0499 0.5444
vn 0.8462 0.4847 0.2213
vn -0.2751 0.3333 -0.9018
vn -0.2311 0.0652 -0.9707
vn 0.0658 -0.7097 0.7014
vn 0.4894 -0.8652 0.1093
vn 0.5310 0.7631 0.3682
vn -0.7676 0.3295 0.5497
vn -0.7887 0.0072 0.6147
vn -0.4244 0.5620 0.7100
vn -0.8165 0.3248 0.4774
vn -0.2389 -0.2404 0.9408
vn -0.5129 -0.3671 0.7760
vn 0.0483 -0.2447 0.9684
vn 0.3551 0.4395 0.8250
vn -0.0185 -0.8330 0.5529
vn -0.9700 0.2043 -0.1322
vn -0.8483 0.4401 0.2946
vn 0.3314 -0.2254 0.9162
vn 0.0519 -0.8352 0.5474
vn -0.3118 -0.4669 -0.8275
vn -0.1589 -0.5099 -0.8454
vn -0.2401 -0.4754 -0.8464
vn -0.0211 0.6725 0.7398
vn -0.2110 0.8307 0.5152
vn -0.3398 0.7940 0.5042
vn 0.3031 0.7941 0.5267
vn 0.2108 0.8418 0.4970
vn 0.0838 -0.7287 0.6797
vn -0.0829 -0.5963 0.7984
vn -0.7324 0.4786 -0.4844
vn -0.0502 0.4021 -0.9142
vn -0.3052 0.4222 0.8536
vn -0.2543 0.6325 0.7316
vn -0.1796 0.3967 0.9002
vn -0.2978 0.7784 0.5527
vn -0.2685 0.3192 0.9089
vn 0.0854 -0.7794 0.6207
vn -0.1483 -0.8266 -0.5429
vn -0.3606 -0.7962 -0.4858
vn -0.3680 -0.7934 -0.4848
vn -0.9061 -0.0932 0.4126
vn -0.8455 -0.3110 0.4340
vn -0.5448 -0.8205 -0.1733
vn -0.0137 -0.0494 -0.9987
vn -0.7396 0.6645 0.1064
vn -0.5366 0.7351 0.4144
vn -0.9503 -0.3005 0.0817
vn -0.9503 -0.3009 0.0798
vn -0.9504 -0.3013 0.0776
vn 0.8867 0.4549 -0.0826
vn 0.9074 0.3886 -0.1603
vn 0.9682 -0.2500 -0.0012
vn 0.9681 -0.2504 -0.0032
vn 0.9684 -0.2495 0.0016
vn -0.9296 0.3565 -0.0939
vn -0.9063 0.4224 -0.0165
vn -0.6847 -0.3888 0.6164
vn 0.4299 -0.4945 -0.7554
vn 0.4832 -0.5568 -0.6757
vn 0.9583 0.1062 -0.2654
vn 0.9429 0.2546 -0.2148
vn -0.9956 -0.0927 0.0157
vn 0.7567 0.3014 0.5802
vn 0.6131 0.4598 0.6424
vn -0.6512 0.7585 0.0268
vn -0.6535 0.7419 0.1503
vn 0.9288 -0.3124 -0.1994
vn -0.0494 0.7381 -0.6728
vn 0.0718 0.6675 -0.7411
vn -0.3784 -0.5065 0.7748
vn -0.1911 -0.4830 0.8545
vn 0.8804 -0.2721 -0.3885
vn 0.8453 -0.2346 -0.4800
vn 0.8344 -0.3304 -0.4412
vn 0.5964 -0.3379 0.7281
vn -0.0206 -0.2823 0.9591
vn 0.2609 -0.2958 0.9189
vn -0.1245 0.8376 -0.5319
vn -0.1260 0.8110 -0.5713
vn -0.0820 0.7797 -0.6208
vn -0.6252 -0.5346 -0.5685
vn -0.4940 -0.5884 -0.6401
vn -0.4629 -0.5206 -0.7174
vn 0.7548 -0.3510 0.5542
vn -0.8371 -0.4273 0.3415
vn 0.5418 -0.4897 0.6831
vn 0.3586 -0.7773 -0.5169
vn 0.3659 -0.7741 -0.5165
vn 0.6617 0.5153 -0.5446
vn 0.9116 -0.3236 0.2537
vn 0.7436 -0.6636 0.0824
vn 0.7986 -0.6004 0.0416
vn -0.0427 0.8948 -0.4444
vn -0.0199 0.9279 -0.3723
vn -0.0400 0.8176 -0.5744
vn -0.3283 0.5981 -0.7311
vn -0.3161 0.4702 -0.8240
vn 0.7415 -0.1986 -0.6409
vn 0.9095 -0.3247 0.2596
vn 0.7403 -0.5143 0.4330
vn 0.1899 -0.9000 0.3923
vn -0.2131 -0.7386 0.6395
vn -0.1715 -0.9786 -0.1137
vn 0.2708 -0.7584 -0.5929
vn 0.0246 -0.9971 -0.0714
vn 0.6461 -0.4770 -0.5958
vn 0.9956 -0.0264 0.0900
vn 0.9996 0.0153 -0.0222
vn 0.9692 0.1399 -0.2025
vn 0.7435 -0.6636 0.0824
vn 0.6820 -0.7210 0.1224
vn -0.8910 -0.3422 -0.2983
vn -0.7181 -0.3510 -0.6009
vn -0.8941 -0.4168 -0.1640
vn -0.0390 -0.7481 -0.6624
vn 0.9652 0.1062 -0.2391
vn -0.1853 -0.1397 -0.9727
vn 0.1450 0.0841 -0.9858
vn 0.6677 -0.5960 -0.4462
vn 0.3859 -0.0652 -0.9203
vn -0.1583 -0.3099 0.9375
vn -0.3895 -0.5330 0.7511
vn 0.3921 -0.9092 -0.1403
vn -0.8022 -0.2189 -0.5555
vn -0.8897 -0.3053 -0.3394
vn -0.8082 -0.4150 -0.4178
vn -0.8384 -0.2687 -0.4742
vn -0.8100 -0.4077 0.4214
vn 0.8819 -0.2639 0.3905
vn 0.9653 -0.0027 0.2612
vn -0.9973 -0.0342 0.0652
vn -0.9275 -0.1372 0.3477
vn 0.0210 -0.7465 -0.6650
vn 0.0001 0.4346 0.9006
vn 0.0010 0.6453 0.7639
vn 0.0427 0.4625 -0.8856
vn 0.0630 0.5076 -0.8593
vn 0.0763 0.4457 -0.8919
vn -0.1420 0.5375 -0.8312
vn -0.1953 0.4769 -0.8570
vn -0.1677 0.4492 -0.8775
vn 0.3942 0.8681 0.3016
vn 0.7615 -0.3187 0.5644
vn 0.8699 -0.2380 0.4320
vn 0.1696 -0.5758 0.7998
vn -0.4310 -0.4996 0.7514
vn -0.4790 -0.5484 0.6854
vn -0.0481 -0.5179 0.8541
vn 0.8898 -0.2556 0.3781
vn -0.3462 0.3321 -0.8774
vn 0.1403 0.6549 0.7426
vn 0.0864 0.6570 0.7489
vn 0.1364 0.6551 0.7431
vn 0.5412 -0.5318 -0.6514
vn 0.7842 -0.3779 -0.4921
vn 0.7843 -0.3778 -0.4921
vn 0.1889 -0.7423 0.6429
vn 0.1257 -0.6799 0.7225
vn 0.1575 -0.6724 0.7233
vn 0.2581 0.2868 -0.9226
vn -0.0478 0.2088 -0.9768
vn 0.0307 0.3941 -0.9186
vn -0.9987 -0.0259 0.0434
vn 0.5667 0.5610 0.6034
vn 0.3883 0.6188 0.6829
vn 0.3901 0.6183 0.6822
vn -0.6247 0.1511 -0.7661
vn -0.6375 -0.1053 -0.7632
vn -0.6549 -0.3554 -0.6669
vn -0.5411 -0.5759 -0.6129
vn 0.6462 -0.1636 -0.7454
vn 0.6575 0.0997 -0.7469
vn 0.6383 -0.4195 -0.6454
vn -0.3599 0.5991 0.7152
vn -0.5412 0.5319 0.6513
vn -0.3619 0.5985 0.7147
vn 0.4960 -0.6336 -0.5938
vn 0.5196 0.5911 0.6169
vn 0.6724 -0.2157 0.7080
vn 0.7117 0.3936 0.5819
vn 0.5180 0.3669 -0.7727
vn 0.8564 0.5162 -0.0040
vn -0.4682 0.4010 -0.7874
vn -0.0222 0.8549 0.5183
vn 0.0775 0.8358 0.5436
vn -0.0658 0.8323 0.5504
vn 0.7171 0.4830 0.5025
vn -0.2827 0.8105 0.5130
vn -0.4623 0.6373 0.6166
vn -0.4445 0.7056 -0.5518
vn -0.3513 0.2706 -0.8963
vn -0.4888 0.5932 -0.6397
vn 0.2292 -0.9358 -0.2679
vn -0.0142 -0.9538 -0.3002
vn 0.0915 -0.9226 -0.3747
vn 0.3304 0.6313 0.7016
vn 0.0153 0.6567 0.7540
vn 0.3579 0.6808 -0.6391
vn 0.2757 0.8725 -0.4033
vn -0.0390 0.9436 -0.3287
vn 0.3537 0.8100 -0.4678
vn 0.1393 0.8819 -0.4503
vn -0.3836 0.8527 -0.3545
vn 0.0079 0.1991 0.9800
vn 0.0080 0.1990 0.9800
vn -0.1130 0.8200 -0.5611
vn -0.4469 0.6596 -0.6043
vn 0.6000 0.4183 -0.6820
vn 0.4193 0.3716 -0.8283
vn 0.4082 0.3889 -0.8259
vn 0.1371 0.6473 -0.7498
vn -0.0499 0.6470 -0.7608
vn 0.1906 0.6239 -0.7579
vn -0.0273 0.8709 -0.4907
vn -0.0368 0.8630 -0.5038
vn -0.0257 0.8669 -0.4978
vn -0.2877 0.6113 -0.7372
vn -0.1687 0.6610 -0.7312
vn -0.5000 -0.3328 0.7995
vn 0.2759 -0.5869 0.7612
vn 0.4657 -0.3777 0.8003
vn -0.2351 0.6375 -0.7337
vn 0.2293 -0.9357 -0.2680
vn 0.0916 -0.9226 -0.3747
vn 0.3496 -0.9043 -0.2450
vn -0.6920 -0.1508 0.7060
vn -0.4625 0.6378 0.6158
vn -0.6728 0.4595 0.5799
vn -0.3305 -0.4017 0.8541
vn -0.5443 -0.4672 0.6967
vn -0.4866 -0.4187 0.7668
vn -0.2827 0.8105 0.5129
vn 0.4615 -0.3792 0.8020
vn 0.3568 0.7802 0.5139
vn -0.3326 -0.5579 0.7603
vn 0.6203 -0.4161 -0.6649
vn 0.6270 -0.1655 -0.7613
vn 0.6385 0.0910 -0.7642
vn 0.4858 -0.6248 -0.6112
vn -0.6733 -0.3571 -0.6474
vn -0.6428 0.1617 -0.7488
vn -0.6566 -0.1016 -0.7473
vn -0.5520 -0.5839 -0.5953
vn 0.3486 0.6493 -0.6759
vn -0.4627 0.6379 0.6157
vn -0.6921 -0.1509 0.7058
vn -0.5001 -0.3329 0.7995
vn -0.4786 0.4142 -0.7742
vn 0.5066 0.3546 -0.7859
vn -0.2307 -0.7731 -0.5908
vn 0.5196 0.5912 0.6168
vn -0.2827 0.8106 0.5128
vn -0.4624 0.6374 0.6164
vn 0.2901 0.9510 0.1067
vn -0.8584 0.3676 0.3579
vn -0.6953 0.4458 0.5637
vn 0.2758 -0.5869 0.7613
vn -0.3327 -0.5580 0.7602
vn 0.8377 0.1451 0.5264
vn 0.6724 -0.2157 0.7081
vn 0.4615 -0.3791 0.8020
vn -0.0574 -0.6763 0.7344
vn -0.0770 -0.6483 0.7575
vn -0.0240 -0.6799 0.7329
vn -0.0408 0.9226 -0.3835
vn -0.3549 0.8559 -0.3761
vn 0.7166 -0.1348 0.6844
vn 0.9523 0.2327 0.1974
vn -0.0849 -0.7424 0.6646
vn -0.1036 0.6490 0.7537
vn -0.1075 0.6485 0.7535
vn -0.1205 -0.6852 0.7183
vn -0.1207 -0.6855 0.7180
vn -0.1447 -0.6845 0.7145
vn -0.0491 0.3008 -0.9524
vn 0.3147 0.4549 -0.8331
vn 0.3568 0.7802 0.5138
vn 0.7116 0.3937 0.5820
vn -0.2828 0.8106 0.5128
vn -0.6730 0.4594 0.5796
vn 0.3913 0.7290 -0.5617
vn 0.0702 0.6673 -0.7415
vn -0.1621 -0.7661 0.6219
vn -0.0495 -0.7982 0.6003
vn -0.1423 -0.8255 0.5462
vn 0.5854 -0.0691 0.8078
vn 0.9361 0.3482 -0.0497
vn 0.0860 -0.8673 0.4902
vn 0.1881 -0.7498 0.6343
vn 0.1402 -0.0340 0.9895
vn -0.0014 0.0339 0.9994
vn -0.1434 -0.0330 0.9891
vn -0.5884 -0.0650 0.8059
vn -0.0583 -0.8738 0.4828
vn -0.0036 -0.9721 0.2347
vn -0.1629 -0.6458 -0.7460
vn 0.2302 -0.7385 0.6338
vn -0.7063 -0.5682 -0.4222
vn -0.9426 0.1827 0.2794
vn -0.2763 0.1635 0.9471
vn -0.1972 0.9467 0.2546
vn -0.9772 -0.1496 0.1506
vn -0.1320 0.9907 0.0324
vn 0.2745 0.1617 0.9479
vn 0.7324 0.4674 -0.4951
vn 0.6027 0.4138 -0.6823
vn 0.0637 0.8907 0.4501
vn -0.4088 0.4358 -0.8019
vn -0.3915 -0.3181 0.8634
vn -0.4222 -0.3236 0.8468
vn 0.6513 0.7587 0.0092
vn 0.2612 0.7914 0.5527
vn 0.3658 0.7983 0.4784
vn 0.1796 0.8153 0.5504
vn 0.4362 -0.5172 0.7363
vn 0.5300 -0.5770 0.6214
vn 0.7163 -0.5441 0.4369
vn 0.4813 -0.8760 -0.0318
vn -0.5554 0.5377 -0.6343
vn -0.3897 0.4720 -0.7908
vn -0.5588 0.5337 -0.6347
vn -0.3799 -0.8691 -0.3169
vn -0.2429 -0.9290 -0.2793
vn -0.2446 -0.8654 -0.4374
vn 0.1885 -0.6385 0.7462
vn -0.2446 -0.8653 -0.4375
vn -0.4487 -0.8290 -0.3337
vn 0.3127 -0.4568 0.8328
vn -0.0502 0.6101 -0.7907
vn 0.3136 -0.3971 0.8625
vn 0.0833 0.8116 0.5782
vn -0.6094 -0.7914 -0.0483
vn -0.6716 0.5965 -0.4395
vn 0.9425 -0.1831 -0.2795
vn -0.8031 -0.4195 -0.4231
vn 0.0138 0.8454 0.5340
vn -0.3012 0.6148 0.7289
vn -0.3012 0.6149 0.7289
vn 0.4005 -0.4259 0.8113
vn -0.7689 -0.4089 0.4916
vn -0.4963 -0.4194 0.7601
vn -0.5444 -0.4672 0.6967
vn 0.6455 0.3289 -0.6894
vn 0.0154 0.3513 0.9361
vn 0.3389 0.2646 0.9028
vn 0.1827 0.3644 0.9132
vn -0.4156 -0.9085 0.0432
vn -0.4397 -0.8978 -0.0247
vn -0.9523 -0.2327 -0.1974
vn -0.8030 -0.4195 -0.4233
vn 0.2030 -0.6328 0.7473
vn 0.2525 -0.6734 0.6948
vn 0.3526 -0.9355 -0.0234
vn 0.3437 -0.9386 0.0291
vn 0.3267 -0.9440 0.0451
vn -0.9386 0.3395 -0.0613
vn -0.9406 0.2042 -0.2712
vn -0.9442 0.3272 -0.0387
vn 0.9186 0.3466 0.1900
vn 0.9711 0.2361 -0.0358
vn 0.9668 0.2489 -0.0585
vn -0.1822 0.8521 -0.4907
vn -0.1149 0.8678 -0.4834
vn -0.1318 0.8648 -0.4845
vn 0.9565 0.1140 -0.2684
vn 0.6955 -0.4457 -0.5635
vn 0.6956 -0.4457 -0.5635
vn -0.1500 0.3803 0.9126
vn -0.8821 0.4322 0.1873
vn -0.5293 0.8484 -0.0043
vn -0.4143 -0.9090 0.0448
vn -0.3553 -0.8333 0.4235
vn -0.4423 -0.8967 0.0161
vn 0.2733 -0.8632 0.4244
vn 0.9388 -0.2901 -0.1858
vn -0.2197 0.8650 0.4510
vn -0.0341 -0.6953 0.7179
vn -0.0429 -0.8871 0.4597
vn 0.0153 0.3513 0.9362
vn -0.1500 0.3802 0.9127
vn -0.3150 0.2957 0.9019
vn -0.8579 0.4692 0.2095
vn 0.0036 0.8520 -0.5236
vn -0.0030 -0.9824 -0.1866
vn -0.6692 -0.7402 0.0654
vn -0.6021 -0.7915 0.1044
vn -0.1015 -0.7397 -0.6652
vn -0.6647 0.3308 0.6699
vn -0.9428 0.2867 -0.1702
vn -0.0465 -0.2622 0.9639
vn -0.6693 -0.7401 0.0654
vn -0.7306 -0.6824 0.0257
vn -0.8394 -0.3861 -0.3824
vn 0.8865 -0.2700 -0.3759
vn 0.8225 -0.3426 -0.4541
vn 0.9001 0.3172 0.2987
vn -0.0154 -0.6567 -0.7540
vn -0.0481 0.7537 -0.6555
vn -0.0271 0.6391 -0.7687
vn -0.0481 0.7535 -0.6557
vn -0.0483 0.7536 -0.6556
vn -0.3304 -0.6314 -0.7016
vn -0.8034 -0.1469 -0.5770
vn -0.7171 -0.4830 -0.5024
vn -0.8864 0.2701 0.3758
vn -0.0506 0.5073 -0.8603
vn 0.6954 -0.4458 -0.5636
vn 0.9426 -0.1827 -0.2794
vn -0.0482 0.7535 -0.6557
vn -0.0482 0.7536 -0.6555
vn -0.0483 0.7537 -0.6555
vn -0.0483 0.7536 -0.6555
vn -0.9606 -0.1228 -0.2494
vn -0.9368 -0.2818 -0.2075
vn -0.0015 -0.7575 -0.6528
vn 0.9355 -0.2880 -0.2046
vn 0.9605 -0.1291 -0.2465
vn -0.9662 -0.0533 -0.2524
vn -0.0501 -0.8591 0.5094
vn -0.9903 0.0727 -0.1182
vn 0.0456 -0.8358 0.5471
vn -0.1727 -0.8176 -0.5493
vn 0.0751 -0.3799 -0.9220
vn 0.9337 0.0612 -0.3529
vn 0.0264 0.7826 -0.6220
vn 0.0336 0.8152 -0.5782
vn 0.0341 0.8418 -0.5387
vn 0.0538 0.9420 0.3313
vn -0.0048 -0.8595 0.5112
vn 0.0394 -0.8356 0.5480
vn 0.0449 -0.8211 0.5690
vn 0.0346 -0.8164 0.5764
vn 0.0474 -0.7833 0.6199
vn -0.1236 0.4373 -0.8908
vn 0.1610 0.5735 0.8032
vn 0.0581 -0.8158 0.5754
vn 0.0475 -0.8211 0.5688
vn 0.0940 -0.8569 0.5069
vn -0.3292 0.5804 0.7448
vn -0.8762 -0.1778 0.4479
vn -0.9502 -0.2999 0.0846
vn 0.9680 -0.2509 -0.0053
vn -0.0475 0.7382 -0.6729
vn -0.0526 0.8173 -0.5738
vn -0.1210 0.7787 -0.6156
vn -0.1298 0.7520 -0.6463
vn -0.0577 0.7267 -0.6845
vn -0.1065 0.7486 -0.6544
vn -0.1704 0.6611 -0.7307
vn -0.0401 0.7272 -0.6853
vn 0.0362 0.7591 -0.6499
vn 0.0128 0.7551 -0.6555
vn -0.1182 0.8154 -0.5667
vn -0.0945 0.8288 -0.5515
vn 0.3947 -0.3039 0.8671
vn -0.0610 0.9268 -0.3705
vn -0.6721 -0.5514 0.4941
vn 0.9719 -0.2312 0.0443
vn -0.2098 -0.9662 -0.1495
vn 0.9566 0.2264 -0.1833
vn -0.9191 -0.3853 -0.0828
vn -0.9383 -0.3394 -0.0667
vn -0.9172 -0.2765 -0.2870
vn 0.7032 0.7087 0.0579
vn -0.3020 -0.3222 0.8972
vn 0.0962 0.3717 -0.9234
vn 0.0103 0.5128 -0.8584
vn 0.0931 0.5187 -0.8499
vn -0.1548 0.5400 -0.8273
vn -0.0850 0.5705 -0.8169
vn 0.0079 0.1991 0.9799
vn -0.0318 0.8598 -0.5097
vn 0.0282 0.8719 -0.4890
vn 0.0943 0.8594 -0.5026
vn 0.0452 0.8693 -0.4922
vn 0.0973 0.8540 -0.5111
vn 0.0080 0.1991 0.9799
vn 0.4658 -0.3775 0.8003
vn -0.0972 -0.6449 0.7581
vn -0.0512 0.6535 0.7552
vn -0.0511 0.6535 0.7552
vn -0.0036 -0.9720 0.2348
vn -0.3759 0.4874 -0.7881
vn 0.2180 -0.6765 0.7034
vn 0.2178 -0.6763 0.7037
vn 0.9181 0.3113 0.2452
vn -0.0636 0.8653 -0.4973
vn -0.0592 0.8694 -0.4905
vn -0.0566 0.8597 -0.5077
vn -0.0519 0.8628 -0.5029
vn -0.1857 0.8465 -0.4989
vn 0.6953 -0.4459 -0.5637
vn -0.8852 0.3970 0.2425
vn -0.0030 -0.9824 -0.1867
vn 0.0000 0.7071 -0.7071
vn 0.0000 0.7071 0.7071
vn -0.7071 0.7071 0.0000
vn -0.0000 0.2425 -0.9701
vn -0.9701 0.2425 -0.0000
vn 0.0000 0.2425 0.9701
vn 0.9701 0.2425 -0.0000
vn -1.0000 0.0000 -0.0016
vn 0.0924 0.0000 -0.9957
vn 0.0000 0.0000 1.0000
vn -0.7092 0.0000 -0.7050
vn 0.7526 0.0000 0.6585
vn 0.7528 0.0000 -0.6583
vn 0.0000 0.0000 -1.0000
vn 0.0416 -0.0000 -0.9991
vn 0.0831 0.0000 -0.9965
vn 0.0417 0.0000 -0.9991
vn -0.8944 0.0000 -0.4472
vn -0.9732 0.0000 -0.2298
vn -0.8944 0.0000 0.4472
vn -0.9732 0.0000 0.2298
vc 1.0000 1.0000 1.0000 1.0000
g NoPhys__materials/water.vmat#NoCollision#Alpha7D#Animated8#MultiAlpha7D
usemtl materials/water.vmat
f 459/1903/79 458/1904/79 455/1905/79
fc 7 7 7
f 1059/1906/79 1053/1907/79 1029/1908/79
fc 7 7 7
f 456/1909/79 460/1910/79 459/1911/79
fc 7 7 7
f 460/1912/79 457/1913/79 459/1914/79
fc 7 7 7
f 453/1915/79 454/1916/79 458/1917/79
fc 7 7 7
f 454/1918/79 455/1919/79 458/1920/79
fc 7 7 7
f 456/1921/79 459/1922/79 455/1923/79
fc 7 7 7
f 1029/1924/79 608/1925/79 1030/1926/79
fc 7 7 7
f 1030/1927/79 1034/1928/79 1029/1929/79
fc 7 7 7
f 1034/1930/79 1059/1931/79 1029/1932/79
fc 7 7 7
g NoPhys__materials/insidebanister.vmat.001#NoCollision
usemtl materials/insidebanister.vmat.001
f 472/1933/80 483/1934/81 494/1935/81
fc 7 7 7
f 507/1936/82 505/1937/83 508/1938/83
fc 7 7 7
f 467/1939/83 475/1940/84 485/1941/84
fc 7 7 7
f 509/1942/85 503/1943/86 510/1944/86
fc 7 7 7
f 515/1945/84 497/1946/87 516/1947/87
fc 7 7 7
f 489/1948/81 481/1949/88 468/1950/88
fc 7 7 7
f 513/1951/89 499/1952/80 514/1953/80
fc 7 7 7
f 477/1954/86 519/1955/82 517/1956/82
fc 7 7 7
f 469/1957/85 478/1958/86 487/1959/86
fc 7 7 7
f 494/1960/81 482/1961/88 480/1962/88
fc 7 7 7
f 511/1963/81 501/1964/88 512/1965/88
fc 7 7 7
f 480/1966/88 461/1967/85 495/1968/85
fc 7 7 7
f 462/1969/87 466/1970/89 491/1971/89
fc 7 7 7
f 487/1972/86 473/1973/82 496/1974/82
fc 7 7 7
f 471/1975/89 492/1976/80 463/1977/80
fc 7 7 7
f 508/1978/83 498/1979/84 515/1980/84
fc 7 7 7
f 486/1981/84 464/1982/87 462/1983/87
fc 7 7 7
f 512/1984/88 504/1985/85 509/1986/85
fc 7 7 7
f 517/1987/82 490/1988/83 520/1989/83
fc 7 7 7
f 465/1990/87 476/1991/89 471/1992/89
fc 7 7 7
f 516/1993/87 500/1994/89 513/1995/89
fc 7 7 7
f 491/1996/89 518/1997/80 472/1998/80
fc 7 7 7
f 485/1999/84 479/2000/87 465/2001/87
fc 7 7 7
f 514/2002/80 502/2003/81 511/2004/81
fc 7 7 7
f 495/2005/85 488/2006/86 477/2007/86
fc 7 7 7
f 496/2008/82 484/2009/83 467/2010/83
fc 7 7 7
f 510/2011/86 506/2012/82 507/2013/82
fc 7 7 7
f 463/2014/80 474/2015/81 489/2016/81
fc 7 7 7
f 520/2017/83 470/2018/84 486/2019/84
fc 7 7 7
f 468/2020/88 493/2021/85 469/2022/85
fc 7 7 7
f 629/2023/90 535/2024/91 612/2025/91
fc 7 7 7
f 1049/2026/84 1158/2027/87 1031/2028/87
fc 7 7 7
f 612/2029/91 561/2030/92 552/2031/92
fc 7 7 7
f 598/2032/93 529/2033/94 644/2034/95
fc 7 7 7
f 616/2035/96 559/2036/92 604/2037/97
fc 7 7 7
f 587/2038/98 533/2039/99 570/2040/100
fc 7 7 7
f 552/2041/101 624/2042/102 590/2043/102
fc 7 7 7
f 1093/2044/103 1149/2045/103 522/2046/103
fc 7 7 7
f 1031/2047/87 1048/2048/89 1159/2049/89
fc 7 7 7
f 550/2050/104 637/2051/105 614/2052/106
fc 7 7 7
f 656/2053/107 540/2054/108 605/2055/109
fc 7 7 7
f 1146/2056/88 1123/2057/85 1121/2058/85
fc 7 7 7
f 632/2059/110 653/2060/110 528/2061/110
fc 7 7 7
f 548/2062/111 644/2063/112 529/2064/113
fc 7 7 7
f 566/2065/96 527/2066/92 571/2067/97
fc 7 7 7
f 609/2068/114 627/2069/102 592/2070/114
fc 7 7 7
f 656/2071/115 586/2072/116 556/2073/117
fc 7 7 7
f 564/2074/118 627/2075/102 575/2076/102
fc 7 7 7
f 650/2077/119 550/2078/104 614/2079/106
fc 7 7 7
f 652/2080/120 550/2081/121 650/2082/122
fc 7 7 7
f 618/2083/123 532/2084/124 654/2085/125
fc 7 7 7
f 554/2086/96 610/2087/96 594/2088/96
fc 7 7 7
f 553/2089/126 626/2090/126 589/2091/126
fc 7 7 7
f 637/2092/127 655/2093/128 614/2094/129
fc 7 7 7
f 617/2095/130 548/2096/131 626/2097/132
fc 7 7 7
f 1121/2098/85 1145/2099/86 576/2100/86
fc 7 7 7
f 615/2101/133 628/2102/134 547/2103/135
fc 7 7 7
f 634/2104/111 605/2105/111 633/2106/111
fc 7 7 7
f 546/2107/136 538/2108/136 564/2109/136
fc 7 7 7
f 549/2110/137 579/2111/137 577/2112/138
fc 7 7 7
f 585/2113/139 614/2114/140 649/2115/141
fc 7 7 7
f 621/2116/110 558/2117/110 563/2118/142
fc 7 7 7
f 627/2119/139 538/2120/139 647/2121/139
fc 7 7 7
f 639/2122/143 624/2123/102 638/2124/133
fc 7 7 7
f 557/2125/144 589/2126/145 529/2127/146
fc 7 7 7
f 598/2128/93 645/2129/147 593/2130/148
fc 7 7 7
f 589/2131/149 626/2132/150 529/2133/113
fc 7 7 7
f 580/2134/151 633/2135/152 601/2136/152
fc 7 7 7
f 607/2137/111 549/2138/139 584/2139/111
fc 7 7 7
f 635/2140/153 655/2141/128 642/2142/154
fc 7 7 7
f 1100/2143/88 1077/2144/85 1047/2145/85
fc 7 7 7
f 584/2146/143 542/2147/143 562/2148/143
fc 7 7 7
f 581/2149/137 537/2150/116 536/2151/137
fc 7 7 7
f 1084/2152/81 1166/2153/88 1146/2154/88
fc 7 7 7
f 539/2155/155 578/2156/156 541/2157/156
fc 7 7 7
f 534/2158/157 529/2159/157 572/2160/158
fc 7 7 7
f 571/2161/143 525/2162/143 625/2163/143
fc 7 7 7
f 566/2164/143 559/2165/143 607/2166/143
fc 7 7 7
f 602/2167/96 573/2168/92 580/2169/97
fc 7 7 7
f 523/2170/159 587/2171/98 570/2172/100
fc 7 7 7
f 530/2173/160 533/2174/161 595/2175/162
fc 7 7 7
f 1045/2176/83 1092/2177/84 1057/2178/84
fc 7 7 7
f 623/2179/163 557/2180/144 529/2181/146
fc 7 7 7
f 620/2182/143 578/2183/143 532/2184/143
fc 7 7 7
f 539/2185/136 643/2186/136 600/2187/136
fc 7 7 7
f 632/2188/164 638/2189/164 567/2190/164
fc 7 7 7
f 595/2191/162 587/2192/156 615/2193/155
fc 7 7 7
f 543/2194/116 650/2195/122 611/2196/165
fc 7 7 7
f 599/2197/80 1048/2198/89 1050/2199/80
fc 7 7 7
f 562/2200/165 525/2201/165 584/2202/165
fc 7 7 7
f 555/2203/166 655/2204/128 637/2205/127
fc 7 7 7
f 1057/2206/84 1098/2207/87 1120/2208/87
fc 7 7 7
f 523/2209/159 588/2210/139 641/2211/139
fc 7 7 7
f 568/2212/167 591/2213/165 544/2214/168
fc 7 7 7
f 1097/2215/81 1133/2216/88 1100/2217/88
fc 7 7 7
f 1037/2218/86 1152/2219/82 565/2220/82
fc 7 7 7
f 611/2221/169 650/2222/119 614/2223/106
fc 7 7 7
f 1153/2224/83 1154/2225/84 1049/2226/84
fc 7 7 7
f 555/2227/114 550/2228/114 597/2229/114
fc 7 7 7
f 1124/2230/80 1056/2231/81 1097/2232/81
fc 7 7 7
f 568/2233/167 628/2234/170 523/2235/171
fc 7 7 7
f 1051/2236/83 1152/2237/82 1142/2238/83
fc 7 7 7
f 624/2239/139 561/2240/111 535/2241/111
fc 7 7 7
f 560/2242/143 633/2243/152 540/2244/143
fc 7 7 7
f 1120/2245/87 1086/2246/89 1130/2247/89
fc 7 7 7
f 654/2248/111 600/2249/139 524/2250/139
fc 7 7 7
f 646/2251/172 654/2252/125 636/2253/173
fc 7 7 7
f 569/2254/174 592/2255/174 558/2256/174
fc 7 7 7
f 1130/2257/89 1095/2258/80 1124/2259/80
fc 7 7 7
f 603/2260/131 645/2261/175 548/2262/131
fc 7 7 7
f 1012/2263/176 928/2264/177 1025/2265/178
fc 7 7 7
f 669/2266/179 972/2267/179 1009/2268/179
fc 7 7 7
f 682/2269/180 712/2270/180 714/2271/180
fc 7 7 7
f 1056/2272/103 1086/2273/103 1092/2274/103
fc 7 7 7
f 992/2275/181 935/2276/182 711/2277/183
fc 7 7 7
f 928/2278/177 674/2279/184 1021/2280/185
fc 7 7 7
f 940/2281/186 976/2282/187 942/2283/188
fc 7 7 7
f 939/2284/189 943/2285/189 989/2286/189
fc 7 7 7
f 705/2287/190 687/2288/191 692/2289/192
fc 7 7 7
f 1015/2290/193 994/2291/194 668/2292/195
fc 7 7 7
f 666/2293/196 987/2294/197 988/2295/198
fc 7 7 7
f 711/2296/183 920/2297/199 993/2298/200
fc 7 7 7
f 700/2299/201 920/2300/199 935/2301/182
fc 7 7 7
f 687/2302/202 668/2303/203 692/2304/204
fc 7 7 7
f 689/2305/205 690/2306/206 977/2307/205
fc 7 7 7
f 966/2308/207 686/2309/208 940/2310/186
fc 7 7 7
f 716/2311/209 712/2312/209 682/2313/209
fc 7 7 7
f 976/2314/187 686/2315/208 1012/2316/176
fc 7 7 7
f 674/2317/184 692/2318/192 1021/2319/185
fc 7 7 7
f 876/2320/210 722/2321/211 925/2322/212
fc 7 7 7
f 987/2323/213 1021/2324/214 988/2325/215
fc 7 7 7
f 993/2326/200 920/2327/199 994/2328/194
fc 7 7 7
f 711/2329/183 935/2330/182 920/2331/199
fc 7 7 7
f 692/2332/204 988/2333/215 1021/2334/214
fc 7 7 7
f 781/2335/216 774/2336/217 918/2337/218
fc 7 7 7
f 666/2338/196 668/2339/195 994/2340/194
fc 7 7 7
f 948/2341/219 687/2342/219 690/2343/219
fc 7 7 7
f 711/2344/220 951/2345/221 992/2346/222
fc 7 7 7
f 920/2347/199 666/2348/196 994/2349/194
fc 7 7 7
f 844/2350/223 845/2351/224 846/2352/225
fc 7 7 7
f 742/2353/226 829/2354/227 777/2355/228
fc 7 7 7
f 873/2356/229 870/2357/230 862/2358/231
fc 7 7 7
f 729/2359/232 727/2360/233 730/2361/234
fc 7 7 7
f 727/2362/233 725/2363/235 730/2364/234
fc 7 7 7
f 855/2365/236 907/2366/237 912/2367/238
fc 7 7 7
f 874/2368/239 861/2369/240 871/2370/241
fc 7 7 7
f 1012/2371/176 965/2372/242 976/2373/187
fc 7 7 7
f 728/2374/243 734/2375/244 892/2376/245
fc 7 7 7
f 903/2377/246 767/2378/247 910/2379/248
fc 7 7 7
f 836/2380/249 729/2381/250 788/2382/251
fc 7 7 7
f 730/2383/252 788/2384/251 729/2385/250
fc 7 7 7
f 730/2386/253 725/2387/254 735/2388/255
fc 7 7 7
f 736/2389/256 810/2390/257 732/2391/258
fc 7 7 7
f 834/2392/259 744/2393/260 683/2394/261
fc 7 7 7
f 872/2395/262 856/2396/263 756/2397/264
fc 7 7 7
f 892/2398/245 735/2399/265 728/2400/243
fc 7 7 7
f 880/2401/266 882/2402/267 881/2403/268
fc 7 7 7
f 737/2404/269 739/2405/270 738/2406/271
fc 7 7 7
f 866/2407/272 910/2408/273 879/2409/274
fc 7 7 7
f 817/2410/275 789/2411/276 816/2412/277
fc 7 7 7
f 1085/2413/81 1042/2414/88 1055/2415/88
fc 7 7 7
f 1072/2416/84 1142/2417/83 522/2418/84
fc 7 7 7
f 729/2419/232 738/2420/278 727/2421/233
fc 7 7 7
f 824/2422/279 880/2423/266 885/2424/280
fc 7 7 7
f 826/2425/281 739/2426/270 737/2427/269
fc 7 7 7
f 827/2428/282 818/2429/283 780/2430/284
fc 7 7 7
f 850/2431/285 839/2432/286 851/2433/287
fc 7 7 7
f 745/2434/288 741/2435/289 744/2436/290
fc 7 7 7
f 825/2437/291 823/2438/292 818/2439/283
fc 7 7 7
f 740/2440/293 743/2441/294 726/2442/295
fc 7 7 7
f 734/2443/244 726/2444/295 743/2445/294
fc 7 7 7
f 836/2446/249 744/2447/260 729/2448/250
fc 7 7 7
f 741/2449/296 729/2450/250 744/2451/260
fc 7 7 7
f 830/2452/297 832/2453/298 828/2454/299
fc 7 7 7
f 1025/2455/300 925/2456/300 688/2457/300
fc 7 7 7
f 686/2458/208 674/2459/184 1012/2460/176
fc 7 7 7
f 739/2461/301 743/2462/294 740/2463/293
fc 7 7 7
f 746/2464/302 773/2465/303 747/2466/304
fc 7 7 7
f 900/2467/305 894/2468/306 754/2469/307
fc 7 7 7
f 861/2470/240 874/2471/239 870/2472/230
fc 7 7 7
f 805/2473/308 829/2474/309 862/2475/310
fc 7 7 7
f 748/2476/311 762/2477/312 900/2478/313
fc 7 7 7
f 900/2479/314 762/2480/314 766/2481/315
fc 7 7 7
f 818/2482/316 823/2483/317 819/2484/318
fc 7 7 7
f 1066/2485/82 1145/2486/86 1061/2487/82
fc 7 7 7
f 889/2488/319 790/2489/320 797/2490/321
fc 7 7 7
f 757/2491/322 750/2492/323 830/2493/324
fc 7 7 7
f 753/2494/325 770/2495/326 749/2496/327
fc 7 7 7
f 749/2497/327 755/2498/328 753/2499/325
fc 7 7 7
f 779/2500/329 827/2501/282 780/2502/284
fc 7 7 7
f 890/2503/330 757/2504/322 749/2505/331
fc 7 7 7
f 759/2506/332 757/2507/322 890/2508/330
fc 7 7 7
f 751/2509/333 759/2510/332 752/2511/334
fc 7 7 7
f 751/2512/333 830/2513/324 750/2514/323
fc 7 7 7
f 751/2515/333 797/2516/321 832/2517/335
fc 7 7 7
f 751/2518/333 752/2519/334 797/2520/321
fc 7 7 7
f 752/2521/334 889/2522/319 797/2523/321
fc 7 7 7
f 840/2524/336 842/2525/337 845/2526/224
fc 7 7 7
f 857/2527/338 852/2528/339 839/2529/286
fc 7 7 7
f 755/2530/328 815/2531/340 747/2532/304
fc 7 7 7
f 906/2533/341 856/2534/263 902/2535/342
fc 7 7 7
f 893/2536/343 911/2537/344 748/2538/311
fc 7 7 7
f 873/2539/345 733/2540/346 838/2541/347
fc 7 7 7
f 770/2542/348 890/2543/330 749/2544/331
fc 7 7 7
f 823/2545/349 824/2546/279 767/2547/247
fc 7 7 7
f 904/2548/350 856/2549/263 786/2550/351
fc 7 7 7
f 756/2551/264 856/2552/263 904/2553/350
fc 7 7 7
f 873/2554/345 838/2555/347 903/2556/352
fc 7 7 7
f 890/2557/353 767/2558/247 885/2559/280
fc 7 7 7
f 782/2560/354 777/2561/355 785/2562/356
fc 7 7 7
f 763/2563/357 775/2564/358 776/2565/359
fc 7 7 7
f 817/2566/360 749/2567/331 758/2568/361
fc 7 7 7
f 871/2569/241 905/2570/362 895/2571/363
fc 7 7 7
f 778/2572/364 801/2573/364 764/2574/364
fc 7 7 7
f 744/2575/260 837/2576/365 683/2577/261
fc 7 7 7
f 762/2578/366 911/2579/367 760/2580/368
fc 7 7 7
f 911/2581/367 763/2582/357 760/2583/368
fc 7 7 7
f 764/2584/369 775/2585/358 911/2586/367
fc 7 7 7
f 1157/2587/87 1083/2588/89 1140/2589/89
fc 7 7 7
f 763/2590/357 914/2591/370 760/2592/368
fc 7 7 7
f 888/2593/371 885/2594/280 880/2595/266
fc 7 7 7
f 863/2596/372 765/2597/373 870/2598/374
fc 7 7 7
f 833/2599/375 895/2600/376 907/2601/237
fc 7 7 7
f 844/2602/223 846/2603/225 848/2604/377
fc 7 7 7
f 846/2605/225 842/2606/337 843/2607/378
fc 7 7 7
f 764/2608/379 911/2609/344 772/2610/380
fc 7 7 7
f 765/2611/381 762/2612/382 870/2613/383
fc 7 7 7
f 1009/2614/384 941/2615/385 929/2616/384
fc 7 7 7
f 700/2617/201 987/2618/197 666/2619/196
fc 7 7 7
f 867/2620/386 770/2621/387 771/2622/388
fc 7 7 7
f 715/2623/389 927/2624/390 957/2625/389
fc 7 7 7
f 733/2626/346 873/2627/345 862/2628/391
fc 7 7 7
f 1071/2629/85 1132/2630/86 1069/2631/86
fc 7 7 7
f 829/2632/309 785/2633/356 777/2634/355
fc 7 7 7
f 814/2635/392 779/2636/329 835/2637/393
fc 7 7 7
f 813/2638/394 831/2639/395 797/2640/321
fc 7 7 7
f 829/2641/227 742/2642/226 862/2643/396
fc 7 7 7
f 768/2644/397 771/2645/398 770/2646/326
fc 7 7 7
f 827/2647/282 779/2648/329 814/2649/392
fc 7 7 7
f 772/2650/380 773/2651/399 764/2652/379
fc 7 7 7
f 773/2653/399 778/2654/400 764/2655/379
fc 7 7 7
f 905/2656/362 871/2657/241 861/2658/240
fc 7 7 7
f 850/2659/285 874/2660/401 839/2661/286
fc 7 7 7
f 774/2662/217 887/2663/402 780/2664/403
fc 7 7 7
f 854/2665/404 857/2666/338 833/2667/405
fc 7 7 7
f 871/2668/241 833/2669/405 857/2670/338
fc 7 7 7
f 805/2671/406 731/2672/407 785/2673/408
fc 7 7 7
f 838/2674/347 820/2675/409 903/2676/352
fc 7 7 7
f 896/2677/410 743/2678/294 821/2679/411
fc 7 7 7
f 914/2680/370 906/2681/341 902/2682/342
fc 7 7 7
f 775/2683/412 764/2684/413 784/2685/414
fc 7 7 7
f 756/2686/415 783/2687/416 853/2688/417
fc 7 7 7
f 820/2689/409 823/2690/418 903/2691/352
fc 7 7 7
f 856/2692/263 859/2693/419 902/2694/342
fc 7 7 7
f 826/2695/420 821/2696/411 743/2697/294
fc 7 7 7
f 935/2698/182 722/2699/211 700/2700/201
fc 7 7 7
f 862/2701/231 870/2702/230 874/2703/239
fc 7 7 7
f 817/2704/275 815/2705/340 749/2706/327
fc 7 7 7
f 867/2707/421 910/2708/273 767/2709/422
fc 7 7 7
f 789/2710/423 817/2711/423 887/2712/423
fc 7 7 7
f 1071/2713/85 1099/2714/88 1155/2715/85
fc 7 7 7
f 826/2716/281 745/2717/288 822/2718/424
fc 7 7 7
f 710/2719/425 707/2720/426 713/2721/425
fc 7 7 7
f 839/2722/286 871/2723/241 857/2724/338
fc 7 7 7
f 746/2725/427 816/2726/428 789/2727/429
fc 7 7 7
f 906/2728/341 776/2729/359 786/2730/351
fc 7 7 7
f 788/2731/251 787/2732/430 720/2733/431
fc 7 7 7
f 849/2734/432 851/2735/287 843/2736/378
fc 7 7 7
f 810/2737/257 733/2738/346 862/2739/391
fc 7 7 7
f 831/2740/395 832/2741/335 797/2742/321
fc 7 7 7
f 788/2743/251 837/2744/365 836/2745/249
fc 7 7 7
f 815/2746/340 817/2747/275 816/2748/277
fc 7 7 7
f 823/2749/418 822/2750/433 819/2751/434
fc 7 7 7
f 847/2752/435 857/2753/338 848/2754/436
fc 7 7 7
f 792/2755/437 793/2756/438 791/2757/439
fc 7 7 7
f 813/2758/440 814/2759/392 835/2760/393
fc 7 7 7
f 806/2761/441 809/2762/442 804/2763/443
fc 7 7 7
f 713/2764/444 715/2765/445 710/2766/444
fc 7 7 7
f 795/2767/446 800/2768/447 794/2769/448
fc 7 7 7
f 785/2770/356 853/2771/417 782/2772/354
fc 7 7 7
f 824/2773/449 823/2774/292 825/2775/291
fc 7 7 7
f 1025/2776/178 965/2777/242 1012/2778/176
fc 7 7 7
f 906/2779/341 786/2780/351 856/2781/263
fc 7 7 7
f 896/2782/410 892/2783/245 734/2784/244
fc 7 7 7
f 790/2785/450 813/2786/394 797/2787/321
fc 7 7 7
f 800/2788/447 798/2789/451 793/2790/438
fc 7 7 7
f 803/2791/452 793/2792/438 798/2793/451
fc 7 7 7
f 809/2794/453 793/2795/438 804/2796/454
fc 7 7 7
f 858/2797/455 736/2798/456 892/2799/245
fc 7 7 7
f 791/2800/439 793/2801/438 807/2802/457
fc 7 7 7
f 809/2803/453 807/2804/457 793/2805/438
fc 7 7 7
f 796/2806/458 800/2807/447 795/2808/446
fc 7 7 7
f 825/2809/459 827/2810/460 812/2811/461
fc 7 7 7
f 859/2812/419 872/2813/462 895/2814/376
fc 7 7 7
f 790/2815/320 886/2816/463 884/2817/464
fc 7 7 7
f 844/2818/465 848/2819/466 855/2820/236
fc 7 7 7
f 874/2821/467 805/2822/308 862/2823/310
fc 7 7 7
f 851/2824/287 846/2825/225 843/2826/378
fc 7 7 7
f 796/2827/458 798/2828/451 800/2829/447
fc 7 7 7
f 853/2830/417 783/2831/416 782/2832/354
fc 7 7 7
f 1038/2833/81 1099/2834/88 545/2835/88
fc 7 7 7
f 987/2836/213 1025/2837/468 928/2838/469
fc 7 7 7
f 731/2839/407 850/2840/285 849/2841/432
fc 7 7 7
f 812/2842/470 814/2843/471 802/2844/472
fc 7 7 7
f 853/2845/473 731/2846/474 841/2847/475
fc 7 7 7
f 723/2848/476 985/2849/476 1022/2850/476
fc 7 7 7
f 872/2851/462 907/2852/237 895/2853/376
fc 7 7 7
f 808/2854/477 807/2855/478 806/2856/441
fc 7 7 7
f 809/2857/442 806/2858/441 807/2859/478
fc 7 7 7
f 880/2860/266 886/2861/479 888/2862/371
fc 7 7 7
f 858/2863/455 892/2864/245 896/2865/410
fc 7 7 7
f 851/2866/287 839/2867/286 852/2868/339
fc 7 7 7
f 880/2869/266 824/2870/279 883/2871/480
fc 7 7 7
f 883/2872/480 794/2873/481 811/2874/482
fc 7 7 7
f 1150/2875/80 1078/2876/81 1038/2877/81
fc 7 7 7
f 808/2878/477 811/2879/482 807/2880/483
fc 7 7 7
f 1140/2881/89 1167/2882/80 1150/2883/80
fc 7 7 7
f 1072/2884/84 1138/2885/87 1101/2886/87
fc 7 7 7
f 849/2887/484 843/2888/378 840/2889/336
fc 7 7 7
f 1013/2890/485 1014/2891/486 990/2892/487
fc 7 7 7
f 660/2893/488 995/2894/489 932/2895/490
fc 7 7 7
f 997/2896/491 1001/2897/492 990/2898/493
fc 7 7 7
f 709/2899/494 970/2900/495 1023/2901/496
fc 7 7 7
f 1164/2902/82 1068/2903/83 1139/2904/83
fc 7 7 7
f 719/2905/497 956/2906/497 924/2907/497
fc 7 7 7
f 953/2908/498 999/2909/499 984/2910/500
fc 7 7 7
f 966/2911/207 687/2912/191 705/2913/190
fc 7 7 7
f 978/2914/501 958/2915/502 663/2916/503
fc 7 7 7
f 663/2917/503 958/2918/502 964/2919/504
fc 7 7 7
f 958/2920/505 662/2921/506 676/2922/507
fc 7 7 7
f 1018/2923/508 671/2924/509 708/2925/510
fc 7 7 7
f 958/2926/505 676/2927/507 675/2928/511
fc 7 7 7
f 986/2929/512 676/2930/513 662/2931/514
fc 7 7 7
f 958/2932/505 945/2933/515 662/2934/506
fc 7 7 7
f 929/2935/384 669/2936/516 1009/2937/384
fc 7 7 7
f 958/2938/502 978/2939/501 954/2940/517
fc 7 7 7
f 724/2941/518 979/2942/519 664/2943/520
fc 7 7 7
f 1023/2944/521 1019/2945/521 1006/2946/521
fc 7 7 7
f 986/2947/512 954/2948/522 677/2949/523
fc 7 7 7
f 1016/2950/524 960/2951/525 898/2952/526
fc 7 7 7
f 685/2953/527 944/2954/528 937/2955/529
fc 7 7 7
f 1069/2956/86 1074/2957/82 1164/2958/82
fc 7 7 7
f 923/2959/530 980/2960/531 875/2961/530
fc 7 7 7
f 898/2962/532 960/2963/533 918/2964/218
fc 7 7 7
f 678/2965/534 926/2966/535 719/2967/536
fc 7 7 7
f 934/2968/537 1016/2969/524 898/2970/526
fc 7 7 7
f 986/2971/538 1005/2972/538 658/2973/539
fc 7 7 7
f 787/2974/430 717/2975/540 696/2976/541
fc 7 7 7
f 724/2977/542 937/2978/543 908/2979/544
fc 7 7 7
f 995/2980/545 701/2981/546 921/2982/547
fc 7 7 7
f 1010/2983/548 1004/2984/549 1013/2985/550
fc 7 7 7
f 703/2986/551 946/2987/552 701/2988/546
fc 7 7 7
f 1005/2989/553 675/2990/554 658/2991/555
fc 7 7 7
f 1028/2992/556 703/2993/551 701/2994/546
fc 7 7 7
f 685/2995/557 937/2996/558 963/2997/559
fc 7 7 7
f 663/2998/560 677/2999/561 978/3000/562
fc 7 7 7
f 918/3001/218 960/3002/533 781/3003/216
fc 7 7 7
f 664/3004/563 979/3005/564 944/3006/565
fc 7 7 7
f 978/3007/562 677/3008/561 954/3009/566
fc 7 7 7
f 676/3010/513 658/3011/567 675/3012/554
fc 7 7 7
f 986/3013/512 662/3014/514 945/3015/568
fc 7 7 7
f 1005/3016/553 663/3017/560 964/3018/569
fc 7 7 7
f 922/3019/570 702/3020/571 897/3021/572
fc 7 7 7
f 699/3022/573 702/3023/571 922/3024/570
fc 7 7 7
f 1008/3025/574 718/3026/575 702/3027/576
fc 7 7 7
f 670/3028/577 1008/3029/574 702/3030/576
fc 7 7 7
f 696/3031/578 709/3032/494 1023/3033/496
fc 7 7 7
f 693/3034/579 1008/3035/580 899/3036/581
fc 7 7 7
f 718/3037/575 869/3038/582 702/3039/576
fc 7 7 7
f 877/3040/583 897/3041/572 702/3042/571
fc 7 7 7
f 967/3043/584 949/3044/584 917/3045/584
fc 7 7 7
f 961/3046/585 869/3047/586 693/3048/587
fc 7 7 7
f 967/3049/588 917/3050/588 694/3051/588
fc 7 7 7
f 1047/3052/85 1162/3053/86 1128/3054/86
fc 7 7 7
f 950/3055/538 693/3056/538 899/3057/538
fc 7 7 7
f 917/3058/589 949/3059/589 694/3060/589
fc 7 7 7
f 1006/3061/590 665/3062/590 1023/3063/590
fc 7 7 7
f 683/3064/261 898/3065/532 834/3066/259
fc 7 7 7
f 699/3067/591 899/3068/581 670/3069/592
fc 7 7 7
f 694/3070/593 949/3071/593 967/3072/593
fc 7 7 7
f 922/3073/594 961/3074/585 950/3075/595
fc 7 7 7
f 969/3076/596 991/3077/597 955/3078/598
fc 7 7 7
f 781/3079/216 970/3080/599 709/3081/600
fc 7 7 7
f 1022/3082/601 680/3083/601 723/3084/601
fc 7 7 7
f 921/3085/602 923/3086/602 875/3087/602
fc 7 7 7
f 974/3088/603 969/3089/596 955/3090/598
fc 7 7 7
f 969/3091/604 679/3092/605 708/3093/510
fc 7 7 7
f 1163/3094/82 1151/3095/83 1045/3096/83
fc 7 7 7
f 671/3097/606 952/3098/607 930/3099/608
fc 7 7 7
f 683/3100/261 678/3101/609 934/3102/610
fc 7 7 7
f 877/3103/611 961/3104/585 897/3105/612
fc 7 7 7
f 670/3106/592 899/3107/581 1008/3108/580
fc 7 7 7
f 869/3109/613 718/3110/614 693/3111/579
fc 7 7 7
f 699/3112/554 922/3113/594 950/3114/595
fc 7 7 7
f 719/3115/536 926/3116/535 956/3117/615
fc 7 7 7
f 834/3118/259 898/3119/532 918/3120/218
fc 7 7 7
f 717/3121/540 781/3122/216 709/3123/600
fc 7 7 7
f 921/3124/547 701/3125/546 923/3126/616
fc 7 7 7
f 933/3127/165 661/3128/116 1017/3129/116
fc 7 7 7
f 1107/3130/103 1048/3131/103 1154/3132/103
fc 7 7 7
f 722/3133/617 1027/3134/618 938/3135/619
fc 7 7 7
f 916/3136/620 965/3137/620 688/3138/620
fc 7 7 7
f 989/3139/621 943/3140/621 672/3141/621
fc 7 7 7
f 1027/3142/618 976/3143/622 916/3144/623
fc 7 7 7
f 925/3145/624 1027/3146/625 688/3147/626
fc 7 7 7
f 925/3148/627 722/3149/627 938/3150/627
fc 7 7 7
f 935/3151/628 942/3152/629 976/3153/622
fc 7 7 7
f 723/3154/630 680/3155/630 985/3156/630
fc 7 7 7
f 976/3157/622 965/3158/631 916/3159/623
fc 7 7 7
f 665/3160/632 924/3161/632 956/3162/632
fc 7 7 7
f 919/3163/633 946/3164/633 703/3165/633
fc 7 7 7
f 688/3166/626 1027/3167/625 916/3168/634
fc 7 7 7
f 989/3169/635 672/3170/635 939/3171/635
fc 7 7 7
f 956/3172/636 1023/3173/636 665/3174/636
fc 7 7 7
f 716/3175/637 682/3176/637 714/3177/637
fc 7 7 7
f 938/3178/638 1027/3179/625 925/3180/624
fc 7 7 7
f 724/3181/542 996/3182/639 963/3183/640
fc 7 7 7
f 724/3184/518 908/3185/641 979/3186/519
fc 7 7 7
f 926/3187/535 696/3188/578 956/3189/615
fc 7 7 7
f 678/3190/609 720/3191/431 926/3192/642
fc 7 7 7
f 664/3193/563 685/3194/643 996/3195/644
fc 7 7 7
f 717/3196/540 709/3197/600 696/3198/541
fc 7 7 7
f 1067/3199/84 1126/3200/87 1157/3201/87
fc 7 7 7
f 901/3202/645 1002/3203/645 931/3204/645
fc 7 7 7
f 1067/3205/84 1068/3206/83 1033/3207/84
fc 7 7 7
f 975/3208/111 701/3209/546 946/3210/552
fc 7 7 7
f 1007/3211/646 973/3212/647 968/3213/648
fc 7 7 7
f 931/3214/649 1026/3215/650 901/3216/651
fc 7 7 7
f 963/3217/559 996/3218/652 685/3219/557
fc 7 7 7
f 956/3220/615 696/3221/578 1023/3222/496
fc 7 7 7
f 1007/3223/653 962/3224/654 673/3225/655
fc 7 7 7
f 673/3226/656 962/3227/657 1026/3228/658
fc 7 7 7
f 696/3229/541 720/3230/431 787/3231/430
fc 7 7 7
f 981/3232/659 990/3233/493 1001/3234/492
fc 7 7 7
f 673/3235/656 1026/3236/660 971/3237/661
fc 7 7 7
f 971/3238/662 1026/3239/650 931/3240/649
fc 7 7 7
f 864/3241/663 1028/3242/556 701/3243/546
fc 7 7 7
f 971/3244/662 931/3245/649 968/3246/664
fc 7 7 7
f 968/3247/648 1002/3248/665 1007/3249/646
fc 7 7 7
f 971/3250/661 973/3251/666 673/3252/656
fc 7 7 7
f 673/3253/655 973/3254/667 1007/3255/653
fc 7 7 7
f 932/3256/490 995/3257/489 921/3258/668
fc 7 7 7
f 952/3259/96 909/3260/96 691/3261/96
fc 7 7 7
f 1000/3262/669 864/3263/147 660/3264/147
fc 7 7 7
f 719/3265/536 934/3266/537 678/3267/534
fc 7 7 7
f 968/3268/648 931/3269/670 1002/3270/665
fc 7 7 7
f 980/3271/531 946/3272/671 919/3273/672
fc 7 7 7
f 968/3274/664 973/3275/673 971/3276/662
fc 7 7 7
f 960/3277/533 970/3278/599 781/3279/216
fc 7 7 7
f 667/3280/674 944/3281/675 979/3282/676
fc 7 7 7
f 942/3283/188 951/3284/677 940/3285/186
fc 7 7 7
f 697/3286/678 1003/3287/679 1011/3288/680
fc 7 7 7
f 915/3289/681 1024/3290/681 681/3291/682
fc 7 7 7
f 1000/3292/669 703/3293/683 1028/3294/684
fc 7 7 7
f 984/3295/685 981/3296/659 982/3297/686
fc 7 7 7
f 686/3298/208 976/3299/187 940/3300/186
fc 7 7 7
f 1020/3301/687 947/3302/688 915/3303/689
fc 7 7 7
f 721/3304/690 681/3305/691 1024/3306/692
fc 7 7 7
f 1011/3307/693 947/3308/694 659/3309/695
fc 7 7 7
f 909/3310/696 1018/3311/697 959/3312/698
fc 7 7 7
f 1020/3313/699 659/3314/695 947/3315/694
fc 7 7 7
f 1016/3316/107 924/3317/700 1019/3318/701
fc 7 7 7
f 1128/3319/86 1065/3320/82 1163/3321/82
fc 7 7 7
f 864/3322/663 701/3323/546 995/3324/545
fc 7 7 7
f 697/3325/678 1011/3326/680 657/3327/702
fc 7 7 7
f 1024/3328/692 657/3329/703 721/3330/690
fc 7 7 7
f 979/3331/704 908/3332/704 667/3333/704
fc 7 7 7
f 915/3334/705 698/3335/706 1024/3336/707
fc 7 7 7
f 1003/3337/708 915/3338/689 947/3339/688
fc 7 7 7
f 960/3340/525 1023/3341/496 970/3342/495
fc 7 7 7
f 737/3343/269 738/3344/709 741/3345/289
fc 7 7 7
f 664/3346/520 996/3347/710 724/3348/518
fc 7 7 7
f 697/3349/711 698/3350/706 695/3351/712
fc 7 7 7
f 1003/3352/708 697/3353/711 695/3354/712
fc 7 7 7
f 697/3355/713 657/3356/714 698/3357/715
fc 7 7 7
f 985/3358/716 680/3359/716 1022/3360/716
fc 7 7 7
f 711/3361/717 940/3362/717 951/3363/717
fc 7 7 7
f 940/3364/718 689/3365/205 977/3366/205
fc 7 7 7
f 941/3367/719 1009/3368/720 972/3369/719
fc 7 7 7
f 672/3370/721 943/3371/721 939/3372/721
fc 7 7 7
f 714/3373/722 712/3374/722 716/3375/722
fc 7 7 7
f 957/3376/389 710/3377/723 715/3378/389
fc 7 7 7
f 715/3379/724 713/3380/724 927/3381/724
fc 7 7 7
f 972/3382/725 684/3383/726 941/3384/725
fc 7 7 7
f 1066/3385/82 1143/3386/83 1153/3387/83
fc 7 7 7
f 1054/3388/85 1042/3389/88 1127/3390/85
fc 7 7 7
f 1155/3391/103 1083/3392/103 1033/3393/103
fc 7 7 7
f 1054/3394/85 1102/3395/86 1037/3396/86
fc 7 7 7
f 1101/3397/87 1149/3398/89 1052/3399/89
fc 7 7 7
f 1161/3400/80 1093/3401/81 1085/3402/81
fc 7 7 7
f 1052/3403/89 1058/3404/80 1161/3405/80
fc 7 7 7
f 599/3406/80 1107/3407/81 1084/3408/81
fc 7 7 7
f 472/3409/80 518/3410/80 483/3411/81
fc 7 7 7
f 507/3412/82 506/3413/82 505/3414/83
fc 7 7 7
f 467/3415/83 484/3416/83 475/3417/84
fc 7 7 7
f 509/3418/85 504/3419/85 503/3420/86
fc 7 7 7
f 515/3421/84 498/3422/84 497/3423/87
fc 7 7 7
f 489/3424/81 474/3425/81 481/3426/88
fc 7 7 7
f 513/3427/89 500/3428/89 499/3429/80
fc 7 7 7
f 477/3430/86 488/3431/86 519/3432/82
fc 7 7 7
f 469/3433/85 493/3434/85 478/3435/86
fc 7 7 7
f 494/3436/81 483/3437/81 482/3438/88
fc 7 7 7
f 511/3439/81 502/3440/81 501/3441/88
fc 7 7 7
f 480/3442/88 482/3443/88 461/3444/85
fc 7 7 7
f 462/3445/87 464/3446/87 466/3447/89
fc 7 7 7
f 487/3448/86 478/3449/86 473/3450/82
fc 7 7 7
f 471/3451/89 476/3452/89 492/3453/80
fc 7 7 7
f 508/3454/83 505/3455/83 498/3456/84
fc 7 7 7
f 486/3457/84 470/3458/84 464/3459/87
fc 7 7 7
f 512/3460/88 501/3461/88 504/3462/85
fc 7 7 7
f 517/3463/82 519/3464/82 490/3465/83
fc 7 7 7
f 465/3466/87 479/3467/87 476/3468/89
fc 7 7 7
f 516/3469/87 497/3470/87 500/3471/89
fc 7 7 7
f 491/3472/89 466/3473/89 518/3474/80
fc 7 7 7
f 485/3475/84 475/3476/84 479/3477/87
fc 7 7 7
f 514/3478/80 499/3479/80 502/3480/81
fc 7 7 7
f 495/3481/85 461/3482/85 488/3483/86
fc 7 7 7
f 496/3484/82 473/3485/82 484/3486/83
fc 7 7 7
f 510/3487/86 503/3488/86 506/3489/82
fc 7 7 7
f 463/3490/80 492/3491/80 474/3492/81
fc 7 7 7
f 520/3493/83 490/3494/83 470/3495/84
fc 7 7 7
f 468/3496/88 481/3497/88 493/3498/85
fc 7 7 7
f 629/3499/90 619/3500/90 535/3501/91
fc 7 7 7
f 1049/3502/84 1154/3503/84 1158/3504/87
fc 7 7 7
f 612/3505/91 535/3506/91 561/3507/92
fc 7 7 7
f 598/3508/93 572/3509/727 529/3510/94
fc 7 7 7
f 616/3511/96 531/3512/96 559/3513/92
fc 7 7 7
f 552/3514/101 561/3515/101 624/3516/102
fc 7 7 7
f 522/3517/103 1142/3518/103 1152/3519/103
fc 7 7 7
f 1152/3520/103 1102/3521/103 522/3522/103
fc 7 7 7
f 1102/3523/103 1127/3524/103 522/3525/103
fc 7 7 7
f 1127/3526/103 1042/3527/103 1093/3528/103
fc 7 7 7
f 1093/3529/103 1058/3530/103 1149/3531/103
fc 7 7 7
f 1149/3532/103 1138/3533/103 522/3534/103
fc 7 7 7
f 1127/3535/103 1093/3536/103 522/3537/103
fc 7 7 7
f 1031/3538/87 1158/3539/87 1048/3540/89
fc 7 7 7
f 656/3541/107 560/3542/108 540/3543/108
fc 7 7 7
f 1146/3544/88 1166/3545/88 1123/3546/85
fc 7 7 7
f 632/3547/110 567/3548/110 653/3549/110
fc 7 7 7
f 529/3550/113 626/3551/150 548/3552/111
fc 7 7 7
f 548/3553/111 645/3554/111 644/3555/112
fc 7 7 7
f 566/3556/96 607/3557/96 527/3558/92
fc 7 7 7
f 609/3559/114 575/3560/102 627/3561/102
fc 7 7 7
f 656/3562/115 605/3563/115 586/3564/116
fc 7 7 7
f 564/3565/118 538/3566/118 627/3567/102
fc 7 7 7
f 652/3568/120 597/3569/728 550/3570/121
fc 7 7 7
f 618/3571/123 620/3572/729 532/3573/124
fc 7 7 7
f 554/3574/96 630/3575/96 610/3576/96
fc 7 7 7
f 553/3577/126 617/3578/730 626/3579/126
fc 7 7 7
f 617/3580/130 603/3581/131 548/3582/131
fc 7 7 7
f 1121/3583/85 1123/3584/85 1145/3585/86
fc 7 7 7
f 615/3586/133 587/3587/731 628/3588/134
fc 7 7 7
f 521/3589/139 634/3590/111 633/3591/111
fc 7 7 7
f 634/3592/111 606/3593/732 586/3594/111
fc 7 7 7
f 605/3595/111 634/3596/111 586/3597/111
fc 7 7 7
f 605/3598/111 540/3599/111 633/3600/111
fc 7 7 7
f 633/3601/111 573/3602/111 521/3603/139
fc 7 7 7
f 546/3604/136 647/3605/136 538/3606/136
fc 7 7 7
f 549/3607/137 622/3608/137 579/3609/137
fc 7 7 7
f 585/3610/139 611/3611/733 614/3612/140
fc 7 7 7
f 621/3613/110 569/3614/110 558/3615/110
fc 7 7 7
f 647/3616/139 613/3617/734 574/3618/139
fc 7 7 7
f 574/3619/139 563/3620/139 647/3621/139
fc 7 7 7
f 563/3622/139 558/3623/735 592/3624/139
fc 7 7 7
f 647/3625/139 563/3626/139 627/3627/139
fc 7 7 7
f 592/3628/139 627/3629/139 563/3630/139
fc 7 7 7
f 639/3631/143 590/3632/102 624/3633/102
fc 7 7 7
f 598/3634/93 644/3635/95 645/3636/147
fc 7 7 7
f 580/3637/151 573/3638/736 633/3639/152
fc 7 7 7
f 607/3640/111 559/3641/111 554/3642/139
fc 7 7 7
f 559/3643/111 531/3644/111 554/3645/139
fc 7 7 7
f 554/3646/139 594/3647/139 622/3648/139
fc 7 7 7
f 525/3649/139 527/3650/111 584/3651/111
fc 7 7 7
f 527/3652/111 607/3653/111 584/3654/111
fc 7 7 7
f 536/3655/111 537/3656/111 584/3657/111
fc 7 7 7
f 607/3658/111 554/3659/139 549/3660/139
fc 7 7 7
f 554/3661/139 622/3662/139 549/3663/139
fc 7 7 7
f 549/3664/139 536/3665/111 584/3666/111
fc 7 7 7
f 635/3667/153 614/3668/737 655/3669/128
fc 7 7 7
f 1100/3670/88 1133/3671/88 1077/3672/85
fc 7 7 7
f 584/3673/143 537/3674/143 542/3675/143
fc 7 7 7
f 581/3676/137 542/3677/116 537/3678/116
fc 7 7 7
f 1084/3679/81 1107/3680/81 1166/3681/88
fc 7 7 7
f 539/3682/155 600/3683/738 578/3684/156
fc 7 7 7
f 534/3685/157 623/3686/739 529/3687/157
fc 7 7 7
f 571/3688/143 527/3689/143 525/3690/143
fc 7 7 7
f 566/3691/143 604/3692/143 559/3693/143
fc 7 7 7
f 602/3694/96 521/3695/136 573/3696/92
fc 7 7 7
f 523/3697/159 628/3698/740 587/3699/98
fc 7 7 7
f 530/3700/160 570/3701/683 533/3702/161
fc 7 7 7
f 1045/3703/83 1151/3704/83 1092/3705/84
fc 7 7 7
f 620/3706/143 541/3707/143 578/3708/143
fc 7 7 7
f 539/3709/136 583/3710/136 643/3711/136
fc 7 7 7
f 632/3712/164 639/3713/741 638/3714/164
fc 7 7 7
f 595/3715/162 533/3716/161 587/3717/156
fc 7 7 7
f 543/3718/116 652/3719/120 650/3720/122
fc 7 7 7
f 599/3721/80 1159/3722/89 1048/3723/89
fc 7 7 7
f 562/3724/165 625/3725/165 525/3726/165
fc 7 7 7
f 555/3727/166 642/3728/154 655/3729/128
fc 7 7 7
f 1057/3730/84 1092/3731/84 1098/3732/87
fc 7 7 7
f 641/3733/139 591/3734/139 523/3735/159
fc 7 7 7
f 523/3736/159 570/3737/100 588/3738/139
fc 7 7 7
f 568/3739/167 523/3740/171 591/3741/165
fc 7 7 7
f 1097/3742/81 1056/3743/81 1133/3744/88
fc 7 7 7
f 1037/3745/86 1102/3746/86 1152/3747/82
fc 7 7 7
f 1153/3748/83 1143/3749/83 1154/3750/84
fc 7 7 7
f 555/3751/114 637/3752/114 550/3753/114
fc 7 7 7
f 1124/3754/80 1095/3755/80 1056/3756/81
fc 7 7 7
f 568/3757/167 547/3758/742 628/3759/170
fc 7 7 7
f 1051/3760/83 565/3761/82 1152/3762/82
fc 7 7 7
f 535/3763/111 619/3764/111 653/3765/139
fc 7 7 7
f 619/3766/111 596/3767/743 653/3768/139
fc 7 7 7
f 653/3769/139 567/3770/744 638/3771/744
fc 7 7 7
f 535/3772/111 653/3773/139 624/3774/139
fc 7 7 7
f 638/3775/744 624/3776/139 653/3777/139
fc 7 7 7
f 560/3778/143 601/3779/152 633/3780/152
fc 7 7 7
f 1120/3781/87 1098/3782/87 1086/3783/89
fc 7 7 7
f 643/3784/745 582/3785/746 524/3786/139
fc 7 7 7
f 524/3787/139 636/3788/139 654/3789/111
fc 7 7 7
f 654/3790/111 532/3791/734 578/3792/111
fc 7 7 7
f 578/3793/111 600/3794/139 654/3795/111
fc 7 7 7
f 600/3796/139 643/3797/745 524/3798/139
fc 7 7 7
f 646/3799/172 618/3800/123 654/3801/125
fc 7 7 7
f 569/3802/174 609/3803/174 592/3804/174
fc 7 7 7
f 1130/3805/89 1086/3806/89 1095/3807/80
fc 7 7 7
f 603/3808/131 593/3809/175 645/3810/175
fc 7 7 7
f 1012/3811/176 674/3812/184 928/3813/177
fc 7 7 7
f 1092/3814/103 1151/3815/103 1065/3816/103
fc 7 7 7
f 1065/3817/103 1162/3818/103 1077/3819/103
fc 7 7 7
f 1077/3820/103 1133/3821/103 1056/3822/103
fc 7 7 7
f 1056/3823/103 1095/3824/103 1086/3825/103
fc 7 7 7
f 1086/3826/103 1098/3827/103 1092/3828/103
fc 7 7 7
f 1092/3829/103 1065/3830/103 1077/3831/103
fc 7 7 7
f 1077/3832/103 1056/3833/103 1092/3834/103
fc 7 7 7
f 993/3835/200 948/3836/747 689/3837/748
fc 7 7 7
f 689/3838/748 711/3839/183 993/3840/200
fc 7 7 7
f 687/3841/202 1015/3842/202 668/3843/203
fc 7 7 7
f 689/3844/205 948/3845/749 690/3846/206
fc 7 7 7
f 940/3847/186 977/3848/750 966/3849/207
fc 7 7 7
f 977/3850/750 690/3851/751 966/3852/207
fc 7 7 7
f 674/3853/184 705/3854/190 692/3855/192
fc 7 7 7
f 876/3856/210 700/3857/201 722/3858/211
fc 7 7 7
f 987/3859/213 928/3860/469 1021/3861/214
fc 7 7 7
f 994/3862/194 1015/3863/193 993/3864/200
fc 7 7 7
f 1015/3865/193 948/3866/747 993/3867/200
fc 7 7 7
f 692/3868/204 668/3869/203 988/3870/215
fc 7 7 7
f 781/3871/216 717/3872/540 774/3873/217
fc 7 7 7
f 666/3874/196 988/3875/198 668/3876/195
fc 7 7 7
f 948/3877/219 1015/3878/219 687/3879/219
fc 7 7 7
f 920/3880/199 700/3881/201 666/3882/196
fc 7 7 7
f 777/3883/228 788/3884/752 742/3885/226
fc 7 7 7
f 788/3886/752 730/3887/253 732/3888/258
fc 7 7 7
f 742/3889/226 788/3890/752 732/3891/258
fc 7 7 7
f 873/3892/229 863/3893/753 870/3894/230
fc 7 7 7
f 907/3895/237 872/3896/262 912/3897/238
fc 7 7 7
f 872/3898/262 756/3899/264 912/3900/238
fc 7 7 7
f 912/3901/238 845/3902/754 855/3903/236
fc 7 7 7
f 845/3904/754 844/3905/465 855/3906/236
fc 7 7 7
f 728/3907/243 726/3908/295 734/3909/244
fc 7 7 7
f 903/3910/246 823/3911/349 767/3912/247
fc 7 7 7
f 910/3913/248 866/3914/755 903/3915/246
fc 7 7 7
f 866/3916/755 863/3917/753 873/3918/229
fc 7 7 7
f 903/3919/246 866/3920/755 873/3921/229
fc 7 7 7
f 735/3922/255 736/3923/256 732/3924/258
fc 7 7 7
f 732/3925/258 730/3926/253 735/3927/255
fc 7 7 7
f 834/3928/259 780/3929/403 744/3930/260
fc 7 7 7
f 892/3931/245 736/3932/456 735/3933/265
fc 7 7 7
f 881/3934/268 886/3935/479 880/3936/266
fc 7 7 7
f 882/3937/267 811/3938/482 881/3939/268
fc 7 7 7
f 879/3940/274 860/3941/756 866/3942/272
fc 7 7 7
f 860/3943/756 863/3944/372 866/3945/272
fc 7 7 7
f 1085/3946/81 1093/3947/81 1042/3948/88
fc 7 7 7
f 1072/3949/84 1051/3950/83 1142/3951/83
fc 7 7 7
f 729/3952/232 741/3953/757 738/3954/278
fc 7 7 7
f 737/3955/269 741/3956/289 745/3957/288
fc 7 7 7
f 745/3958/288 826/3959/281 737/3960/269
fc 7 7 7
f 827/3961/282 825/3962/291 818/3963/283
fc 7 7 7
f 744/3964/290 780/3965/758 819/3966/318
fc 7 7 7
f 780/3967/758 818/3968/316 819/3969/318
fc 7 7 7
f 819/3970/318 745/3971/288 744/3972/290
fc 7 7 7
f 831/3973/759 828/3974/299 832/3975/298
fc 7 7 7
f 828/3976/299 817/3977/760 758/3978/761
fc 7 7 7
f 758/3979/761 830/3980/297 828/3981/299
fc 7 7 7
f 1025/3982/300 876/3983/300 925/3984/300
fc 7 7 7
f 686/3985/208 705/3986/190 674/3987/184
fc 7 7 7
f 739/3988/301 826/3989/420 743/3990/294
fc 7 7 7
f 772/3991/380 747/3992/304 773/3993/303
fc 7 7 7
f 747/3994/304 815/3995/340 816/3996/762
fc 7 7 7
f 746/3997/302 747/3998/304 816/3999/762
fc 7 7 7
f 754/4000/307 747/4001/304 893/4002/343
fc 7 7 7
f 747/4003/304 772/4004/380 893/4005/343
fc 7 7 7
f 893/4006/343 748/4007/311 754/4008/307
fc 7 7 7
f 748/4009/311 900/4010/305 754/4011/307
fc 7 7 7
f 870/4012/230 762/4013/763 760/4014/764
fc 7 7 7
f 760/4015/764 914/4016/765 861/4017/240
fc 7 7 7
f 914/4018/765 902/4019/766 905/4020/362
fc 7 7 7
f 861/4021/240 914/4022/765 905/4023/362
fc 7 7 7
f 902/4024/766 859/4025/767 905/4026/362
fc 7 7 7
f 859/4027/767 895/4028/363 905/4029/362
fc 7 7 7
f 870/4030/230 760/4031/764 861/4032/240
fc 7 7 7
f 748/4033/311 911/4034/344 762/4035/312
fc 7 7 7
f 1066/4036/82 576/4037/86 1145/4038/86
fc 7 7 7
f 889/4039/319 886/4040/463 790/4041/320
fc 7 7 7
f 830/4042/324 758/4043/361 757/4044/322
fc 7 7 7
f 758/4045/361 749/4046/331 757/4047/322
fc 7 7 7
f 753/4048/325 768/4049/397 770/4050/326
fc 7 7 7
f 749/4051/327 815/4052/340 755/4053/328
fc 7 7 7
f 759/4054/332 750/4055/323 757/4056/322
fc 7 7 7
f 751/4057/333 750/4058/323 759/4059/332
fc 7 7 7
f 751/4060/333 832/4061/335 830/4062/324
fc 7 7 7
f 841/4063/475 731/4064/474 849/4065/484
fc 7 7 7
f 840/4066/336 843/4067/378 842/4068/337
fc 7 7 7
f 841/4069/475 849/4070/484 840/4071/336
fc 7 7 7
f 845/4072/224 912/4073/768 840/4074/336
fc 7 7 7
f 912/4075/768 841/4076/475 840/4077/336
fc 7 7 7
f 857/4078/338 847/4079/435 852/4080/339
fc 7 7 7
f 747/4081/304 754/4082/307 755/4083/328
fc 7 7 7
f 754/4084/307 894/4085/306 768/4086/769
fc 7 7 7
f 753/4087/325 754/4088/307 768/4089/769
fc 7 7 7
f 753/4090/325 755/4091/328 754/4092/307
fc 7 7 7
f 893/4093/343 772/4094/380 911/4095/344
fc 7 7 7
f 889/4096/767 752/4097/770 888/4098/371
fc 7 7 7
f 752/4099/770 759/4100/771 888/4101/371
fc 7 7 7
f 890/4102/353 770/4103/772 767/4104/247
fc 7 7 7
f 759/4105/771 890/4106/353 885/4107/280
fc 7 7 7
f 888/4108/371 759/4109/771 885/4110/280
fc 7 7 7
f 888/4111/371 886/4112/479 889/4113/767
fc 7 7 7
f 767/4114/247 824/4115/279 885/4116/280
fc 7 7 7
f 776/4117/359 913/4118/773 763/4119/357
fc 7 7 7
f 763/4120/357 911/4121/367 775/4122/358
fc 7 7 7
f 744/4123/260 836/4124/249 837/4125/365
fc 7 7 7
f 1157/4126/87 1126/4127/87 1083/4128/89
fc 7 7 7
f 763/4129/357 913/4130/773 914/4131/370
fc 7 7 7
f 863/4132/372 860/4133/756 765/4134/373
fc 7 7 7
f 907/4135/237 855/4136/236 833/4137/375
fc 7 7 7
f 855/4138/236 848/4139/466 854/4140/774
fc 7 7 7
f 833/4141/375 855/4142/236 854/4143/774
fc 7 7 7
f 846/4144/225 845/4145/224 842/4146/337
fc 7 7 7
f 765/4147/381 766/4148/775 762/4149/382
fc 7 7 7
f 700/4150/201 876/4151/210 987/4152/197
fc 7 7 7
f 867/4153/386 767/4154/776 770/4155/387
fc 7 7 7
f 1071/4156/85 1155/4157/85 1132/4158/86
fc 7 7 7
f 829/4159/309 805/4160/308 785/4161/356
fc 7 7 7
f 850/4162/285 805/4163/406 874/4164/401
fc 7 7 7
f 784/4165/414 764/4166/413 801/4167/777
fc 7 7 7
f 801/4168/777 778/4169/778 789/4170/429
fc 7 7 7
f 887/4171/402 817/4172/760 828/4173/299
fc 7 7 7
f 801/4174/777 789/4175/429 887/4176/402
fc 7 7 7
f 904/4177/779 784/4178/414 756/4179/780
fc 7 7 7
f 784/4180/414 801/4181/777 782/4182/781
fc 7 7 7
f 783/4183/782 784/4184/414 782/4185/781
fc 7 7 7
f 783/4186/782 756/4187/780 784/4188/414
fc 7 7 7
f 777/4189/783 782/4190/781 801/4191/777
fc 7 7 7
f 717/4192/540 787/4193/430 777/4194/783
fc 7 7 7
f 774/4195/217 717/4196/540 777/4197/783
fc 7 7 7
f 801/4198/777 887/4199/402 774/4200/217
fc 7 7 7
f 887/4201/402 828/4202/299 779/4203/784
fc 7 7 7
f 828/4204/299 831/4205/759 813/4206/785
fc 7 7 7
f 835/4207/786 828/4208/299 813/4209/785
fc 7 7 7
f 835/4210/786 779/4211/784 828/4212/299
fc 7 7 7
f 779/4213/784 780/4214/403 887/4215/402
fc 7 7 7
f 780/4216/403 834/4217/259 918/4218/218
fc 7 7 7
f 774/4219/217 777/4220/783 801/4221/777
fc 7 7 7
f 780/4222/403 918/4223/218 774/4224/217
fc 7 7 7
f 854/4225/404 848/4226/436 857/4227/338
fc 7 7 7
f 871/4228/241 895/4229/363 833/4230/405
fc 7 7 7
f 896/4231/410 734/4232/244 743/4233/294
fc 7 7 7
f 914/4234/370 913/4235/773 906/4236/341
fc 7 7 7
f 784/4237/414 904/4238/779 786/4239/787
fc 7 7 7
f 786/4240/787 776/4241/788 784/4242/414
fc 7 7 7
f 776/4243/788 775/4244/412 784/4245/414
fc 7 7 7
f 826/4246/420 822/4247/789 821/4248/411
fc 7 7 7
f 867/4249/421 879/4250/274 910/4251/273
fc 7 7 7
f 1071/4252/85 545/4253/88 1099/4254/88
fc 7 7 7
f 839/4255/286 874/4256/239 871/4257/241
fc 7 7 7
f 789/4258/429 778/4259/778 746/4260/427
fc 7 7 7
f 778/4261/778 773/4262/790 746/4263/427
fc 7 7 7
f 906/4264/341 913/4265/773 776/4266/359
fc 7 7 7
f 788/4267/251 777/4268/783 787/4269/430
fc 7 7 7
f 862/4270/391 742/4271/791 810/4272/257
fc 7 7 7
f 742/4273/791 732/4274/258 810/4275/257
fc 7 7 7
f 788/4276/251 720/4277/431 837/4278/365
fc 7 7 7
f 823/4279/418 820/4280/409 822/4281/433
fc 7 7 7
f 822/4282/433 745/4283/792 819/4284/434
fc 7 7 7
f 792/4285/437 800/4286/793 793/4287/438
fc 7 7 7
f 804/4288/443 802/4289/794 806/4290/441
fc 7 7 7
f 802/4291/794 813/4292/394 790/4293/450
fc 7 7 7
f 884/4294/464 802/4295/794 790/4296/450
fc 7 7 7
f 884/4297/464 806/4298/441 802/4299/794
fc 7 7 7
f 794/4300/448 883/4301/795 795/4302/446
fc 7 7 7
f 883/4303/795 824/4304/796 799/4305/797
fc 7 7 7
f 795/4306/446 883/4307/795 799/4308/797
fc 7 7 7
f 824/4309/796 825/4310/459 799/4311/797
fc 7 7 7
f 1025/4312/178 688/4313/798 965/4314/242
fc 7 7 7
f 803/4315/452 804/4316/454 793/4317/438
fc 7 7 7
f 858/4318/455 810/4319/799 736/4320/456
fc 7 7 7
f 795/4321/446 799/4322/797 796/4323/458
fc 7 7 7
f 799/4324/797 825/4325/459 812/4326/461
fc 7 7 7
f 796/4327/458 799/4328/797 812/4329/461
fc 7 7 7
f 859/4330/419 856/4331/263 872/4332/462
fc 7 7 7
f 1038/4333/81 1078/4334/81 1099/4335/88
fc 7 7 7
f 987/4336/213 876/4337/468 1025/4338/468
fc 7 7 7
f 805/4339/406 850/4340/285 731/4341/407
fc 7 7 7
f 850/4342/285 851/4343/287 849/4344/432
fc 7 7 7
f 802/4345/472 804/4346/454 796/4347/800
fc 7 7 7
f 804/4348/454 803/4349/452 796/4350/800
fc 7 7 7
f 803/4351/452 798/4352/451 796/4353/800
fc 7 7 7
f 812/4354/470 827/4355/801 814/4356/471
fc 7 7 7
f 796/4357/800 812/4358/470 802/4359/472
fc 7 7 7
f 813/4360/802 802/4361/472 814/4362/471
fc 7 7 7
f 912/4363/768 756/4364/803 853/4365/473
fc 7 7 7
f 853/4366/473 785/4367/804 731/4368/474
fc 7 7 7
f 841/4369/475 912/4370/768 853/4371/473
fc 7 7 7
f 806/4372/441 884/4373/464 881/4374/268
fc 7 7 7
f 884/4375/464 886/4376/463 881/4377/268
fc 7 7 7
f 881/4378/268 808/4379/477 806/4380/441
fc 7 7 7
f 883/4381/480 811/4382/482 882/4383/267
fc 7 7 7
f 882/4384/267 880/4385/266 883/4386/480
fc 7 7 7
f 1150/4387/80 1167/4388/80 1078/4389/81
fc 7 7 7
f 808/4390/477 881/4391/268 811/4392/482
fc 7 7 7
f 1140/4393/89 1083/4394/89 1167/4395/80
fc 7 7 7
f 1072/4396/84 522/4397/84 1138/4398/87
fc 7 7 7
f 1014/4399/486 997/4400/486 990/4401/487
fc 7 7 7
f 990/4402/487 984/4403/500 1013/4404/485
fc 7 7 7
f 984/4405/500 999/4406/499 1013/4407/485
fc 7 7 7
f 660/4408/488 864/4409/488 995/4410/489
fc 7 7 7
f 1164/4411/82 1074/4412/82 1068/4413/83
fc 7 7 7
f 953/4414/498 933/4415/498 999/4416/499
fc 7 7 7
f 705/4417/190 686/4418/208 966/4419/207
fc 7 7 7
f 966/4420/207 690/4421/751 687/4422/191
fc 7 7 7
f 1018/4423/508 909/4424/509 671/4425/509
fc 7 7 7
f 986/4426/512 658/4427/567 676/4428/513
fc 7 7 7
f 1023/4429/521 1016/4430/521 1019/4431/521
fc 7 7 7
f 986/4432/512 945/4433/568 954/4434/522
fc 7 7 7
f 1016/4435/524 1023/4436/496 960/4437/525
fc 7 7 7
f 1069/4438/86 1132/4439/86 1074/4440/82
fc 7 7 7
f 923/4441/530 975/4442/531 980/4443/531
fc 7 7 7
f 986/4444/538 677/4445/805 1005/4446/538
fc 7 7 7
f 724/4447/542 963/4448/640 937/4449/543
fc 7 7 7
f 1004/4450/549 1014/4451/806 1013/4452/550
fc 7 7 7
f 1013/4453/550 999/4454/807 1010/4455/548
fc 7 7 7
f 999/4456/807 933/4457/808 983/4458/809
fc 7 7 7
f 1010/4459/548 999/4460/807 983/4461/809
fc 7 7 7
f 933/4462/808 1017/4463/810 983/4464/809
fc 7 7 7
f 1005/4465/553 964/4466/569 675/4467/554
fc 7 7 7
f 663/4468/560 1005/4469/553 677/4470/561
fc 7 7 7
f 693/4471/579 718/4472/614 1008/4473/580
fc 7 7 7
f 961/4474/585 877/4475/611 869/4476/586
fc 7 7 7
f 1047/4477/85 1077/4478/85 1162/4479/86
fc 7 7 7
f 950/4480/538 961/4481/811 693/4482/538
fc 7 7 7
f 683/4483/261 934/4484/610 898/4485/532
fc 7 7 7
f 699/4486/591 950/4487/812 899/4488/581
fc 7 7 7
f 922/4489/594 897/4490/612 961/4491/585
fc 7 7 7
f 969/4492/596 708/4493/813 991/4494/597
fc 7 7 7
f 969/4495/604 974/4496/814 704/4497/815
fc 7 7 7
f 704/4498/815 679/4499/605 969/4500/604
fc 7 7 7
f 679/4501/605 1018/4502/508 708/4503/510
fc 7 7 7
f 1163/4504/82 1065/4505/82 1151/4506/83
fc 7 7 7
f 930/4507/608 991/4508/597 708/4509/813
fc 7 7 7
f 708/4510/813 671/4511/606 930/4512/608
fc 7 7 7
f 683/4513/261 837/4514/365 678/4515/609
fc 7 7 7
f 933/4516/165 953/4517/165 661/4518/116
fc 7 7 7
f 1154/4519/103 1143/4520/103 1061/4521/103
fc 7 7 7
f 1061/4522/103 1145/4523/103 1154/4524/103
fc 7 7 7
f 1145/4525/103 1123/4526/103 1154/4527/103
fc 7 7 7
f 1123/4528/103 1166/4529/103 1107/4530/103
fc 7 7 7
f 1107/4531/103 1050/4532/103 1048/4533/103
fc 7 7 7
f 1048/4534/103 1158/4535/103 1154/4536/103
fc 7 7 7
f 1123/4537/103 1107/4538/103 1154/4539/103
fc 7 7 7
f 722/4540/617 935/4541/628 1027/4542/618
fc 7 7 7
f 1027/4543/618 935/4544/628 976/4545/622
fc 7 7 7
f 935/4546/628 992/4547/816 942/4548/629
fc 7 7 7
f 678/4549/609 837/4550/365 720/4551/431
fc 7 7 7
f 664/4552/563 944/4553/565 685/4554/643
fc 7 7 7
f 1067/4555/84 1033/4556/84 1126/4557/87
fc 7 7 7
f 1067/4558/84 1139/4559/83 1068/4560/83
fc 7 7 7
f 975/4561/111 923/4562/616 701/4563/546
fc 7 7 7
f 1007/4564/653 1002/4565/817 962/4566/654
fc 7 7 7
f 696/4567/541 926/4568/642 720/4569/431
fc 7 7 7
f 981/4570/659 984/4571/685 990/4572/493
fc 7 7 7
f 952/4573/96 671/4574/96 909/4575/96
fc 7 7 7
f 1000/4576/669 1028/4577/684 864/4578/147
fc 7 7 7
f 719/4579/536 1016/4580/524 934/4581/537
fc 7 7 7
f 980/4582/531 975/4583/531 946/4584/671
fc 7 7 7
f 982/4585/686 661/4586/818 953/4587/819
fc 7 7 7
f 953/4588/819 984/4589/685 982/4590/686
fc 7 7 7
f 1011/4591/693 1003/4592/820 947/4593/694
fc 7 7 7
f 1018/4594/697 679/4595/821 998/4596/822
fc 7 7 7
f 679/4597/821 704/4598/823 706/4599/824
fc 7 7 7
f 998/4600/822 679/4601/821 706/4602/824
fc 7 7 7
f 959/4603/698 691/4604/825 909/4605/696
fc 7 7 7
f 998/4606/822 959/4607/698 1018/4608/697
fc 7 7 7
f 1016/4609/107 719/4610/826 924/4611/700
fc 7 7 7
f 1128/4612/86 1162/4613/86 1065/4614/82
fc 7 7 7
f 1024/4615/692 698/4616/827 657/4617/703
fc 7 7 7
f 915/4618/705 695/4619/712 698/4620/706
fc 7 7 7
f 1003/4621/708 695/4622/712 915/4623/689
fc 7 7 7
f 940/4624/718 711/4625/828 689/4626/205
fc 7 7 7
f 1066/4627/82 1061/4628/82 1143/4629/83
fc 7 7 7
f 1054/4630/85 1055/4631/88 1042/4632/88
fc 7 7 7
f 1033/4633/103 1068/4634/103 1074/4635/103
fc 7 7 7
f 1074/4636/103 1132/4637/103 1155/4638/103
fc 7 7 7
f 1155/4639/103 1099/4640/103 1078/4641/103
fc 7 7 7
f 1078/4642/103 1167/4643/103 1155/4644/103
fc 7 7 7
f 1167/4645/103 1083/4646/103 1155/4647/103
fc 7 7 7
f 1083/4648/103 1126/4649/103 1033/4650/103
fc 7 7 7
f 1033/4651/103 1074/4652/103 1155/4653/103
fc 7 7 7
f 1054/4654/85 1127/4655/85 1102/4656/86
fc 7 7 7
f 1101/4657/87 1138/4658/87 1149/4659/89
fc 7 7 7
f 1161/4660/80 1058/4661/80 1093/4662/81
fc 7 7 7
f 1052/4663/89 1149/4664/89 1058/4665/80
fc 7 7 7
f 599/4666/80 1050/4667/80 1107/4668/81
fc 7 7 7
g NoPhys__materials/rooftile.vmat.001#NoCollision
usemtl materials/rooftile.vmat.001
f 1044/4669/829 1046/4670/829 1041/4671/829
fc 7 7 7
f 1062/4672/830 1036/4673/830 1039/4674/830
fc 7 7 7
f 1036/4675/831 1044/4676/831 1039/4677/831
fc 7 7 7
f 1036/4678/831 1046/4679/831 1044/4680/831
fc 7 7 7
g NoPhys__materials/walkinggrass.vmat.001#NoCollision
usemtl materials/walkinggrass.vmat.001
f 1119/4681/832 1144/4682/832 1135/4683/832
fc 7 7 7
f 1165/4684/833 1032/4685/833 1160/4686/833
fc 7 7 7
f 1122/4687/79 1144/4688/79 1137/4689/79
fc 7 7 7
f 1137/4690/833 1147/4691/833 1122/4692/833
fc 7 7 7
f 1160/4693/834 1136/4694/834 1096/4695/834
fc 7 7 7
f 1122/4696/834 1043/4697/834 1035/4698/834
fc 7 7 7
f 1043/4699/835 1144/4700/835 1035/4701/835
fc 7 7 7
f 1160/4702/79 1134/4703/79 1165/4704/79
fc 7 7 7
f 1136/4705/835 1134/4706/835 1096/4707/835
fc 7 7 7
f 1060/4708/832 1134/4709/832 1148/4710/832
fc 7 7 7
f 1119/4711/832 1137/4712/832 1144/4713/832
fc 7 7 7
f 1165/4714/833 1060/4715/833 1032/4716/833
fc 7 7 7
f 1122/4717/79 1035/4718/79 1144/4719/79
fc 7 7 7
f 1137/4720/833 1119/4721/833 1147/4722/833
fc 7 7 7
f 1160/4723/834 1032/4724/834 1136/4725/834
fc 7 7 7
f 1122/4726/834 1147/4727/834 1043/4728/834
fc 7 7 7
f 1043/4729/835 1135/4730/835 1144/4731/835
fc 7 7 7
f 1160/4732/79 1096/4733/79 1134/4734/79
fc 7 7 7
f 1136/4735/835 1148/4736/835 1134/4737/835
fc 7 7 7
f 1060/4738/832 1165/4739/832 1134/4740/832
fc 7 7 7
g NoPhys__materials/courtyardbackroundtrees.vmat.001#NoCollision
usemtl materials/courtyardbackroundtrees.vmat.001
f 648/4741/836 1080/4742/836 1089/4743/836
fc 7 7 7
f 1081/4744/837 1075/4745/837 1082/4746/837
fc 7 7 7
f 1112/4747/838 1113/4748/838 1114/4749/838
fc 7 7 7
f 648/4750/839 1081/4751/839 1082/4752/839
fc 7 7 7
f 1115/4753/83 1118/4754/83 1116/4755/83
fc 7 7 7
f 1113/4756/840 1116/4757/840 1114/4758/840
fc 7 7 7
f 1117/4759/841 1076/4760/841 1118/4761/841
fc 7 7 7
f 1112/4762/838 1169/4763/838 1111/4764/838
fc 7 7 7
f 1169/4765/838 1170/4766/838 1171/4767/838
fc 7 7 7
f 1170/4768/838 1173/4769/838 1171/4770/838
fc 7 7 7
f 1172/4771/83 1175/4772/83 1173/4773/83
fc 7 7 7
f 1174/4774/842 1177/4775/842 1175/4776/842
fc 7 7 7
f 1177/4777/83 1190/4778/83 1189/4779/83
fc 7 7 7
f 1180/4780/838 1179/4781/838 1178/4782/838
fc 7 7 7
f 1180/4783/81 1183/4784/81 1181/4785/81
fc 7 7 7
f 1182/4786/842 1185/4787/842 1183/4788/842
fc 7 7 7
f 1184/4789/842 1187/4790/843 1185/4791/842
fc 7 7 7
f 1079/4792/844 1186/4793/845 1080/4794/844
fc 7 7 7
f 648/4795/836 1079/4796/836 1080/4797/836
fc 7 7 7
f 1081/4798/837 1076/4799/837 1075/4800/837
fc 7 7 7
f 1112/4801/838 1111/4802/838 1113/4803/838
fc 7 7 7
f 648/4804/839 1089/4805/839 1081/4806/839
fc 7 7 7
f 1115/4807/83 1117/4808/83 1118/4809/83
fc 7 7 7
f 1113/4810/840 1115/4811/840 1116/4812/840
fc 7 7 7
f 1117/4813/841 1075/4814/841 1076/4815/841
fc 7 7 7
f 1112/4816/838 1168/4817/838 1169/4818/838
fc 7 7 7
f 1169/4819/838 1168/4820/838 1170/4821/838
fc 7 7 7
f 1170/4822/838 1172/4823/838 1173/4824/838
fc 7 7 7
f 1172/4825/83 1174/4826/83 1175/4827/83
fc 7 7 7
f 1174/4828/842 1176/4829/842 1177/4830/842
fc 7 7 7
f 1178/4831/83 1179/4832/83 1189/4833/83
fc 7 7 7
f 1179/4834/83 1177/4835/83 1189/4836/83
fc 7 7 7
f 1177/4837/83 1176/4838/83 1190/4839/83
fc 7 7 7
f 1176/4840/83 1188/4841/83 1190/4842/83
fc 7 7 7
f 1189/4843/83 1191/4844/83 1178/4845/83
fc 7 7 7
f 1180/4846/838 1181/4847/838 1179/4848/838
fc 7 7 7
f 1180/4849/81 1182/4850/81 1183/4851/81
fc 7 7 7
f 1182/4852/842 1184/4853/842 1185/4854/842
fc 7 7 7
f 1184/4855/842 1186/4856/845 1187/4857/843
fc 7 7 7
f 1079/4858/844 1187/4859/843 1186/4860/845
fc 7 7 7
g NoPhys__materials/floralwreath.vmat.001#NoCollision
usemtl materials/floralwreath.vmat.001
f 651/4861/81 1090/4862/81 1087/4863/81
fc 7 7 7
f 1105/4864/81 1109/4865/81 936/4866/81
fc 7 7 7
f 1090/4867/81 551/4868/81 526/4869/81
fc 7 7 7
f 640/4870/81 1106/4871/81 1088/4872/81
fc 7 7 7
f 651/4873/81 551/4874/81 1090/4875/81
fc 7 7 7
f 1087/4876/81 1106/4877/81 651/4878/81
fc 7 7 7
f 1106/4879/81 631/4880/81 651/4881/81
fc 7 7 7
f 936/4882/81 1110/4883/81 1108/4884/81
fc 7 7 7
f 1108/4885/81 1104/4886/81 936/4887/81
fc 7 7 7
f 1104/4888/81 1105/4889/81 936/4890/81
fc 7 7 7
f 526/4891/81 1109/4892/81 1105/4893/81
fc 7 7 7
f 1105/4894/81 1103/4895/81 526/4896/81
fc 7 7 7
f 1103/4897/81 1090/4898/81 526/4899/81
fc 7 7 7
f 640/4900/81 631/4901/81 1106/4902/81
fc 7 7 7
f 1088/4903/81 1108/4904/81 640/4905/81
fc 7 7 7
f 1108/4906/81 1110/4907/81 640/4908/81
fc 7 7 7
g NoPhys__materials/stonemarking.vmat.001#NoCollision
usemtl materials/stonemarking.vmat.001
f 1110/4909/81 1109/4910/81 551/4911/81
fc 7 7 7
f 631/4912/81 640/4913/81 1110/4914/81
fc 7 7 7
f 1110/4915/81 936/4916/81 1109/4917/81
fc 7 7 7
f 1109/4918/81 526/4919/81 551/4920/81
fc 7 7 7
f 551/4921/81 651/4922/81 631/4923/81
fc 7 7 7
f 631/4924/81 1110/4925/81 551/4926/81
fc 7 7 7
g NoPhys__materials/treeswater.vmat.001#NoCollision
usemtl materials/treeswater.vmat.001
f 1156/4927/838 1064/4928/838 1091/4929/838
fc 7 7 7
f 1094/4930/846 1141/4931/847 1129/4932/847
fc 7 7 7
f 1091/4933/848 1070/4934/849 1063/4935/849
fc 7 7 7
f 1063/4936/849 1129/4937/847 1141/4938/847
fc 7 7 7
f 1073/4939/842 1131/4940/842 1094/4941/842
fc 7 7 7
f 1125/4942/83 1040/4943/83 1073/4944/83
fc 7 7 7
f 1156/4945/838 1125/4946/838 1064/4947/838
fc 7 7 7
f 1094/4948/846 1131/4949/846 1141/4950/847
fc 7 7 7
f 1091/4951/848 1064/4952/848 1070/4953/849
fc 7 7 7
f 1063/4954/849 1070/4955/849 1129/4956/847
fc 7 7 7
f 1073/4957/842 1040/4958/842 1131/4959/842
fc 7 7 7
f 1125/4960/83 1156/4961/83 1040/4962/83
fc 7 7 7
g PhysExit_
v 1664.000000 153.599991 -988.400024
v 1945.599854 153.599991 -985.600037
v 1945.599854 153.599991 -1075.200073
v 1945.599854 153.599991 -1139.200073
v 1664.000000 153.599991 -1139.199951
vt 0.721876 1.000001
vt 0.700000 -1.199999
vt 1.400001 -1.199999
vt 0.400001 -1.199999
vt 0.900001 -1.199999
vt 0.900001 1.000001
vt 0.900001 0.000001
vt -0.278124 0.000001
vt 0.400001 -2.199999
vn 0.0000 1.0000 0.0000
vc 0.0000 0.0000 0.0000 1.0000
vc 1.0000 1.0000 1.0000 1.0000
g PhysExit__materials/frostyfloor.vmat.001#SFX_2#Exit00
usemtl materials/frostyfloor.vmat.001
f 1192/4963/850 1193/4964/850 1194/4965/850
fc 8 9 9
f 1194/4966/850 1195/4967/850 1196/4968/850
fc 9 9 8
f 1196/4969/850 1192/4970/850 1194/4971/850
fc 8 8 9
g LargeWaterfall_2_
v 2060.799805 371.199982 -755.199951
v 2060.799805 371.199982 -1382.399902
v 2000.799927 411.199982 -755.199951
v 2000.799805 411.199982 -1382.399902
vt 0.280397 2.438548
vt -0.165364 -1.438548
vt 0.280397 -1.438548
vt 0.280397 2.438548
vt -0.165364 2.438548
vt -0.165364 -1.438548
vn 0.5547 0.8321 -0.0000
vc 1.0000 1.0000 1.0000 1.0000
g LargeWaterfall_2__materials/water.vmat.002#NoCollision#BackfaceCulling#Alpha7D#AnimatedA#MultiAlpha7D
usemtl materials/water.vmat.002
f 1198/4972/851 1199/4973/851 1197/4974/851
fc 10 10 10
f 1198/4975/851 1200/4976/851 1199/4977/851
fc 10 10 10
