# Blender v4.5.1 LTS OBJ File: 'Mainmap.blend'
# www.blender.org
mtllib Mainmap.mtl
g Room0mesh_#Room0#
v -255.517288 255.368256 -87.517609
v 96.482719 255.368225 -55.517639
v -319.517212 255.368256 552.482422
v -191.517273 255.368256 -23.517624
v 320.482788 255.368225 552.482300
v -255.517242 255.368271 424.482361
v 320.482788 255.368240 616.482300
v -319.517212 255.368271 616.482422
v -191.517227 255.368256 616.482361
v 256.482727 255.368256 424.482361
v 192.482773 255.368225 552.482361
v 192.482773 255.368256 616.482361
v -255.517227 255.368256 552.482422
v -63.517281 255.368256 -87.517639
v -191.517227 255.368256 552.482361
v 256.482788 255.368225 552.482300
v 192.482727 255.368225 -23.517639
v 64.482712 255.368256 -87.517639
v 256.482727 255.368225 -87.517670
v 256.482727 255.368225 104.482346
v 320.482727 383.368225 -151.517670
v 320.482788 255.368240 616.482300
v -319.517273 255.368256 -87.517609
v 320.482788 383.368225 616.482300
v 320.482727 255.368240 -151.517670
v 320.482727 255.368225 -87.517670
v -319.517273 255.368271 -151.517609
v -319.517212 383.368286 616.482422
v -319.517212 255.368271 616.482422
v -319.517273 383.368286 -151.517609
v -95.517281 255.368256 -55.517639
v -255.517258 255.368256 104.482384
v -63.517288 159.368256 -87.517639
v 64.482697 159.368256 -311.517639
v 64.482712 159.368256 -87.517639
v -63.517303 159.368256 -311.517639
v -31.517241 159.368256 568.482361
v 32.482761 159.368256 568.482361
v -31.517241 159.368256 552.482361
v 32.482758 159.368256 552.482361
v 64.482681 -0.631744 -311.517639
v -63.517311 -0.631744 -311.517639
vt -5.500000 -4.000003
vt -5.000001 1.999998
vt -5.500001 1.999997
vt -5.500000 -4.000003
vt -5.000000 -4.000002
vt -5.000001 1.999998
vt 0.000000 1.000000
vt 0.250000 -0.250000
vt 0.500000 0.500000
vt 4.000000 -2.000000
vt 5.000000 -2.000000
vt 5.000000 -1.500000
vt 5.000000 2.000000
vt 0.000000 2.500000
vt 0.000000 2.000000
vt 0.000000 -2.500000
vt -0.500000 2.500000
vt -0.500000 -2.500000
vt 0.250000 -0.750000
vt 0.000000 -0.500000
vt 0.000000 -2.000000
vt 5.000000 -2.500000
vt 0.000000 -2.000000
vt 0.000000 -2.500000
vt 5.000000 1.500000
vt 5.000000 2.000000
vt 4.000000 2.000000
vt 5.500000 2.500000
vt 5.000000 1.500000
vt 5.500000 1.500000
vt 5.000000 -2.500000
vt 5.500000 -1.500000
vt 5.000000 -1.500000
vt 0.000000 0.500000
vt -1.750000 -0.500000
vt -1.750000 0.500000
vt 0.000000 1.000000
vt 0.000000 -0.500000
vt 0.250000 -0.250000
vt 0.500000 0.500000
vt 1.500000 1.000000
vt 0.000000 1.000000
vt 5.000000 2.000000
vt 5.000000 2.500000
vt 0.000000 2.500000
vt 0.000000 -2.500000
vt 0.000000 2.500000
vt -0.500000 2.500000
vt 0.000000 -2.000000
vt 1.500000 -2.000000
vt 0.500000 -1.500000
vt 0.500000 -1.500000
vt 0.250000 -0.750000
vt 0.000000 -2.000000
vt 5.000000 -2.500000
vt 5.000000 -2.000000
vt 0.000000 -2.000000
vt 5.500000 2.500000
vt 5.000000 2.500000
vt 5.000000 1.500000
vt 5.000000 -2.500000
vt 5.500000 -2.500000
vt 5.500000 -1.500000
vt 0.000000 0.500000
vt 0.000000 -0.500000
vt -1.750000 -0.500000
vt -0.625000 2.000000
vt 0.625000 3.000000
vt 0.625000 2.000000
vt -0.125000 3.000000
vt 1.375000 2.000000
vt 1.375000 3.000000
vt -0.625000 3.000000
vt 0.625000 2.000000
vt 0.625000 3.000000
vt -0.125000 2.000000
vt 1.375000 3.000000
vt 1.375000 2.000000
vt -0.625000 2.000000
vt -0.625000 3.000000
vt 0.625000 3.000000
vt -0.125000 3.000000
vt -0.125000 2.000000
vt 1.375000 2.000000
vt -0.625000 3.000000
vt -0.625000 2.000000
vt 0.625000 2.000000
vt -0.125000 2.000000
vt -0.125000 3.000000
vt 1.375000 3.000000
vt 9.000000 -0.400000
vt 9.200001 0.400000
vt 9.200001 -0.400000
vt 9.000000 -0.400000
vt 9.000000 0.400000
vt 9.200001 0.400000
vt -0.500000 0.625000
vt 0.500000 -0.000000
vt 0.500000 0.625000
vt -0.500000 0.625000
vt -0.500000 -0.000000
vt 0.500000 -0.000000
vn 0.0000 1.0000 -0.0000
vn 0.0000 -1.0000 0.0000
vn -0.0000 0.0000 -1.0000
vn -1.0000 0.0000 0.0000
vn 0.0000 0.0000 1.0000
vn 1.0000 0.0000 -0.0000
vc 1.0000 1.0000 1.0000 1.0000
vc 0.0000 0.0000 0.0000 1.0000
g Room0mesh_#Room0#_materials/groundmossystone.vmat.001#NoCollision
usemtl materials/groundmossystone.vmat.001
f 12/1/1 15/2/1 9/3/1
fc 1 1 1
f 12/4/1 11/5/1 15/6/1
fc 1 1 1
g Room0mesh_#Room0#_materials/courtyardgrass.vmat.001#NoCollision
usemtl materials/courtyardgrass.vmat.001
f 19/7/1 2/8/1 17/9/1
fc 1 1 1
f 6/10/1 13/11/1 15/12/1
fc 1 1 1
f 16/13/1 26/14/1 19/15/1
fc 1 1 1
f 23/16/1 25/17/1 27/18/1
fc 1 1 1
f 31/19/1 14/20/1 1/21/1
fc 1 1 1
f 3/22/1 1/23/1 23/24/1
fc 1 1 1
f 11/25/1 16/26/1 10/27/1
fc 1 1 1
f 22/28/1 11/29/1 12/30/1
fc 1 1 1
f 3/31/1 9/32/1 15/33/1
fc 1 1 1
f 35/34/2 36/35/2 34/36/2
fc 1 2 2
f 19/37/1 18/38/1 2/39/1
fc 1 1 1
f 17/40/1 20/41/1 19/42/1
fc 1 1 1
f 16/43/1 5/44/1 26/45/1
fc 1 1 1
f 23/46/1 26/47/1 25/48/1
fc 1 1 1
f 1/49/1 32/50/1 4/51/1
fc 1 1 1
f 4/52/1 31/53/1 1/54/1
fc 1 1 1
f 3/55/1 13/56/1 1/57/1
fc 1 1 1
f 22/58/1 5/59/1 11/60/1
fc 1 1 1
f 3/61/1 29/62/1 9/63/1
fc 1 1 1
f 35/64/2 33/65/2 36/66/2
fc 1 1 2
g Room0mesh_#Room0#_materials/courtyardbackroundtrees.vmat.001#NoCollision
usemtl materials/courtyardbackroundtrees.vmat.001
f 8/67/3 24/68/3 7/69/3
fc 1 1 1
f 21/70/4 22/71/4 24/72/4
fc 1 1 1
f 30/73/5 25/74/5 21/75/5
fc 1 1 1
f 27/76/6 28/77/6 29/78/6
fc 1 1 1
f 8/79/3 28/80/3 24/81/3
fc 1 1 1
f 21/82/4 25/83/4 22/84/4
fc 1 1 1
f 30/85/5 27/86/5 25/87/5
fc 1 1 1
f 27/88/6 30/89/6 28/90/6
fc 1 1 1
g Room0mesh_#Room0#_materials/courtyardpillars.vmat.001#NoCollision
usemtl materials/courtyardpillars.vmat.001
f 39/91/2 38/92/2 37/93/2
fc 1 1 1
f 39/94/2 40/95/2 38/96/2
fc 1 1 1
g Room0mesh_#Room0#_materials/courtyardwalls.vmat.001#NoCollision
usemtl materials/courtyardwalls.vmat.001
f 36/97/5 41/98/5 34/99/5
fc 2 2 2
f 36/100/5 42/101/5 41/102/5
fc 2 2 2
g Room0mesh1_#Room0#
v 64.482742 23.368256 296.482361
v 72.482758 95.368256 488.482361
v -63.517250 63.368256 488.482361
v 72.482735 31.368256 296.482361
v 72.482750 -0.631744 552.482361
v -63.517265 31.368256 296.482361
v 64.482742 31.368256 296.482361
v -71.517242 95.368256 488.482361
v -63.517246 63.368256 552.482361
v 64.482697 159.368256 -311.517639
v -95.517281 255.368256 -55.517639
v -255.517258 255.368256 104.482384
v -63.517265 -0.631744 296.482361
v -63.517246 87.368256 552.482361
v 64.482681 -0.631744 -311.517639
v -63.517311 -0.631744 -311.517639
v 96.482704 -0.631744 -55.517639
v -63.517265 23.368256 296.482361
v 64.482758 63.368256 488.482361
v 256.482727 255.368240 424.482361
v 64.482758 87.368256 488.482361
v -191.517227 255.368256 552.482361
v 64.482758 95.368256 488.482361
v -63.517250 87.368256 488.482361
v 192.482727 255.368225 -23.517639
v -71.517242 95.368256 552.482361
v -255.517242 255.368256 424.482361
v -71.517242 87.368256 488.482361
v 192.482773 255.368256 552.482361
v -71.517265 23.368256 296.482361
v 72.482735 -0.631744 296.482361
v 192.482758 -0.631744 552.482361
v -191.517242 -0.631744 552.482361
v -255.517258 -0.631744 424.482361
v 64.482758 63.368256 552.482361
v -255.517258 -0.631744 104.482384
v 32.482758 63.368256 568.482361
v -71.517250 -0.631744 552.482361
v 64.482712 159.368256 -87.517639
v 64.482758 63.368256 552.482361
v 72.482758 95.368256 552.482361
v 64.482758 95.368256 552.482361
v -63.517246 63.368256 552.482361
v -63.517246 95.368256 552.482361
v -71.517242 87.368256 552.482361
v 32.482754 63.368256 552.482361
v -31.517241 159.368256 552.482361
v 32.482758 159.368256 552.482361
v 72.482758 87.368256 552.482361
v 64.482712 255.368256 -87.517639
v 72.482758 87.368256 488.482361
v 64.482758 87.368256 552.482361
v -191.517273 255.368256 -23.517624
v 72.482735 23.368256 296.482361
v 256.482727 255.368225 104.482346
v 64.482735 -0.631744 296.482361
v 192.482681 -0.631744 -23.517639
v 256.482727 -0.631744 104.482346
v -71.517265 -0.631744 296.482361
v -191.517258 -0.631744 -23.517624
v -63.517250 95.368256 488.482361
v -95.517296 -0.631744 -55.517639
v 96.482719 255.368225 -55.517639
v -63.517288 159.368256 -87.517639
v 256.482727 -0.631744 424.482361
v -63.517303 159.368256 -311.517639
v -63.517281 255.368256 -87.517639
v -63.517296 -0.631744 -87.517639
v 64.482704 -0.631744 -87.517639
v -71.517265 31.368256 296.482361
v -31.517244 63.368256 568.482361
v -31.517244 63.368256 552.482361
v -31.517241 159.368256 568.482361
v 32.482761 159.368256 568.482361
v 0.482756 63.368256 568.482361
v 72.482758 95.368256 552.482361
v 64.482758 95.368256 552.482361
v -63.517246 95.368256 552.482361
v -71.517242 95.368256 552.482361
vt 0.000000 0.500000
vt 0.000000 -0.500000
vt 0.250000 -0.750000
vt 5.000000 0.562500
vt 5.000000 1.500000
vt 4.000000 2.000000
vt 4.000000 2.000000
vt 1.500000 2.000000
vt 3.000000 0.562500
vt 1.500000 2.000000
vt 0.500000 1.500000
vt 0.250000 0.750000
vt 3.000000 0.562500
vt 1.500000 2.000000
vt 0.250000 0.750000
vt 3.000000 0.562500
vt 5.000000 0.562500
vt 4.000000 2.000000
vt 5.000000 -1.500000
vt 5.000000 -0.562500
vt 4.000000 -2.000000
vt 5.000000 -0.562500
vt 3.000000 -0.562500
vt 4.000000 -2.000000
vt 3.000000 -0.562500
vt 3.000000 0.562500
vt 0.250000 0.750000
vt 0.000000 0.500000
vt -1.750000 0.500000
vt -1.750000 -0.500000
vt 3.000000 -0.562500
vt 0.250000 0.750000
vt 0.250000 -0.750000
vt 0.250000 0.750000
vt 0.000000 0.500000
vt 0.250000 -0.750000
vt 1.500000 -2.000000
vt 4.000000 -2.000000
vt 3.000000 -0.562500
vt 0.250000 -0.750000
vt 0.500000 -1.500000
vt 1.500000 -2.000000
vt 0.000000 0.500000
vt -1.750000 -0.500000
vt 0.000000 -0.500000
vt 0.250000 -0.750000
vt 1.500000 -2.000000
vt 3.000000 -0.562500
vt 0.999999 7.854378
vt -0.000001 4.692100
vt 0.999999 4.692101
vt 0.999999 7.854378
vt -0.000001 7.854376
vt -0.000001 4.692100
vt -5.000000 2.031246
vt -4.500000 0.031246
vt -4.500000 2.031246
vt -5.124993 -0.968754
vt -5.124993 -1.468754
vt -4.999993 -1.468754
vt -5.000000 2.031246
vt -5.000000 0.031246
vt -4.500000 0.031246
vt -4.999993 -1.468754
vt -4.999993 -0.468754
vt -5.124993 -0.968754
vt -4.999993 -0.468754
vt -5.124993 -0.468754
vt -5.124993 -0.968754
vt 1.500000 -0.000000
vt 1.333333 0.500000
vt 1.500000 0.500000
vt 13.000001 1.333333
vt 14.333334 1.833333
vt 13.000001 1.833333
vt 8.000004 -0.000000
vt 12.000006 1.833333
vt 13.333340 -0.000000
vt 13.333334 1.333333
vt 13.666667 3.333333
vt 13.666667 1.333333
vt 13.333334 3.333334
vt 13.666667 1.333333
vt 13.666667 3.333334
vt 13.333340 -0.000000
vt 12.000006 1.833333
vt 8.000004 -0.000000
vt 4.000001 5.333333
vt -0.666666 3.333333
vt -3.999999 5.333333
vt 12.000006 1.333333
vt 8.000004 -0.000000
vt 8.000004 0.500000
vt -1.333333 -0.000000
vt -1.500000 0.500000
vt -1.333333 0.500000
vt 1.500000 -0.000000
vt 1.333333 -0.000000
vt 1.333333 0.500000
vt 13.000001 1.833333
vt 9.000000 0.500000
vt 13.000001 1.333333
vt 9.000000 0.500000
vt 9.000000 0.000000
vt 13.000001 1.333333
vt 13.000001 1.333333
vt 14.333334 1.333333
vt 14.333334 1.833333
vt 8.000004 0.500000
vt 12.000006 1.833333
vt 8.000004 -0.000000
vt 12.000006 1.833333
vt 13.333340 1.833333
vt 13.333340 -0.000000
vt 13.333334 1.333333
vt 13.333334 3.333333
vt 13.666667 3.333333
vt 13.333334 3.333334
vt 13.333334 1.333333
vt 13.666667 1.333333
vt 13.333340 1.833333
vt 12.000006 1.833333
vt 13.333340 -0.000000
vt 12.000006 1.833333
vt 8.000004 0.500000
vt 8.000004 -0.000000
vt 4.000001 5.333333
vt 4.000001 -0.000000
vt 1.500001 2.000000
vt 4.000001 -0.000000
vt 1.500001 -0.000000
vt 1.500001 2.000000
vt -1.499999 -0.000000
vt -3.999999 -0.000000
vt -1.499999 2.000000
vt -3.999999 -0.000000
vt -3.999999 5.333333
vt -1.499999 2.000000
vt 4.000001 5.333333
vt 1.500001 2.000000
vt 0.666668 3.333333
vt 1.500001 2.000000
vt 1.333334 2.000000
vt 0.666668 3.333333
vt 1.333334 2.000000
vt 1.333334 1.333333
vt 0.666668 1.333333
vt 1.333334 2.000000
vt 0.666668 1.333333
vt 0.666668 3.333333
vt -1.333332 2.000000
vt -1.499999 2.000000
vt -0.666666 3.333333
vt -1.499999 2.000000
vt -3.999999 5.333333
vt -0.666666 3.333333
vt -0.666666 1.333333
vt -1.333332 1.333333
vt -1.333332 2.000000
vt -0.666666 3.333333
vt -0.666666 1.333333
vt -1.333332 2.000000
vt 4.000001 5.333333
vt 0.666668 3.333333
vt -0.666666 3.333333
vt 8.000004 0.500000
vt 12.000006 1.833333
vt 12.000006 1.333333
vt 12.000006 1.833333
vt 13.333340 1.833333
vt 12.000006 1.333333
vt 13.333340 1.833333
vt 13.333340 1.333333
vt 12.000006 1.333333
vt -1.333333 -0.000000
vt -1.500000 -0.000000
vt -1.500000 0.500000
vt 2.683282 -0.000000
vt 3.801316 1.000000
vt 3.801316 -0.000000
vt 2.683282 1.000000
vt 3.801316 -0.000000
vt 3.801316 1.000000
vt 1.118034 1.000000
vt 2.236068 -0.000000
vt 2.236068 1.000000
vt -1.750000 0.625000
vt 0.000000 -0.000000
vt 0.000000 0.625000
vt 1.581139 -0.000000
vt 0.790569 1.000000
vt 0.790569 -0.000000
vt 1.118034 -0.000000
vt 2.236068 1.000000
vt 2.236068 -0.000000
vt -0.581139 1.000000
vt 0.209431 -0.000000
vt 0.209431 1.000000
vt 1.500000 -0.000000
vt 4.000000 1.000000
vt 4.000000 -0.000000
vt -1.750000 -0.000000
vt 0.000000 0.625000
vt 0.000000 -0.000000
vt 4.000000 1.000000
vt 1.500000 -0.000000
vt 4.000000 -0.000000
vt 0.353553 0.625000
vt 0.353553 1.000000
vt 0.707107 1.000000
vt 0.500000 1.000000
vt -0.500000 0.625000
vt 0.500000 0.625000
vt 0.353553 0.625000
vt 0.353553 -0.000000
vt 0.707107 -0.000000
vt 2.683282 -0.000000
vt 2.683282 1.000000
vt 3.801316 1.000000
vt 2.683282 1.000000
vt 2.683282 -0.000000
vt 3.801316 -0.000000
vt 1.118034 1.000000
vt 1.118034 -0.000000
vt 2.236068 -0.000000
vt -1.750000 0.625000
vt -1.750000 -0.000000
vt 0.000000 -0.000000
vt 1.581139 -0.000000
vt 1.581139 1.000000
vt 0.790569 1.000000
vt 1.118034 -0.000000
vt 1.118034 1.000000
vt 2.236068 1.000000
vt -0.581139 1.000000
vt -0.581139 -0.000000
vt 0.209431 -0.000000
vt 1.500000 -0.000000
vt 1.500000 1.000000
vt 4.000000 1.000000
vt -1.750000 -0.000000
vt -1.750000 0.625000
vt 0.000000 0.625000
vt 4.000000 1.000000
vt 1.500000 1.000000
vt 1.500000 -0.000000
vt 0.707107 1.000000
vt 0.707107 -0.000000
vt 0.353553 0.625000
vt 0.707107 -0.000000
vt 0.353553 -0.000000
vt 0.353553 0.625000
vt 0.500000 1.000000
vt -0.500000 1.000000
vt -0.500000 0.625000
vt 0.707107 -0.000000
vt 0.707107 1.000000
vt 0.353553 0.625000
vt 0.707107 1.000000
vt 0.353553 1.000000
vt 0.353553 0.625000
vt -2.250000 1.000000
vt -2.000000 0.750000
vt -2.250000 0.750000
vt 2.000000 1.000000
vt 2.000000 0.750000
vt -4.000000 -1.000000
vt 2.000000 1.000000
vt 2.250000 0.750000
vt 2.000000 0.750000
vt 0.000000 1.000000
vt 0.000000 0.750000
vt 2.000000 1.000000
vt 2.000000 1.000000
vt 2.000000 0.750000
vt -4.000000 -1.000000
vt 0.000000 0.750000
vt 2.000000 1.000000
vt 0.000000 1.000000
vt 1.000000 0.000000
vt -1.000000 -0.250000
vt 1.000000 -0.250000
vt 2.000000 0.000000
vt 0.000000 0.250000
vt 0.000000 0.000000
vt -2.250000 1.000000
vt -2.000000 1.000000
vt -2.000000 0.750000
vt -1.000000 1.000000
vt 1.000000 1.000000
vt 1.000000 0.750000
vt 4.000000 1.750000
vt -2.000000 -0.250000
vt -2.000000 0.000000
vt 0.000000 1.000000
vt 2.000000 0.750000
vt 0.000000 0.750000
vt 2.000000 1.000000
vt 2.250000 1.000000
vt 2.250000 0.750000
vt 2.000000 1.000000
vt -4.000000 -1.000000
vt 2.000000 0.750000
vt -2.000000 0.000000
vt -2.000000 -0.250000
vt 4.000000 1.750000
vt -1.000000 0.750000
vt 1.000000 0.750000
vt 1.000000 1.000000
vt -1.000000 1.000000
vt 1.000000 1.000000
vt 1.000000 0.750000
vt 4.000000 1.750000
vt -2.000000 -0.250000
vt -2.000000 0.000000
vt 0.000000 1.000000
vt 2.000000 0.750000
vt 0.000000 0.750000
vt 2.000000 1.000000
vt -4.000000 -1.000000
vt 2.000000 0.750000
vt -2.000000 0.000000
vt -2.000000 -0.250000
vt 4.000000 1.750000
vt -1.000000 0.750000
vt 1.000000 0.750000
vt 1.000000 1.000000
vt 2.000000 0.000000
vt 0.000000 0.000000
vt 0.000000 -0.250000
vt 1.000000 0.000000
vt 1.000000 0.250000
vt -1.000000 0.250000
vn 0.0000 1.0000 0.0000
vn 0.0000 0.9871 -0.1602
vn 0.0000 0.9487 -0.3162
vn -0.0000 0.9871 -0.1601
vn 0.0000 0.0000 -1.0000
vn -1.0000 0.0000 0.0000
vn 1.0000 -0.0000 -0.0000
vn 0.9732 -0.0000 -0.2298
vn 0.8944 0.0000 -0.4472
vn -0.9733 0.0000 -0.2297
vn -0.8944 0.0000 -0.4472
vn -0.8944 0.0000 0.4472
vn -0.9733 0.0000 0.2297
vn -0.9732 0.0000 0.2298
vn -0.3162 0.0000 0.9487
vn -0.5257 0.0000 0.8507
vn 0.8944 0.0000 0.4472
vn 0.9732 0.0000 0.2298
vn 0.9733 -0.0000 0.2297
vn 0.3162 -0.0000 0.9487
vn 0.5257 -0.0000 0.8507
vn 0.9733 -0.0000 -0.2297
vn -0.9732 0.0000 -0.2298
vn 0.7071 -0.0000 0.7071
vn 0.0000 0.0000 1.0000
vn -0.7071 0.0000 0.7071
vc 1.0000 1.0000 1.0000 1.0000
vc 0.0000 0.0000 0.0000 1.0000
g Room0mesh1_#Room0#_materials/courtyardgrass.vmat#SFX_2
usemtl materials/courtyardgrass.vmat
f 111/103/7 110/104/7 104/105/7
fc 3 3 3
f 47/106/7 74/107/7 107/108/7
fc 3 3 3
f 107/109/7 100/110/7 73/111/7
fc 3 3 3
f 100/112/7 99/113/7 59/114/7
fc 3 3 3
f 73/115/7 100/116/7 59/117/7
fc 3 3 3
f 73/118/7 47/119/7 107/120/7
fc 3 3 3
f 75/121/7 80/122/7 76/123/7
fc 3 3 3
f 80/124/7 101/125/7 76/126/7
fc 3 3 3
f 101/127/7 73/128/7 59/129/7
fc 3 3 3
f 111/130/7 57/131/7 58/132/7
fc 3 4 4
f 101/133/7 59/134/7 104/135/7
fc 3 3 3
f 59/136/7 111/137/7 104/138/7
fc 3 3 3
f 78/139/7 76/140/7 101/141/7
fc 3 3 3
f 104/142/7 102/143/7 78/144/7
fc 3 3 3
f 111/145/7 58/146/7 110/147/7
fc 3 4 3
f 104/148/7 78/149/7 101/150/7
fc 3 3 3
g Room0mesh1_#Room0#_materials/courtyardstairs.vmat#SFX_2
usemtl materials/courtyardstairs.vmat
f 45/151/8 98/152/9 55/153/9
fc 3 3 3
f 45/154/8 61/155/8 98/156/9
fc 3 3 3
g Room0mesh1_#Room0#_materials/groundmossystone.vmat#SFX_2
usemtl materials/groundmossystone.vmat
f 51/157/7 61/158/10 45/159/10
fc 3 3 3
f 117/160/7 79/161/7 88/162/7
fc 3 3 3
f 51/163/7 77/164/7 61/165/10
fc 3 3 3
f 88/166/7 114/167/7 117/168/7
fc 3 3 3
f 114/169/7 113/170/7 117/171/7
fc 3 3 3
g Room0mesh1_#Room0#_materials/mossystone.vmat#SFX_2#WALLPROPERTY_NO_LEDGE_GRAB
usemtl materials/mossystone.vmat
f 73/172/11 43/173/11 96/174/11
fc 3 3 3
f 61/175/12 94/176/12 63/177/12
fc 3 3 3
f 73/178/13 93/179/13 47/180/13
fc 3 3 3
f 114/181/13 115/182/13 113/183/13
fc 3 3 3
f 90/184/12 79/185/12 116/186/12
fc 3 3 3
f 80/187/12 70/188/12 101/189/12
fc 3 3 3
f 71/190/11 89/191/11 64/192/11
fc 3 3 3
f 45/193/13 55/194/13 60/195/13
fc 3 3 3
f 55/196/11 72/197/11 60/198/11
fc 3 3 3
f 73/199/11 98/200/11 43/201/11
fc 3 3 3
f 63/202/12 43/203/12 61/204/12
fc 3 3 3
f 43/205/12 98/206/12 61/207/12
fc 3 3 3
f 61/208/12 82/209/12 94/210/12
fc 3 3 3
f 96/211/13 93/212/13 73/213/13
fc 3 3 3
f 93/214/13 91/215/13 47/216/13
fc 3 3 3
f 114/217/13 89/218/13 115/219/13
fc 3 3 3
f 90/220/12 88/221/12 79/222/12
fc 3 3 3
f 87/223/12 70/224/12 80/225/12
fc 3 3 3
f 70/226/12 72/227/12 101/228/12
fc 3 3 3
f 71/229/11 74/230/11 83/231/11
fc 3 3 3
f 74/232/11 47/233/11 83/234/11
fc 3 3 3
f 80/235/11 75/236/11 68/237/11
fc 3 3 3
f 75/238/11 64/239/11 68/240/11
fc 3 3 3
f 71/241/11 83/242/11 90/243/11
fc 3 3 3
f 83/244/11 84/245/11 90/246/11
fc 3 3 3
f 84/247/11 82/248/11 88/249/11
fc 3 3 3
f 84/250/11 88/251/11 90/252/11
fc 3 3 3
f 86/253/11 68/254/11 89/255/11
fc 3 3 3
f 68/256/11 64/257/11 89/258/11
fc 3 3 3
f 114/259/11 85/260/11 86/261/11
fc 3 3 3
f 89/262/11 114/263/11 86/264/11
fc 3 3 3
f 71/265/11 90/266/11 89/267/11
fc 3 3 3
f 60/268/13 66/269/13 45/270/13
fc 3 3 3
f 66/271/13 56/272/13 45/273/13
fc 3 3 3
f 56/274/13 85/275/13 45/276/13
fc 3 3 3
f 55/277/11 101/278/11 72/279/11
fc 3 3 3
g Room0mesh1_#Room0#_materials/courtyardwalls.vmat#SFX_2#WALLPROPERTY_NO_LEDGE_GRAB
usemtl materials/courtyardwalls.vmat
f 76/280/14 64/281/15 75/282/15
fc 3 3 3
f 62/283/16 74/284/17 71/285/17
fc 3 3 3
f 67/286/18 100/287/19 97/288/20
fc 3 3 3
f 52/289/12 111/290/12 81/291/12
fc 4 3 3
f 99/292/21 105/293/22 59/294/22
fc 3 3 3
f 102/295/23 54/296/24 78/297/25
fc 3 3 3
f 95/298/26 104/299/27 53/300/27
fc 3 3 3
f 78/301/25 69/302/28 76/303/14
fc 3 3 3
f 58/304/13 106/305/13 110/306/13
fc 4 3 3
f 62/307/16 100/308/19 107/309/29
fc 3 3 3
f 106/310/30 109/311/30 53/312/27
fc 3 3 3
f 92/313/31 106/314/31 81/315/31
fc 3 3 3
f 81/316/32 111/317/32 59/318/22
fc 3 3 3
f 76/319/14 69/320/28 64/321/15
fc 3 3 3
f 62/322/16 107/323/29 74/324/17
fc 3 3 3
f 67/325/18 99/326/18 100/327/19
fc 3 3 3
f 52/328/12 57/329/12 111/330/12
fc 4 4 3
f 99/331/21 67/332/21 105/333/22
fc 3 3 3
f 102/334/23 95/335/23 54/336/24
fc 3 3 3
f 95/337/26 102/338/26 104/339/27
fc 3 3 3
f 78/340/25 54/341/24 69/342/28
fc 3 3 3
f 58/343/13 108/344/13 106/345/13
fc 4 4 3
f 62/346/16 97/347/20 100/348/19
fc 3 3 3
f 53/349/27 104/350/27 106/351/30
fc 3 3 3
f 104/352/27 110/353/30 106/354/30
fc 3 3 3
f 92/355/31 109/356/31 106/357/31
fc 3 3 3
f 59/358/22 105/359/22 81/360/32
fc 3 3 3
f 105/361/22 92/362/32 81/363/32
fc 3 3 3
g Room0mesh1_#Room0#_materials/insidebanister.vmat#SFX_2#WALLPROPERTY_NO_LEDGE_GRAB#Steep
usemtl materials/insidebanister.vmat
f 112/364/11 60/365/11 72/366/11
fc 3 3 3
f 44/367/13 93/368/13 46/369/13
fc 3 3 3
f 49/370/11 96/371/11 43/372/11
fc 3 3 3
f 50/373/12 70/374/12 68/375/12
fc 3 3 3
f 103/376/13 66/377/13 48/378/13
fc 3 3 3
f 63/379/12 84/380/12 65/381/12
fc 3 3 3
f 120/382/7 50/383/7 121/384/7
fc 3 3 3
f 119/385/7 44/386/7 65/387/7
fc 3 3 3
f 112/388/11 48/389/11 60/390/11
fc 3 3 3
f 44/391/13 83/392/13 91/393/13
fc 3 3 3
f 93/394/13 96/395/13 46/396/13
fc 3 3 3
f 44/397/13 91/398/13 93/399/13
fc 3 3 3
f 49/400/11 46/401/11 96/402/11
fc 3 3 3
f 50/403/12 112/404/12 70/405/12
fc 3 3 3
f 112/406/12 72/407/12 70/408/12
fc 3 3 3
f 70/409/12 87/410/12 68/411/12
fc 3 3 3
f 103/412/13 86/413/13 56/414/13
fc 3 3 3
f 66/415/13 60/416/13 48/417/13
fc 3 3 3
f 103/418/13 56/419/13 66/420/13
fc 3 3 3
f 65/421/12 49/422/12 63/423/12
fc 3 3 3
f 49/424/12 43/425/12 63/426/12
fc 3 3 3
f 63/427/12 94/428/12 84/429/12
fc 3 3 3
f 120/430/7 103/431/7 50/432/7
fc 3 3 3
f 119/433/7 118/434/7 44/435/7
fc 3 3 3
g Room0mesh2_#Room0#
v -63.517254 95.368271 488.482361
v 72.482750 95.368256 488.482361
v 64.482750 95.368263 488.482361
v 72.482735 31.368259 296.482361
v -71.517265 31.368267 296.482361
v -63.517265 31.368265 296.482361
v 64.482727 31.368259 296.482361
v -71.517250 95.368271 488.482361
vt -1.299571 -0.250000
vt 5.024982 0.000000
vt -1.299571 0.000000
vt 3.024982 0.250000
vt -3.299571 0.000000
vt 3.024982 0.000000
vt -3.299571 -0.250000
vt 3.024982 -0.250000
vt 3.024982 0.000000
vt 5.024982 0.250000
vt -1.299571 0.250000
vt -1.299571 0.000000
vn 0.0000 0.9487 -0.3162
vc 1.0000 1.0000 1.0000 1.0000
g Room0mesh2_#Room0#_materials/insidebanister.vmat#SFX_2#WALLPROPERTY_NO_LEDGE_GRAB#Steep
usemtl materials/insidebanister.vmat
f 126/436/33 122/437/33 127/438/33
fc 5 5 5
f 123/439/33 128/440/33 124/441/33
fc 5 5 5
f 126/442/33 129/443/33 122/444/33
fc 5 5 5
f 123/445/33 125/446/33 128/447/33
fc 5 5 5
g Room1mesh_#Room1#
v -31.517256 159.368256 584.482361
v 32.482746 159.368256 584.482361
v 32.482746 159.368256 568.482361
v -287.517212 63.368275 936.482422
v 32.482742 63.368263 568.482361
v 0.482740 63.368263 568.482361
v 0.482741 63.368263 584.482361
v -31.517262 63.368263 568.482361
v -31.517256 159.368256 568.482361
v 32.482792 159.368256 1160.482422
v 32.482742 63.368263 584.482361
v 0.482784 63.368263 1160.482422
v 288.482788 255.368256 808.482361
v -287.517212 255.368286 936.482422
v 288.482788 255.368256 936.482300
v -31.517208 159.368271 1176.482422
v 288.482788 63.368252 936.482300
v -95.517250 255.368256 584.482361
v -95.517204 255.368256 1160.482422
v -287.517212 255.368286 808.482361
v -287.517212 63.368275 808.482361
v 288.482788 63.368252 808.482361
v 96.482796 255.368256 1160.482422
v 96.482750 255.368256 584.482361
v 96.482742 63.368259 584.482361
v 96.482788 63.368259 1160.482422
v -95.517212 63.368267 1160.482422
v -95.517258 63.368267 584.482361
v -31.517262 63.368263 584.482361
v -31.517210 63.368263 1176.482422
v -31.517212 159.368256 1160.482422
v 32.482784 63.368263 1176.482422
v 0.482790 63.368263 1176.482422
v -31.517216 63.368263 1160.482422
v 32.482792 159.368256 1176.482422
v 32.482784 63.368263 1160.482422
vt -0.999992 1.000000
vt 0.000008 0.500000
vt 0.000008 1.000000
vt -0.999973 -0.500000
vt 0.000027 -1.000000
vt 0.000027 -0.500000
vt -0.999954 -6.000000
vt 0.000050 12.000000
vt 0.000046 -6.000000
vt -1.000009 6.000000
vt -0.000005 -12.000000
vt -0.000009 6.000000
vt -0.000009 0.000000
vt -1.000009 0.500000
vt -0.000009 0.500000
vt -0.000009 0.000000
vt 0.999991 0.500000
vt -0.000009 0.500000
vt -0.999992 1.000000
vt -0.999992 0.500000
vt 0.000008 0.500000
vt -0.999973 -0.500000
vt -0.999973 -1.000000
vt 0.000027 -1.000000
vt -0.999954 -12.000000
vt -0.999950 6.000000
vt 0.000050 6.000000
vt -1.000009 12.000000
vt -1.000005 -6.000000
vt -0.000005 -6.000000
vt -0.000009 0.000000
vt -1.000009 0.000000
vt -1.000009 0.500000
vt -0.000009 0.000000
vt 0.999991 0.000000
vt 0.999991 0.500000
vt 14.000000 3.333333
vt 13.666667 1.333333
vt 13.666667 3.333333
vt 14.000000 1.333333
vt 13.666667 3.333334
vt 13.666667 1.333333
vt 14.000000 3.333333
vt 14.000000 1.333333
vt 13.666667 1.333333
vt 14.000000 1.333333
vt 14.000000 3.333334
vt 13.666667 3.333334
vt 1.333333 0.504883
vt 4.000000 1.004883
vt -4.000000 1.004883
vt -4.000000 1.004883
vt 4.000000 1.004883
vt -1.333333 0.504883
vt -8.137655 1.004883
vt 4.155075 0.004883
vt 4.155075 1.004883
vt -7.414553 0.004883
vt 4.878178 1.004883
vt 4.878178 0.004883
vt 8.878212 0.004883
vt -3.414520 1.004883
vt -3.414520 0.004883
vt -2.666664 1.004883
vt 2.666668 0.004883
vt 2.666668 1.004883
vt 3.666668 1.004883
vt -1.666664 0.004883
vt -1.666664 1.004883
vt -8.137653 0.004883
vt 4.155075 1.004883
vt 4.155075 0.004883
vt 0.500000 0.252604
vt 0.750000 0.002604
vt 0.750000 0.252604
vt 0.500000 0.002604
vt 0.750000 0.252604
vt 0.750000 0.002604
vt 1.333333 0.504883
vt 1.333333 0.004883
vt 4.000000 0.004883
vt -4.000000 1.004883
vt -4.000000 0.004883
vt -1.333333 0.504883
vt -4.000000 0.004883
vt -1.333333 0.004883
vt -1.333333 0.504883
vt 1.333333 0.504883
vt 4.000000 0.004883
vt 4.000000 1.004883
vt -4.000000 1.004883
vt -1.333333 0.504883
vt 1.333333 0.504883
vt 4.000000 1.004883
vt 4.000000 0.004883
vt 1.333333 0.504883
vt 4.000000 0.004883
vt 1.333333 0.004883
vt 1.333333 0.504883
vt -1.333333 0.004883
vt -4.000000 0.004883
vt -1.333333 0.504883
vt -4.000000 0.004883
vt -4.000000 1.004883
vt -1.333333 0.504883
vt 4.000000 1.004883
vt 1.333333 0.504883
vt -1.333333 0.504883
vt -3.137655 1.004883
vt -3.137655 0.004883
vt 9.155075 0.004883
vt -3.414553 0.004883
vt -3.414553 1.004883
vt 8.878178 1.004883
vt 4.878212 0.004883
vt 4.878212 1.004883
vt -7.414520 1.004883
vt -1.666664 1.004883
vt -1.666664 0.004883
vt 3.666668 0.004883
vt 2.666668 1.004883
vt 2.666668 0.004883
vt -2.666664 0.004883
vt -3.137653 0.004883
vt -3.137653 1.004883
vt 9.155075 1.004883
vt 0.500000 0.252604
vt 0.500000 0.002604
vt 0.750000 0.002604
vt 0.500000 0.002604
vt 0.500000 0.252604
vt 0.750000 0.252604
vt 8.000000 -2.250000
vt 9.750000 -0.750000
vt 9.750000 -0.250000
vt 7.000000 2.250000
vt 5.250000 0.750000
vt 5.250000 0.250000
vt 9.750000 -0.250000
vt 5.250000 -0.250000
vt 8.000000 -2.250000
vt 5.250000 -0.250000
vt 5.250000 -0.750000
vt 7.000000 -2.250000
vt 8.000000 -2.250000
vt 5.250000 -0.250000
vt 7.000000 -2.250000
vt 5.250000 0.250000
vt 9.750000 0.250000
vt 7.000000 2.250000
vt 9.750000 0.250000
vt 9.750000 0.750000
vt 8.000000 2.250000
vt 7.000000 2.250000
vt 9.750000 0.250000
vt 8.000000 2.250000
vn 0.0000 1.0000 0.0000
vn 1.0000 -0.0000 0.0000
vn -1.0000 0.0000 0.0000
vn -0.0000 0.0000 1.0000
vn 0.0000 0.0000 -1.0000
vn -0.7593 0.0000 0.6508
vn 0.7593 0.0000 -0.6508
vn -0.7593 0.0000 -0.6508
vn 0.7593 -0.0000 0.6508
vc 1.0000 1.0000 1.0000 1.0000
g Room1mesh_#Room1#_materials/insideredcarpetwithgoldtrimmings.vmat#SFX_D
usemtl materials/insideredcarpetwithgoldtrimmings.vmat
f 140/448/34 135/449/34 136/450/34
fc 6 6 6
f 137/451/34 136/452/34 135/453/34
fc 6 6 6
f 158/454/34 141/455/34 136/456/34
fc 6 6 6
f 165/457/34 136/458/34 141/459/34
fc 6 6 6
f 141/460/34 159/461/34 162/462/34
fc 6 6 6
f 165/463/34 162/464/34 161/465/34
fc 6 6 6
f 140/466/34 134/467/34 135/468/34
fc 6 6 6
f 137/469/34 158/470/34 136/471/34
fc 6 6 6
f 158/472/34 163/473/34 141/474/34
fc 6 6 6
f 165/475/34 140/476/34 136/477/34
fc 6 6 6
f 141/478/34 163/479/34 159/480/34
fc 6 6 6
f 165/481/34 141/482/34 162/483/34
fc 6 6 6
g Room1mesh_#Room1#_materials/mossystone.vmat#SFX_2#WALLPROPERTY_NO_LEDGE_GRAB
usemtl materials/mossystone.vmat
f 130/484/35 137/485/35 138/486/35
fc 6 6 6
f 140/487/36 132/488/36 134/489/36
fc 6 6 6
f 130/490/35 158/491/35 137/492/35
fc 6 6 6
f 140/493/36 131/494/36 132/495/36
fc 6 6 6
g Room1mesh_#Room1#_materials/insidewalls.vmat#SFX_2#WALLPROPERTY_NO_LEDGE_GRAB
usemtl materials/insidewalls.vmat
f 131/496/37 153/497/37 147/498/37
fc 6 6 6
f 148/499/38 152/500/38 160/501/38
fc 6 6 6
f 153/502/39 151/503/39 142/504/39
fc 6 6 6
f 133/505/40 148/506/40 156/507/40
fc 6 6 6
f 155/508/41 144/509/41 146/510/41
fc 6 6 6
f 142/511/36 146/512/36 144/513/36
fc 6 6 6
f 143/514/35 150/515/35 149/516/35
fc 6 6 6
f 157/517/42 149/518/42 150/519/42
fc 6 6 6
f 139/520/36 161/521/36 164/522/36
fc 6 6 6
f 163/523/35 145/524/35 159/525/35
fc 6 6 6
f 131/526/37 140/527/37 154/528/37
fc 6 6 6
f 147/529/37 157/530/37 130/531/37
fc 6 6 6
f 157/532/37 158/533/37 130/534/37
fc 6 6 6
f 131/535/37 154/536/37 153/537/37
fc 6 6 6
f 147/538/37 130/539/37 131/540/37
fc 6 6 6
f 152/541/38 155/542/38 139/543/38
fc 6 6 6
f 155/544/38 165/545/38 139/546/38
fc 6 6 6
f 163/547/38 156/548/38 160/549/38
fc 6 6 6
f 156/550/38 148/551/38 160/552/38
fc 6 6 6
f 152/553/38 139/554/38 160/555/38
fc 6 6 6
f 153/556/39 154/557/39 151/558/39
fc 6 6 6
f 133/559/40 143/560/40 148/561/40
fc 6 6 6
f 155/562/41 152/563/41 144/564/41
fc 6 6 6
f 142/565/36 151/566/36 146/567/36
fc 6 6 6
f 143/568/35 133/569/35 150/570/35
fc 6 6 6
f 157/571/42 147/572/42 149/573/42
fc 6 6 6
f 139/574/36 165/575/36 161/576/36
fc 6 6 6
f 163/577/35 160/578/35 145/579/35
fc 6 6 6
g Room1mesh_#Room1#_materials/insidecheckerboardflooring.vmat#SFX_2
usemtl materials/insidecheckerboardflooring.vmat
f 133/580/34 156/581/34 163/582/34
fc 6 6 6
f 151/583/34 154/584/34 140/585/34
fc 6 6 6
f 163/586/34 158/587/34 133/588/34
fc 6 6 6
f 158/589/34 157/590/34 150/591/34
fc 6 6 6
f 133/592/34 158/593/34 150/594/34
fc 6 6 6
f 140/595/34 165/596/34 151/597/34
fc 6 6 6
f 165/598/34 155/599/34 146/600/34
fc 6 6 6
f 151/601/34 165/602/34 146/603/34
fc 6 6 6
g Room1mesh1_#Room1#
v -31.517284 159.368256 584.482300
v 32.482719 159.368256 584.482300
v -31.517284 159.368256 568.482300
v 32.482719 159.368256 568.482300
v -287.517273 255.368271 808.482300
v -95.517235 255.368256 1160.482300
v 32.482761 159.368256 1160.482300
v -31.517239 159.368256 1160.482300
v -95.517281 255.368256 584.482300
v 32.482761 159.368256 1176.482300
v -31.517237 159.368256 1176.482300
v 96.482765 255.368256 1160.482300
v 288.482727 255.368240 808.482300
v -287.517273 255.368271 936.482300
v 288.482727 255.368240 936.482300
v 96.482719 255.368256 584.482300
vt 9.400002 0.400000
vt 9.200001 -0.400000
vt 9.200001 0.400000
vt 0.600000 -0.400000
vt 0.800000 0.400000
vt 0.800000 -0.400000
vt 11.200000 -3.600000
vt 8.400001 -1.200000
vt 11.200000 3.600000
vt 9.400002 0.400000
vt 9.400002 -0.400000
vt 9.200001 -0.400000
vt 0.600000 -1.400000
vt 0.600000 -0.600000
vt 0.800000 -0.600000
vt 8.400001 -1.200000
vt 8.400001 1.200000
vt 11.200000 3.600000
vt 11.200000 3.600000
vt 12.799999 3.600000
vt 12.799999 -3.600000
vt -0.200001 3.600000
vt 2.599998 1.200000
vt -0.200001 -3.600000
vt 1.599998 2.200000
vt 1.599998 -0.200000
vt -1.200001 -2.600000
vt 12.799999 -3.600000
vt 11.200000 -3.600000
vt 11.200000 3.600000
vn 0.0000 -1.0000 0.0000
vc 1.0000 1.0000 1.0000 1.0000
g Room1mesh1_#Room1#_materials/courtyardpillars.vmat.001#NoCollision
usemtl materials/courtyardpillars.vmat.001
f 167/604/43 168/605/43 169/606/43
fc 7 7 7
f 173/607/43 175/608/43 176/609/43
fc 7 7 7
f 170/610/43 174/611/43 178/612/43
fc 7 7 7
f 167/613/43 166/614/43 168/615/43
fc 7 7 7
f 173/616/43 172/617/43 175/618/43
fc 7 7 7
f 174/619/43 181/620/43 178/621/43
fc 7 7 7
f 178/622/43 180/623/43 179/624/43
fc 7 7 7
f 180/625/43 177/626/43 179/627/43
fc 7 7 7
f 177/628/43 171/629/43 179/630/43
fc 7 7 7
f 179/631/43 170/632/43 178/633/43
fc 7 7 7
g Room2mesh_#Room2#
v -31.517256 159.368256 1192.482300
v 32.482742 159.368256 1192.482300
v -31.517258 63.368256 1176.482300
v -383.517273 159.368271 1320.482300
v -31.517258 159.368256 1176.482300
v 0.482743 63.368256 1176.482300
v 32.482746 63.368256 1192.482300
v 32.482742 63.368256 1176.482300
v 32.482742 159.368256 1176.482300
v -399.517273 63.368271 1256.482300
v 384.482788 447.368225 1848.482422
v -383.517273 447.368286 1192.482422
v -319.517212 279.368286 1704.482300
v 384.482727 447.368225 1192.482422
v -319.517212 287.368286 1848.482422
v -383.517273 63.368271 1288.482300
v 160.482788 63.368248 1848.482300
v -319.517212 279.368286 1696.482300
v -319.517212 255.368271 1800.482300
v 288.482788 63.368240 1848.482300
v -31.517250 63.368256 1192.482300
v 0.482779 191.368256 1640.482300
v -319.517212 255.368271 1704.482300
v -383.517212 255.368271 1800.482300
v 0.482750 63.368256 1256.482300
v -383.517212 447.368286 1848.482422
v 0.482752 63.368256 1320.482300
v -383.517212 279.368286 1696.482300
v 384.482788 63.368240 1192.482422
v 384.482849 63.368240 1848.482422
v -383.517212 287.368286 1696.482300
v -383.517212 63.368271 1192.482422
v -383.517212 351.368286 1736.482300
v -399.517273 63.368271 1320.482300
v 184.482788 63.368248 1776.482300
v -399.517273 159.368271 1320.482300
v -63.517220 223.368256 1848.482300
v -31.517250 63.368256 1384.482300
v -383.517212 255.368271 1832.482300
v 32.482758 63.368256 1384.482300
v 0.482749 63.368256 1192.482300
v 212.482788 279.368256 1832.482300
v 0.482791 191.368256 1800.482300
v 72.482750 63.368256 1384.482300
v 64.482788 223.368256 1832.482300
v 236.482788 279.368256 1832.482300
v -399.517212 255.368271 1800.482300
v -71.517220 63.368256 1696.482300
v -383.517212 63.368271 1696.482300
v -71.517250 63.368256 1384.482300
v 0.482787 191.368256 1744.482300
v -383.517212 287.368286 1832.482300
v -383.517212 255.368271 1736.482300
v -31.517252 63.368256 1256.482300
v -383.517273 63.368271 1256.482300
v -31.517254 63.368256 1288.482300
v -399.517273 159.368271 1256.482300
v -31.517254 63.368256 1320.482300
v -383.517273 63.368271 1320.482300
v -383.517273 159.368271 1256.482300
v -399.517273 63.368271 1288.482300
v 32.482761 63.368256 1256.482300
v 384.482727 63.368240 1256.482178
v 32.482761 63.368256 1320.482300
v 384.482727 63.368240 1320.482300
v 400.482727 63.368240 1320.482300
v 32.482761 63.368256 1288.482300
v 384.482727 159.368240 1320.482300
v 384.482727 159.368240 1256.482300
v 384.482788 95.368240 1320.482300
v 184.482788 215.368256 1776.482300
v 160.482788 215.368256 1848.482300
v 288.482788 215.368240 1848.482300
v 264.482788 215.368240 1776.482300
v 264.482788 63.368240 1776.482300
v -319.517212 287.368286 1832.482300
v -383.517212 279.368286 1704.482300
v 212.482788 303.368225 1832.482300
v -383.517212 279.368286 1832.482300
v -319.517212 255.368271 1832.482300
v -63.517208 191.368256 1832.482300
v -63.517204 215.368256 1832.482300
v -319.517212 279.368286 1832.482300
v -63.517223 191.368256 1640.482300
v 0.482754 63.368256 1384.482300
v -63.517212 191.368256 1768.482300
v -31.517214 191.368256 1736.482300
v 32.482777 191.368256 1640.482300
v 64.482750 63.368256 1384.482300
v -63.517246 63.368256 1384.482300
v -23.517197 191.368256 1768.482300
v 0.482786 191.368256 1736.482300
v -31.517221 191.368256 1640.482300
v 0.482788 191.368256 1768.482300
v -71.517220 223.368256 1640.482300
v -71.517220 223.368256 1704.482300
v -63.517216 223.368256 1704.482300
v -63.517220 223.368256 1640.482300
v -383.517212 255.368271 1768.482300
v -71.517220 191.368256 1704.482300
v -71.517220 223.368256 1696.482300
v -63.517216 191.368256 1736.482300
v -63.517220 191.368256 1704.482300
v 4.482791 191.368256 1800.482300
v -71.517220 215.368256 1640.482300
v -319.517212 287.368286 1696.482300
v -71.517220 215.368256 1704.482300
v -63.517216 215.368256 1704.482300
v -63.517220 215.368256 1640.482300
v -71.517242 95.368256 1384.482300
v -71.517242 87.368256 1384.482300
v 32.482788 191.368256 1772.482300
v -63.517246 95.368256 1384.482300
v -63.517246 87.368256 1384.482300
v 64.482758 95.368256 1384.482300
v 64.482780 223.368256 1640.482300
v 72.482796 215.368256 1848.482300
v 72.482758 95.368256 1384.482300
v -31.517212 191.368256 1768.482300
v -63.517212 191.368256 1800.482300
v 64.482780 191.368256 1640.482300
v 64.482788 215.368256 1832.482300
v 72.482758 87.368256 1384.482300
v 72.482796 63.368256 1848.482422
v 64.482758 87.368256 1384.482300
v 64.482780 215.368256 1640.482300
v -63.517208 191.368256 1832.482300
v -319.517212 255.368271 1768.482300
v 72.482780 223.368256 1640.482300
v 72.482780 215.368256 1640.482300
v -63.517204 223.368256 1832.482300
v -383.517212 287.368286 1696.482300
v 72.482780 223.368256 1848.482300
v -383.517212 255.368271 1704.482300
v 64.482788 191.368256 1832.482300
v 32.482788 191.368256 1768.482300
v 236.482788 303.368225 1832.482300
v -383.517212 287.368286 1704.482300
v -319.517212 287.368286 1704.482300
v -71.517220 215.368256 1696.482300
v -319.517212 255.368271 1736.482300
v -399.517212 351.368286 1800.482300
v -399.517212 351.368286 1736.482300
v -399.517212 255.368271 1736.482300
v -383.517212 351.368286 1800.482300
v -399.517212 255.368271 1768.482300
v 400.482727 63.368240 1256.482300
v 384.482727 63.368240 1288.482300
v 400.482727 159.368240 1320.482300
v 400.482727 63.368240 1288.482300
v 400.482727 159.368240 1256.482300
v -383.517212 287.368286 1704.482300
v -383.517212 287.368286 1848.482422
v 72.482780 223.368256 1848.482300
v -383.517212 287.368286 1832.482300
vt -1.000009 1.000000
vt -0.000009 0.500000
vt -1.000009 0.500000
vt 0.999990 1.000000
vt -0.000009 0.500000
vt 0.999991 0.500000
vt 0.085430 -0.012142
vt 0.791782 -0.719246
vt 0.968750 -0.542469
vt -0.000011 0.000000
vt -1.000011 2.000000
vt -1.000011 0.000000
vt -0.218342 0.137188
vt -0.924690 0.844296
vt -1.013172 0.755909
vt -0.999969 -2.000000
vt 0.000030 0.000000
vt -0.999971 0.000000
vt -1.000010 -1.000000
vt -0.000010 1.000000
vt -1.000011 1.000000
vt 0.000027 1.000000
vt -0.999972 -1.000000
vt 0.000028 -1.000000
vt 0.998374 0.000000
vt 0.998641 0.250000
vt -0.000557 1.000000
vt -1.000011 2.961922
vt -0.000013 -5.982346
vt -0.000011 2.961922
vt -1.000010 2.982346
vt -0.000008 -5.961922
vt -0.000010 2.982346
vt 0.000000 2.604501
vt 1.000000 -5.641708
vt 1.000000 2.604501
vt -1.000004 3.641651
vt 0.000000 -4.604558
vt -0.000004 3.641652
vt -1.000004 0.999986
vt -0.000004 -1.000013
vt -0.000004 0.999987
vt 0.000008 0.000038
vt 1.000008 -1.999961
vt 1.000008 0.000039
vt 0.001655 -1.000000
vt -0.995142 2.000000
vt -0.998345 -1.000000
vt -0.001091 0.000079
vt 0.997841 -0.999920
vt 0.998909 0.000080
vt 0.001099 -0.000057
vt 0.002167 0.999943
vt -0.997833 0.999942
vt 1.000000 0.000000
vt 0.000000 -0.500000
vt 1.000000 -0.500000
vt -1.000004 -0.000025
vt -0.000004 0.499976
vt -1.000004 0.499975
vt -1.000009 1.000000
vt -0.000009 1.000000
vt -0.000009 0.500000
vt 0.999990 1.000000
vt -0.000010 1.000000
vt -0.000009 0.500000
vt 0.968750 -0.542469
vt 0.969879 0.518196
vt 0.085430 -0.012142
vt 0.969879 -0.481804
vt 0.793293 -0.305031
vt 0.085430 -1.012142
vt -0.000011 -1.000000
vt -0.000011 1.000000
vt -1.000011 1.000000
vt -1.013172 0.755909
vt -1.014496 -0.481533
vt -0.218342 0.137188
vt -1.014496 0.518467
vt -0.926205 0.430077
vt -0.218342 1.137188
vt -0.999969 -1.000000
vt 0.000031 -1.000000
vt 0.000030 1.000000
vt -1.000010 0.000000
vt -0.000010 0.000000
vt -0.000010 2.000000
vt 0.000027 0.000000
vt -0.999973 0.000000
vt -0.999972 -2.000000
vt -0.000557 2.000000
vt -0.004829 -2.000000
vt 0.998374 1.000000
vt -0.004829 -1.000000
vt 0.995170 -1.000000
vt 0.998374 2.000000
vt 0.998641 0.250000
vt 0.999442 1.000000
vt -0.000557 1.000000
vt -1.000011 5.961922
vt -1.000013 -2.982346
vt -0.000013 -2.982346
vt -1.000010 5.982346
vt -1.000008 -2.961922
vt -0.000008 -2.961922
vt 0.000000 4.604501
vt 0.000000 -3.641708
vt 1.000000 -3.641708
vt -1.000004 5.641651
vt -1.000000 -2.604559
vt 0.000000 -2.604558
vt -1.000004 1.999986
vt -1.000004 -0.000014
vt -0.000004 -0.000013
vt 0.000008 1.000038
vt 0.000008 -0.999962
vt 1.000008 -0.999961
vt 0.001655 -2.000000
vt 0.004857 1.000000
vt -0.995142 1.000000
vt -0.001091 0.000079
vt -0.002159 -0.999921
vt 0.997841 -0.999920
vt -0.997833 1.999942
vt -0.999966 -0.000058
vt 0.001099 0.999943
vt -0.999966 -0.000058
vt 0.000034 -0.000057
vt 0.000835 0.749942
vt -0.999966 -0.000058
vt 0.000835 0.749942
vt 0.001099 0.999943
vt 1.000000 0.000000
vt 0.000000 0.000000
vt 0.000000 -0.500000
vt -1.000004 -0.000025
vt -0.000004 -0.000024
vt -0.000004 0.499976
vt 1.000000 0.252604
vt 0.750000 0.002604
vt 0.750000 0.252604
vt 1.000000 0.002604
vt 0.750000 0.252604
vt 0.750000 0.002604
vt 6.000000 1.002604
vt 0.500001 0.252604
vt -0.499999 0.252604
vt -1.000000 0.419271
vt -6.000000 1.002604
vt 6.000000 1.002604
vt 1.999998 0.252604
vt 1.999998 0.085937
vt -6.250006 0.002604
vt 2.500008 0.752604
vt -5.999992 1.002604
vt 4.250010 1.002604
vt 0.112499 0.398437
vt 1.237499 0.002604
vt 1.237499 0.398437
vt 2.875000 0.002604
vt 4.125000 0.398437
vt 4.125000 0.002604
vt 0.112497 0.002604
vt 1.237497 0.398437
vt 1.237497 0.002604
vt 6.000000 0.252604
vt 6.250000 0.002604
vt 6.250000 0.252604
vt -1.000000 0.398438
vt -1.000000 0.335938
vt -5.000000 0.502604
vt 1.999998 0.065104
vt -2.875004 0.002604
vt -2.000004 0.398437
vt -6.000000 0.565104
vt -6.000000 0.502604
vt -5.000000 0.502604
vt -1.000000 0.002604
vt -1.125000 0.065104
vt -1.000000 0.065104
vt 0.000000 0.398437
vt 1.000000 0.335937
vt 0.000000 0.335937
vt -6.000000 -0.005208
vt -6.250000 0.244792
vt -6.250000 -0.005208
vt 1.125000 -0.734375
vt 1.000000 -0.687500
vt 1.125000 -0.687500
vt -2.000000 0.398438
vt 1.250000 0.398438
vt 1.250000 0.002604
vt -5.000000 0.565104
vt -1.125000 0.002604
vt -6.000000 0.002604
vt -1.000000 0.335937
vt 2.000000 0.398437
vt -1.000000 0.398437
vt -6.000000 0.244792
vt -6.250000 -0.005208
vt -6.250000 0.244792
vt 6.000000 0.002604
vt 6.250000 0.252604
vt 6.250000 0.002604
vt 1.000000 0.335938
vt -1.000000 0.398438
vt 1.000000 0.398438
vt -6.000000 0.744792
vt -6.250000 0.494792
vt -6.250000 0.744792
vt -6.000000 0.494792
vt -6.250000 0.744792
vt -6.250000 0.494792
vt 1.000000 0.252604
vt 1.000000 0.002604
vt 0.750000 0.002604
vt 1.000000 0.002604
vt 1.000000 0.252604
vt 0.750000 0.252604
vt -6.000000 0.002604
vt -6.000000 1.002604
vt -0.499999 0.252604
vt -6.000000 1.002604
vt 6.000000 1.002604
vt -0.499999 0.252604
vt 6.000000 1.002604
vt 6.000000 0.002604
vt 0.500001 0.252604
vt 6.000000 0.002604
vt 0.500001 0.002604
vt 0.500001 0.252604
vt -0.499999 0.252604
vt -0.499999 0.002604
vt -6.000000 0.002604
vt 1.125000 0.419271
vt -1.000000 0.419271
vt 6.000000 1.002604
vt -1.000000 0.419271
vt -5.000000 0.585938
vt -6.000000 1.002604
vt -5.000000 0.585938
vt -6.000000 0.585938
vt -6.000000 1.002604
vt 6.000000 1.002604
vt 6.000000 0.002604
vt 1.125000 0.419271
vt 6.000000 0.002604
vt 1.125000 0.002604
vt 1.125000 0.419271
vt -0.000004 1.002604
vt -0.000004 0.002604
vt -1.000002 0.252604
vt -0.000004 0.002604
vt -1.000002 0.002604
vt -1.000002 0.252604
vt -3.250006 0.002604
vt -3.250006 1.002604
vt 4.999998 0.252604
vt -6.250006 1.002604
vt 3.999996 1.002604
vt 1.999998 0.252604
vt 1.999998 0.085937
vt 1.999998 0.002604
vt -6.250006 0.002604
vt 0.999996 1.002604
vt -0.000002 0.252604
vt -1.000002 0.252604
vt 4.875006 0.002604
vt -0.999994 0.002604
vt -0.999994 0.252604
vt 1.000006 0.252604
vt 1.000006 0.002604
vt 0.000008 0.002604
vt 2.875006 0.585938
vt 2.875006 0.002604
vt -2.999994 0.252604
vt 1.000006 0.252604
vt 0.000008 0.002604
vt 0.000008 1.002604
vt 4.875006 0.585938
vt -0.999994 0.252604
vt -2.999992 1.002604
vt 1.000006 0.252604
vt 0.000006 0.252604
vt -0.999992 1.002604
vt 0.500008 0.502604
vt 0.000008 0.502604
vt 0.000008 0.585938
vt 0.500008 0.752604
vt 0.500008 0.502604
vt 0.000008 0.585938
vt 0.000008 0.585938
vt -0.124994 0.585938
vt 0.500008 0.752604
vt 2.875006 0.585938
vt -4.999992 1.002604
vt 3.500008 0.752604
vt 0.250010 1.002604
vt 0.250008 0.585938
vt -0.499992 0.752604
vt 1.250008 0.585938
vt 1.000008 0.585938
vt 0.500008 0.752604
vt 1.000008 0.585938
vt 1.000008 0.502604
vt 0.500008 0.502604
vt 1.000008 0.585938
vt 0.500008 0.502604
vt 0.500008 0.752604
vt 0.500008 0.752604
vt -0.499992 0.752604
vt 1.250010 1.002604
vt 0.112499 0.398437
vt 0.112499 0.002604
vt 1.237499 0.002604
vt 2.875000 0.002604
vt 2.875000 0.398437
vt 4.125000 0.398437
vt 0.112497 0.002604
vt 0.112497 0.398437
vt 1.237497 0.398437
vt 6.000000 0.252604
vt 6.000000 0.002604
vt 6.250000 0.002604
vt -5.000000 0.502604
vt -6.000000 0.502604
vt -6.000000 0.565104
vt -6.000000 0.565104
vt -5.000000 0.565104
vt -5.000000 0.502604
vt -5.000000 0.565104
vt -1.000000 0.398438
vt -5.000000 0.502604
vt 0.999998 0.002604
vt -3.875004 0.002604
vt 0.999998 0.065104
vt -0.875004 0.002604
vt -0.875004 0.398437
vt -0.000004 0.398437
vt -5.000000 0.502604
vt -1.125000 0.335938
vt -1.125000 0.398438
vt -1.125000 0.335938
vt -1.000000 0.335938
vt -1.125000 0.398438
vt -1.000000 0.335938
vt -1.000000 0.398438
vt -1.125000 0.398438
vt -1.125000 0.398438
vt -5.000000 0.565104
vt -5.000000 0.502604
vt -5.000000 0.565104
vt -6.000000 0.565104
vt -5.000000 0.502604
vt -1.000000 0.002604
vt -1.125000 0.002604
vt -1.125000 0.065104
vt 3.000000 0.335937
vt -1.000000 0.002604
vt -1.000000 0.065104
vt 0.000000 0.398437
vt 1.000000 0.398437
vt 1.000000 0.335937
vt 2.000000 0.335937
vt -2.000000 0.065104
vt 2.000000 0.398437
vt -6.000000 -0.005208
vt -6.000000 0.244792
vt -6.250000 0.244792
vt 1.125000 -0.734375
vt 1.000000 -0.734375
vt 1.000000 -0.687500
vt 4.250000 0.002604
vt -3.000000 0.002604
vt 1.000000 0.398438
vt -1.000000 0.002604
vt -1.000000 0.065104
vt 3.000000 0.398438
vt -6.000000 0.002604
vt -6.000000 0.565104
vt -5.000000 0.565104
vt -5.000000 0.565104
vt -1.125000 0.398438
vt -1.125000 0.002604
vt -2.000000 0.335937
vt 1.000000 0.335937
vt 1.000000 0.398437
vt 2.000000 0.398437
vt -2.000000 0.065104
vt 2.000000 0.335937
vt -1.000000 0.065104
vt -1.000000 0.002604
vt 3.000000 0.335937
vt -6.000000 0.244792
vt -6.000000 -0.005208
vt -6.250000 -0.005208
vt 6.000000 0.002604
vt 6.000000 0.252604
vt 6.250000 0.252604
vt 1.000000 0.335938
vt -1.000000 0.335938
vt -1.000000 0.398438
vt -6.000000 0.744792
vt -6.000000 0.494792
vt -6.250000 0.494792
vt -6.000000 0.494792
vt -6.000000 0.744792
vt -6.250000 0.744792
vt 0.699997 -0.542473
vt 1.549423 -0.012142
vt 0.701805 0.518188
vt 2.799988 -1.000001
vt -0.800003 2.249999
vt -0.800003 -0.250001
vt -0.000016 -1.000000
vt 1.599984 0.000000
vt -0.000017 1.000000
vt 1.799988 -2.000001
vt 1.799988 1.999999
vt -1.800003 1.249999
vt 0.999983 1.000000
vt -0.600018 1.000000
vt -0.600017 0.000000
vt -0.600017 1.000000
vt -0.600017 0.000000
vt 0.999984 0.000000
vt -1.000016 0.000000
vt 0.599984 0.000000
vt 0.599984 1.000000
vt 0.599984 0.000000
vt 0.599984 1.000000
vt -1.000017 1.000000
vt -0.000017 1.000000
vt -1.600017 0.000000
vt -0.000016 -1.000000
vt -8.000000 11.000000
vt -9.000000 12.000000
vt -9.000000 11.000000
vt -8.000000 11.000000
vt -8.000000 12.000000
vt -9.000000 12.000000
vt 1.000526 0.500010
vt 0.531508 0.250010
vt 0.750026 0.031260
vt 10.000021 2.999998
vt 10.500020 0.249998
vt 10.500020 2.999998
vt 11.500000 -0.562500
vt 11.000000 -0.250000
vt 11.000000 -3.000000
vt 10.500000 -0.250000
vt 10.000001 -3.000000
vt 10.500000 -3.000000
vt -0.500000 -1.437500
vt 3.125001 1.000000
vt -1.000000 1.000000
vt 3.781250 15.000000
vt 3.281250 14.750000
vt 3.781250 14.750000
vt 3.281250 14.000000
vt 3.781250 14.250000
vt 3.281250 14.250000
vt 0.499459 -0.499991
vt 1.249725 -0.249990
vt 0.499725 -0.249991
vt 0.749992 0.000010
vt 0.749459 -0.499990
vt 0.999459 -0.499990
vt 1.000526 0.500010
vt -0.499475 0.500009
vt 0.500258 0.250010
vt 0.500525 0.500009
vt 0.500258 0.250009
vt 1.500258 0.250010
vt 0.749992 0.000010
vt 0.999459 -0.499990
vt 1.000526 0.500010
vt 0.750026 0.031260
vt 0.749992 0.000010
vt 1.000526 0.500010
vt 1.000526 0.500010
vt 0.500258 0.250010
vt 0.531508 0.250010
vt 10.000021 2.999998
vt 10.000020 0.249998
vt 10.500020 0.249998
vt 11.000000 -3.000000
vt 13.937500 -3.000000
vt 11.500000 -0.562500
vt 13.937500 -3.000000
vt 13.937500 -0.562500
vt 11.500000 -0.562500
vt 11.500000 -0.562500
vt 11.500000 -0.250000
vt 11.000000 -0.250000
vt 10.500000 -0.250000
vt 10.000000 -0.250000
vt 10.000001 -3.000000
vt 11.000000 3.000000
vt 11.000000 0.250000
vt 11.500000 0.562500
vt 11.000000 0.250000
vt 11.500000 0.250000
vt 11.500000 0.562500
vt -1.500000 -0.437500
vt 2.125000 -0.437500
vt 2.125001 2.000000
vt 3.781250 15.000000
vt 3.281250 15.000000
vt 3.281250 14.750000
vt 3.281250 14.000000
vt 3.781250 14.000000
vt 3.781250 14.250000
vt 0.499459 -0.499991
vt 1.249459 -0.499990
vt 1.249725 -0.249990
vt -0.031250 3.000000
vt 0.968750 -7.999999
vt 0.968750 3.000000
vt -0.031250 -3.000018
vt -1.031254 7.999981
vt -1.031250 -3.000018
vt -1.031254 -0.000018
vt -0.031254 0.499982
vt -1.031254 0.499982
vt 0.968750 0.000000
vt -0.031250 -0.500000
vt 0.968750 -0.500000
vt -0.031250 7.000000
vt -0.031250 -3.999999
vt 0.968750 -3.999999
vt -0.031250 -7.000018
vt -0.031254 3.999981
vt -1.031254 3.999981
vt -1.031254 -0.000018
vt -0.031254 -0.000018
vt -0.031254 0.499982
vt 0.968750 0.000000
vt -0.031250 0.000000
vt -0.031250 -0.500000
vt -1.000000 2.999981
vt -0.499998 -8.000019
vt -0.500000 2.999981
vt 0.000000 4.000001
vt 0.500000 -7.000000
vt 0.500000 4.000001
vt 0.000000 0.500000
vt 0.500000 0.000000
vt 0.500000 0.500000
vt -0.499998 -0.500018
vt -0.999998 -0.000018
vt -0.999998 -0.500018
vt -1.000000 6.999981
vt -0.999998 -4.000020
vt -0.499998 -4.000019
vt 0.000000 8.000001
vt 0.000000 -3.000000
vt 0.500000 -3.000000
vt 0.000000 0.500000
vt 0.000000 0.000000
vt 0.500000 0.000000
vt -0.499998 -0.500018
vt -0.499998 -0.000018
vt -0.999998 -0.000018
vt 0.000000 0.375000
vt 0.875000 0.500000
vt 0.000000 0.500000
vt -5.000000 4.375000
vt -6.000000 4.500000
vt -5.000000 4.500000
vt 2.000000 1.375000
vt -2.000000 -0.500000
vt 2.000000 1.500000
vt -1.125000 1.500000
vt -1.000000 1.375000
vt -1.125000 1.375000
vt 0.000000 0.500000
vt 1.000000 0.375000
vt 0.000000 0.375000
vt -1.125000 3.500000
vt -5.000000 4.500000
vt -5.000000 4.375000
vt -1.000000 0.375000
vt 2.000000 0.500000
vt -1.000000 0.500000
vt 1.000000 1.500000
vt 1.125000 1.375000
vt 1.000000 1.375000
vt -5.000000 4.375000
vt -5.000000 4.500000
vt -1.000000 3.500000
vt 0.250000 1.125000
vt 0.000000 1.000000
vt 0.250000 -1.000000
vt 0.250000 -1.000000
vt 0.000000 0.000000
vt 0.000000 -1.000000
vt 0.875000 -0.125000
vt 1.000000 0.000000
vt 0.000000 0.000000
vt 1.000000 -1.000000
vt 0.875000 0.000000
vt 0.875000 -1.000000
vt 0.000000 0.375000
vt 0.875000 0.375000
vt 0.875000 0.500000
vt 2.000000 1.500000
vt -2.000000 -0.500000
vt 2.000000 1.375000
vt -1.000000 -0.500000
vt -1.000000 -0.625000
vt 3.000000 1.375000
vt -5.000000 4.375000
vt -6.000000 4.375000
vt -6.000000 4.500000
vt -5.000000 4.500000
vt -1.125000 3.500000
vt -5.000000 4.375000
vt -1.125000 3.500000
vt -1.125000 3.375000
vt -5.000000 4.375000
vt -2.000000 0.500000
vt 1.250000 0.500000
vt 1.250000 0.375000
vt 3.000000 1.375000
vt -1.000000 -0.625000
vt -1.000000 -0.500000
vt -1.000000 0.500000
vt 2.250000 0.375000
vt -1.000000 0.375000
vt -1.125000 1.500000
vt -1.000000 1.500000
vt -1.000000 1.375000
vt 3.000000 1.375000
vt -1.000000 -0.625000
vt -1.000000 -0.500000
vt 0.000000 0.500000
vt 1.000000 0.500000
vt 1.000000 0.375000
vt 2.000000 1.375000
vt -2.000000 -0.500000
vt 2.000000 1.500000
vt -5.000000 4.375000
vt -1.125000 3.375000
vt -1.125000 3.500000
vt -1.125000 3.375000
vt -1.000000 3.375000
vt -1.125000 3.500000
vt -1.000000 3.375000
vt -1.000000 3.500000
vt -1.125000 3.500000
vt -5.000000 4.500000
vt -6.000000 4.500000
vt -6.000000 4.375000
vt -5.000000 4.500000
vt -6.000000 4.375000
vt -5.000000 4.375000
vt 2.000000 1.500000
vt -2.000000 -0.500000
vt 2.000000 1.375000
vt -1.000000 -0.500000
vt -1.000000 -0.625000
vt 3.000000 1.375000
vt -2.000000 0.375000
vt 1.000000 0.375000
vt 1.000000 0.500000
vt 1.000000 1.500000
vt 1.125000 1.500000
vt 1.125000 1.375000
vt -1.000000 3.500000
vt 1.000000 3.500000
vt 1.000000 3.375000
vt -5.000000 4.375000
vt -6.000000 4.375000
vt -6.000000 4.500000
vt -1.000000 3.500000
vt 1.000000 3.375000
vt -1.000000 3.375000
vt -5.000000 4.375000
vt -6.000000 4.500000
vt -5.000000 4.500000
vt -1.000000 3.500000
vt -1.000000 3.375000
vt -5.000000 4.375000
vt 1.250000 0.125000
vt -2.000000 0.125000
vt 1.000000 0.000000
vt -1.000000 0.125000
vt -1.000000 0.000000
vt 2.000000 0.000000
vt 0.000000 1.000000
vt 0.000000 -1.000000
vt 0.250000 -1.000000
vt 0.250000 -1.000000
vt 0.250000 0.000000
vt 0.000000 0.000000
vt 0.000000 0.000000
vt 0.000000 -0.125000
vt 0.875000 -0.125000
vt 0.875000 -0.125000
vt 1.000000 -0.125000
vt 1.000000 0.000000
vt 1.000000 -1.000000
vt 1.000000 0.000000
vt 0.875000 0.000000
vt 0.999996 -1.491177
vt 0.749997 2.980957
vt 0.749996 -1.491177
vt 0.249997 2.980959
vt -0.000004 -1.491175
vt 0.249996 -1.491175
vt 14.000000 -2.000000
vt 14.250000 -6.000000
vt 14.250000 -2.000000
vt 15.000000 -6.000000
vt 14.750000 -2.000000
vt 14.750000 -6.000000
vt 0.999996 -3.491177
vt 0.999997 0.980957
vt 0.749997 0.980957
vt 0.249997 0.980959
vt -0.000003 0.980959
vt -0.000004 -3.491175
vt 14.000000 -2.000000
vt 14.000000 -6.000000
vt 14.250000 -6.000000
vt 15.000000 -6.000000
vt 15.000000 -2.000000
vt 14.750000 -2.000000
vn 0.0000 1.0000 0.0000
vn 0.0000 0.9732 -0.2298
vn 0.1222 0.9925 -0.0000
vn 1.0000 0.0000 -0.0000
vn -1.0000 0.0000 0.0000
vn -0.0000 -0.0000 1.0000
vn -0.0000 0.0000 -1.0000
vn -0.9487 0.0000 -0.3162
vn 0.9487 0.0000 -0.3162
vn 0.2425 0.9701 0.0000
vn 0.0000 0.8944 -0.4472
vc 1.0000 1.0000 1.0000 1.0000
g Room2mesh_#Room2#_materials/insideredcarpetwithgoldtrimmings.vmat#SFX_D
usemtl materials/insideredcarpetwithgoldtrimmings.vmat
f 202/634/44 187/635/44 184/636/44
fc 8 8 8
f 222/637/44 189/638/44 187/639/44
fc 8 8 8
f 268/640/44 300/641/44 272/642/44
fc 8 8 8
f 208/643/44 221/644/45 245/645/44
fc 8 8 8
f 275/646/44 224/647/44 285/648/44
fc 8 8 8
f 219/649/45 208/650/44 239/651/44
fc 8 8 8
f 188/652/44 206/653/44 243/654/44
fc 8 8 8
f 222/655/44 235/656/44 206/657/44
fc 8 8 8
f 273/658/44 232/659/44 317/660/44
fc 8 8 8
f 219/661/45 203/662/45 266/663/45
fc 8 8 8
f 269/664/45 266/665/45 203/666/45
fc 8 8 8
f 283/667/46 309/668/46 267/669/46
fc 8 8 8
f 200/670/46 267/671/46 309/672/46
fc 8 8 8
f 205/673/44 309/674/46 280/675/44
fc 8 8 8
f 322/676/46 280/677/44 309/678/46
fc 8 8 8
f 273/679/44 274/680/45 268/681/44
fc 8 8 8
f 268/682/44 267/683/46 300/684/44
fc 8 8 8
f 300/685/44 267/686/46 301/687/46
fc 8 8 8
f 280/688/44 325/689/44 327/690/44
fc 8 8 8
f 205/691/44 327/692/44 228/693/44
fc 8 8 8
f 202/694/44 222/695/44 187/696/44
fc 8 8 8
f 222/697/44 188/698/44 189/699/44
fc 8 8 8
f 272/700/44 232/701/44 268/702/44
fc 8 8 8
f 232/703/44 273/704/44 268/705/44
fc 8 8 8
f 208/706/44 266/707/45 221/708/45
fc 8 8 8
f 285/709/44 293/710/44 275/711/44
fc 8 8 8
f 293/712/44 317/713/44 275/714/44
fc 8 8 8
f 219/715/45 266/716/45 208/717/44
fc 8 8 8
f 188/718/44 222/719/44 206/720/44
fc 8 8 8
f 222/721/44 202/722/44 235/723/44
fc 8 8 8
f 317/724/44 269/725/45 273/726/44
fc 8 8 8
f 269/727/45 203/728/45 273/729/44
fc 8 8 8
f 232/730/44 275/731/44 317/732/44
fc 8 8 8
f 219/733/45 274/734/45 203/735/45
fc 8 8 8
f 269/736/45 221/737/45 266/738/45
fc 8 8 8
f 283/739/46 322/740/46 309/741/46
fc 8 8 8
f 200/742/46 301/743/46 267/744/46
fc 8 8 8
f 205/745/44 200/746/46 309/747/46
fc 8 8 8
f 322/748/46 234/749/44 280/750/44
fc 8 8 8
f 273/751/44 203/752/45 274/753/45
fc 8 8 8
f 268/754/44 283/755/46 267/756/46
fc 8 8 8
f 301/757/46 224/758/44 300/759/44
fc 8 8 8
f 224/760/44 275/761/44 272/762/44
fc 8 8 8
f 224/763/44 272/764/44 300/765/44
fc 8 8 8
f 280/766/44 234/767/44 325/768/44
fc 8 8 8
f 205/769/44 280/770/44 327/771/44
fc 8 8 8
g Room2mesh_#Room2#_materials/insidewalls.vmat#SFX_2#WALLPROPERTY_NO_LEDGE_GRAB
usemtl materials/insidewalls.vmat
f 182/772/47 184/773/47 186/774/47
fc 8 8 8
f 188/775/48 190/776/48 189/777/48
fc 8 8 8
f 193/778/49 182/779/49 183/780/49
fc 8 8 8
f 218/781/50 207/782/50 192/783/50
fc 8 8 8
f 249/784/48 251/785/48 211/786/48
fc 8 8 8
f 214/787/47 193/788/47 207/789/47
fc 8 8 8
f 252/790/51 198/791/51 253/792/51
fc 8 8 8
f 216/793/50 255/794/50 256/795/50
fc 8 8 8
f 256/796/52 254/797/52 201/798/52
fc 8 8 8
f 250/799/49 328/800/49 332/801/49
fc 8 8 8
f 263/802/50 262/803/50 261/804/50
fc 8 8 8
f 292/805/48 229/806/48 286/807/48
fc 8 8 8
f 258/808/49 315/809/49 204/810/49
fc 8 8 8
f 271/811/50 292/812/50 295/813/50
fc 8 8 8
f 290/814/47 284/815/47 265/816/47
fc 8 8 8
f 236/817/49 238/818/49 191/819/49
fc 8 8 8
f 225/820/50 306/821/50 304/822/50
fc 8 8 8
f 311/823/47 298/824/47 305/825/47
fc 8 8 8
f 199/826/50 229/827/50 230/828/50
fc 8 8 8
f 302/829/48 303/830/48 307/831/48
fc 8 8 8
f 185/832/50 215/833/50 217/834/50
fc 8 8 8
f 246/835/50 330/836/50 247/837/50
fc 8 8 8
f 316/838/50 263/839/50 303/840/50
fc 8 8 8
f 326/841/50 228/842/50 323/843/50
fc 8 8 8
f 234/844/49 324/845/49 325/846/49
fc 8 8 8
f 182/847/47 202/848/47 184/849/47
fc 8 8 8
f 188/850/48 183/851/48 190/852/48
fc 8 8 8
f 210/853/49 195/854/49 183/855/49
fc 8 8 8
f 195/856/49 193/857/49 183/858/49
fc 8 8 8
f 193/859/49 213/860/49 182/861/49
fc 8 8 8
f 213/862/49 202/863/49 182/864/49
fc 8 8 8
f 183/865/49 188/866/49 210/867/49
fc 8 8 8
f 314/868/50 218/869/50 192/870/50
fc 8 8 8
f 218/871/50 196/872/50 207/873/50
fc 8 8 8
f 196/874/50 334/875/50 207/876/50
fc 8 8 8
f 192/877/50 211/878/50 314/879/50
fc 8 8 8
f 211/880/50 305/881/50 314/882/50
fc 8 8 8
f 195/883/48 210/884/48 250/885/48
fc 8 8 8
f 210/886/48 244/887/48 250/888/48
fc 8 8 8
f 211/889/48 192/890/48 249/891/48
fc 8 8 8
f 192/892/48 195/893/48 249/894/48
fc 8 8 8
f 251/895/48 246/896/48 211/897/48
fc 8 8 8
f 195/898/48 250/899/48 249/900/48
fc 8 8 8
f 230/901/47 240/902/47 185/903/47
fc 8 8 8
f 241/904/47 236/905/47 213/906/47
fc 8 8 8
f 212/907/47 230/908/47 185/909/47
fc 8 8 8
f 241/910/47 213/911/47 193/912/47
fc 8 8 8
f 212/913/47 185/914/47 193/915/47
fc 8 8 8
f 185/916/47 241/917/47 193/918/47
fc 8 8 8
f 234/919/47 315/920/47 319/921/47
fc 8 8 8
f 214/922/47 234/923/47 319/924/47
fc 8 8 8
f 319/925/47 212/926/47 214/927/47
fc 8 8 8
f 212/928/47 193/929/47 214/930/47
fc 8 8 8
f 207/931/47 334/932/47 326/933/47
fc 8 8 8
f 334/934/47 233/935/47 326/936/47
fc 8 8 8
f 233/937/47 220/938/47 205/939/47
fc 8 8 8
f 233/940/47 205/941/47 326/942/47
fc 8 8 8
f 326/943/47 214/944/47 207/945/47
fc 8 8 8
f 252/946/51 216/947/51 198/948/51
fc 8 8 8
f 216/949/50 252/950/50 255/951/50
fc 8 8 8
f 256/952/52 255/953/52 254/954/52
fc 8 8 8
f 250/955/49 244/956/49 328/957/49
fc 8 8 8
f 261/958/50 220/959/50 260/960/50
fc 8 8 8
f 260/961/50 264/962/50 261/963/50
fc 8 8 8
f 264/964/50 263/965/50 261/966/50
fc 8 8 8
f 231/967/48 229/968/48 292/969/48
fc 8 8 8
f 229/970/48 321/971/48 286/972/48
fc 8 8 8
f 204/973/49 281/974/49 288/975/49
fc 8 8 8
f 281/976/49 284/977/49 288/978/49
fc 8 8 8
f 284/979/49 289/980/49 288/981/49
fc 8 8 8
f 288/982/49 194/983/49 204/984/49
fc 8 8 8
f 194/985/49 258/986/49 204/987/49
fc 8 8 8
f 271/988/50 231/989/50 292/990/50
fc 8 8 8
f 265/991/47 271/992/47 295/993/47
fc 8 8 8
f 290/994/47 289/995/47 284/996/47
fc 8 8 8
f 265/997/47 295/998/47 290/999/47
fc 8 8 8
f 236/1000/49 241/1001/49 238/1002/49
fc 8 8 8
f 225/1003/50 270/1004/50 306/1005/50
fc 8 8 8
f 305/1006/47 225/1007/47 311/1008/47
fc 8 8 8
f 225/1009/47 304/1010/47 311/1011/47
fc 8 8 8
f 230/1012/50 209/1013/50 199/1014/50
fc 8 8 8
f 199/1015/50 321/1016/50 229/1017/50
fc 8 8 8
f 302/1018/48 316/1019/48 303/1020/48
fc 8 8 8
f 307/1021/48 306/1022/48 302/1023/48
fc 8 8 8
f 306/1024/48 270/1025/48 302/1026/48
fc 8 8 8
f 185/1027/50 240/1028/50 215/1029/50
fc 8 8 8
f 246/1030/50 249/1031/50 330/1032/50
fc 8 8 8
f 316/1033/50 308/1034/50 263/1035/50
fc 8 8 8
f 326/1036/50 205/1037/50 228/1038/50
fc 8 8 8
f 234/1039/49 214/1040/49 324/1041/49
fc 8 8 8
g Room2mesh_#Room2#_materials/insideredcarpetcenter.vmat#SFX_D
usemtl materials/insideredcarpetcenter.vmat
f 272/1042/44 275/1043/44 232/1044/44
fc 8 8 8
f 253/1045/44 255/1046/44 252/1047/44
fc 8 8 8
f 206/1048/44 237/1049/44 208/1050/44
fc 8 8 8
f 253/1051/44 254/1052/44 255/1053/44
fc 8 8 8
f 208/1054/44 245/1055/44 248/1056/44
fc 8 8 8
f 248/1057/44 243/1058/44 206/1059/44
fc 8 8 8
f 206/1060/44 235/1061/44 237/1062/44
fc 8 8 8
f 237/1063/44 239/1064/44 208/1065/44
fc 8 8 8
f 208/1066/44 248/1067/44 206/1068/44
fc 8 8 8
g Room2mesh_#Room2#_materials/hookshotgrip.vmat#SFX_2#Hookshot
usemtl materials/hookshotgrip.vmat
f 223/1069/50 318/1070/50 227/1071/50
fc 8 8 8
f 223/1072/50 259/1073/50 318/1074/50
fc 8 8 8
g Room2mesh_#Room2#_materials/insidecheckerboardflooring.vmat#SFX_2
usemtl materials/insidecheckerboardflooring.vmat
f 316/1075/44 293/1076/44 285/1077/44
fc 8 8 8
f 210/1078/44 243/1079/44 244/1080/44
fc 8 8 8
f 231/1081/44 239/1082/44 240/1083/44
fc 8 8 8
f 235/1084/44 213/1085/44 236/1086/44
fc 8 8 8
f 225/1087/44 211/1088/44 246/1089/44
fc 8 8 8
f 220/1090/44 200/1091/46 205/1092/44
fc 8 8 8
f 204/1093/46 234/1094/44 322/1095/46
fc 8 8 8
f 265/1096/45 268/1097/44 274/1098/45
fc 8 8 8
f 224/1099/44 301/1100/46 262/1101/44
fc 8 8 8
f 316/1102/44 302/1103/45 317/1104/44
fc 8 8 8
f 302/1105/45 269/1106/45 317/1107/44
fc 8 8 8
f 224/1108/44 262/1109/44 316/1110/44
fc 8 8 8
f 285/1111/44 224/1112/44 316/1113/44
fc 8 8 8
f 316/1114/44 317/1115/44 293/1116/44
fc 8 8 8
f 210/1117/44 188/1118/44 243/1119/44
fc 8 8 8
f 240/1120/44 230/1121/44 231/1122/44
fc 8 8 8
f 230/1123/44 229/1124/44 231/1125/44
fc 8 8 8
f 231/1126/44 219/1127/45 239/1128/44
fc 8 8 8
f 235/1129/44 202/1130/44 213/1131/44
fc 8 8 8
f 246/1132/44 245/1133/44 225/1134/44
fc 8 8 8
f 245/1135/44 221/1136/45 225/1137/44
fc 8 8 8
f 225/1138/44 305/1139/44 211/1140/44
fc 8 8 8
f 220/1141/44 261/1142/46 200/1143/46
fc 8 8 8
f 204/1144/46 315/1145/44 234/1146/44
fc 8 8 8
f 265/1147/45 283/1148/46 268/1149/44
fc 8 8 8
g Room2mesh_#Room2#_materials/insidebluecarpetwithgoldtrimmings.vmat#SFX_D
usemtl materials/insidebluecarpetwithgoldtrimmings.vmat
f 235/1150/44 197/1151/44 237/1152/44
fc 8 8 8
f 237/1153/44 240/1154/44 239/1155/44
fc 8 8 8
f 240/1156/44 242/1157/44 215/1158/44
fc 8 8 8
f 197/1159/44 191/1160/44 242/1161/44
fc 8 8 8
f 235/1162/44 236/1163/44 197/1164/44
fc 8 8 8
f 237/1165/44 197/1166/44 240/1167/44
fc 8 8 8
f 240/1168/44 197/1169/44 242/1170/44
fc 8 8 8
f 197/1171/44 236/1172/44 191/1173/44
fc 8 8 8
g Room2mesh_#Room2#_materials/insidepurplecarpet.vmat#SFX_D
usemtl materials/insidepurplecarpet.vmat
f 245/1174/44 329/1175/44 248/1176/44
fc 8 8 8
f 244/1177/44 248/1178/44 329/1179/44
fc 8 8 8
f 328/1180/44 329/1181/44 331/1182/44
fc 8 8 8
f 331/1183/44 246/1184/44 247/1185/44
fc 8 8 8
f 245/1186/44 246/1187/44 329/1188/44
fc 8 8 8
f 244/1189/44 243/1190/44 248/1191/44
fc 8 8 8
f 328/1192/44 244/1193/44 329/1194/44
fc 8 8 8
f 331/1195/44 329/1196/44 246/1197/44
fc 8 8 8
g Room2mesh_#Room2#_materials/insidebanister.vmat#SFX_2#WALLPROPERTY_NO_LEDGE_GRAB#Steep
usemtl materials/insidebanister.vmat
f 286/1198/48 282/1199/48 276/1200/48
fc 8 8 8
f 199/1201/50 212/1202/50 287/1203/50
fc 8 8 8
f 311/1204/47 299/1205/47 310/1206/47
fc 8 8 8
f 291/1207/50 295/1208/50 292/1209/50
fc 8 8 8
f 279/1210/47 289/1211/47 290/1212/47
fc 8 8 8
f 277/1213/49 320/1214/49 194/1215/49
fc 8 8 8
f 307/1216/48 226/1217/48 297/1218/48
fc 8 8 8
f 296/1219/50 304/1220/50 306/1221/50
fc 8 8 8
f 264/1222/50 257/1223/50 312/1224/50
fc 8 8 8
f 335/1225/44 226/1226/44 218/1227/44
fc 8 8 8
f 334/1228/44 257/1229/44 336/1230/44
fc 8 8 8
f 282/1231/44 278/1232/44 279/1233/44
fc 8 8 8
f 333/1234/44 287/1235/44 313/1236/44
fc 8 8 8
f 286/1237/48 321/1238/48 282/1239/48
fc 8 8 8
f 276/1240/48 291/1241/48 286/1242/48
fc 8 8 8
f 291/1243/48 292/1244/48 286/1245/48
fc 8 8 8
f 199/1246/50 209/1247/50 212/1248/50
fc 8 8 8
f 287/1249/50 282/1250/50 199/1251/50
fc 8 8 8
f 282/1252/50 321/1253/50 199/1254/50
fc 8 8 8
f 310/1255/47 314/1256/47 298/1257/47
fc 8 8 8
f 311/1258/47 304/1259/47 299/1260/47
fc 8 8 8
f 310/1261/47 298/1262/47 311/1263/47
fc 8 8 8
f 291/1264/50 294/1265/50 295/1266/50
fc 8 8 8
f 290/1267/47 295/1268/47 294/1269/47
fc 8 8 8
f 279/1270/47 278/1271/47 289/1272/47
fc 8 8 8
f 290/1273/47 294/1274/47 279/1275/47
fc 8 8 8
f 194/1276/49 288/1277/49 277/1278/49
fc 8 8 8
f 288/1279/49 289/1280/49 277/1281/49
fc 8 8 8
f 289/1282/49 278/1283/49 277/1284/49
fc 8 8 8
f 320/1285/49 319/1286/49 258/1287/49
fc 8 8 8
f 320/1288/49 258/1289/49 194/1290/49
fc 8 8 8
f 297/1291/48 296/1292/48 307/1293/48
fc 8 8 8
f 296/1294/48 306/1295/48 307/1296/48
fc 8 8 8
f 307/1297/48 303/1298/48 226/1299/48
fc 8 8 8
f 296/1300/50 299/1301/50 304/1302/50
fc 8 8 8
f 312/1303/50 226/1304/50 303/1305/50
fc 8 8 8
f 264/1306/50 260/1307/50 233/1308/50
fc 8 8 8
f 312/1309/50 303/1310/50 263/1311/50
fc 8 8 8
f 264/1312/50 233/1313/50 257/1314/50
fc 8 8 8
f 312/1315/50 263/1316/50 264/1317/50
fc 8 8 8
f 335/1318/44 310/1319/44 226/1320/44
fc 8 8 8
f 310/1321/44 297/1322/44 226/1323/44
fc 8 8 8
f 226/1324/44 312/1325/44 218/1326/44
fc 8 8 8
f 334/1327/44 196/1328/44 257/1329/44
fc 8 8 8
f 279/1330/44 276/1331/44 282/1332/44
fc 8 8 8
f 282/1333/44 277/1334/44 278/1335/44
fc 8 8 8
f 333/1336/44 320/1337/44 287/1338/44
fc 8 8 8
g Room2mesh_#Room2#_materials/courtyardstairs.vmat#SFX_2
usemtl materials/courtyardstairs.vmat
f 302/1339/45 221/1340/45 269/1341/45
fc 8 8 8
f 219/1342/45 265/1343/45 274/1344/45
fc 8 8 8
f 284/1345/53 322/1346/46 283/1347/46
fc 8 8 8
f 261/1348/46 301/1349/46 200/1350/46
fc 8 8 8
f 302/1351/45 270/1352/54 221/1353/45
fc 8 8 8
f 219/1354/45 271/1355/54 265/1356/45
fc 8 8 8
f 284/1357/53 204/1358/46 322/1359/46
fc 8 8 8
f 261/1360/46 308/1361/53 301/1362/46
fc 8 8 8
g Room2mesh1_#Room2#
v 208.482758 307.368256 1840.482422
v 236.482758 303.368256 1832.482422
v 212.482758 303.368256 1832.482422
v 208.482758 275.368256 1840.482422
v 240.482758 307.368256 1840.482422
v 212.482758 279.368256 1832.482422
v 240.482758 275.368256 1840.482422
v 236.482758 279.368256 1832.482422
v 32.482712 159.368271 1176.482422
v -31.517303 159.368271 1176.482422
v -383.517303 447.368286 1192.482666
v -383.517242 447.368286 1848.482544
v -31.517303 159.368271 1192.482422
v 32.482712 159.368271 1192.482422
v 384.482727 447.368256 1192.482544
v 384.482758 447.368256 1848.482544
v -399.517303 159.368286 1320.482422
v -383.517303 159.368286 1320.482422
v -399.517303 159.368286 1256.482422
v -383.517303 159.368286 1256.482422
v -383.517242 351.368286 1736.482422
v -399.517242 351.368286 1736.482422
v -383.517242 351.368286 1800.482422
v -399.517242 351.368286 1800.482422
v 384.482727 159.368256 1320.482422
v 400.482727 159.368240 1320.482422
v 400.482727 159.368240 1256.482422
v 384.482727 159.368256 1256.482422
vt 1.061642 1.061644
vt 0.795731 0.843893
vt 0.795731 1.030536
vt 1.061333 0.812785
vt 0.798161 1.030265
vt 0.798161 0.843854
vt 1.061329 1.061333
vt 0.810661 0.844333
vt 1.061329 0.813333
vt 0.813333 -0.186668
vt 1.015375 0.062004
vt 0.828875 0.062004
vt 1.061642 1.061644
vt 1.061642 0.812785
vt 0.795731 0.843893
vt 1.061333 0.812785
vt 1.061333 1.061333
vt 0.798161 1.030265
vt 1.061329 1.061333
vt 0.810661 1.030334
vt 0.810661 0.844333
vt 0.813333 -0.186668
vt 1.062000 -0.186668
vt 1.015375 0.062004
vt 1.000000 -0.600000
vt 0.800000 -1.400000
vt 0.800000 -0.600000
vt -4.999996 -3.800000
vt 3.200005 5.800000
vt 3.200005 -3.800000
vt -0.199999 -0.800000
vt 0.600000 -1.000000
vt -0.199999 -1.000000
vt -0.199999 -0.800000
vt 0.600000 -1.000000
vt -0.199999 -1.000000
vt 0.600000 0.800000
vt -0.199999 1.000000
vt 0.600000 1.000000
vt 1.000000 0.400000
vt 1.000000 -0.400000
vt 0.800000 -0.400000
vt -1.999996 -5.800000
vt -1.999996 3.800000
vt 6.200005 3.800000
vt -0.199999 -0.800000
vt 0.600000 -0.800000
vt 0.600000 -1.000000
vt -0.199999 -0.800000
vt 0.600000 -0.800000
vt 0.600000 -1.000000
vt 0.600000 0.800000
vt -0.199999 0.800000
vt -0.199999 1.000000
vn 0.8944 0.0000 -0.4472
vn -0.8944 0.0000 -0.4472
vn 0.0000 0.8944 -0.4472
vn 0.0000 -0.8944 -0.4472
vn 0.0000 -1.0000 0.0000
vc 1.0000 1.0000 1.0000 1.0000
g Room2mesh1_#Room2#_materials/hookshotgrip.vmat.001#NoCollision
usemtl materials/hookshotgrip.vmat.001
f 341/1363/55 344/1364/55 338/1365/55
fc 9 9 9
f 340/1366/56 339/1367/56 342/1368/56
fc 9 9 9
f 341/1369/57 339/1370/57 337/1371/57
fc 9 9 9
f 343/1372/58 342/1373/58 344/1374/58
fc 9 9 9
f 341/1375/55 343/1376/55 344/1377/55
fc 9 9 9
f 340/1378/56 337/1379/56 339/1380/56
fc 9 9 9
f 341/1381/57 338/1382/57 339/1383/57
fc 9 9 9
f 343/1384/58 340/1385/58 342/1386/58
fc 9 9 9
g Room2mesh1_#Room2#_materials/courtyardpillars.vmat.001#NoCollision
usemtl materials/courtyardpillars.vmat.001
f 350/1387/59 346/1388/59 345/1389/59
fc 9 9 9
f 347/1390/59 352/1391/59 348/1392/59
fc 9 9 9
f 356/1393/59 353/1394/59 355/1395/59
fc 9 9 9
f 357/1396/59 360/1397/59 358/1398/59
fc 9 9 9
f 361/1399/59 363/1400/59 362/1401/59
fc 9 9 9
f 350/1402/59 349/1403/59 346/1404/59
fc 9 9 9
f 347/1405/59 351/1406/59 352/1407/59
fc 9 9 9
f 356/1408/59 354/1409/59 353/1410/59
fc 9 9 9
f 357/1411/59 359/1412/59 360/1413/59
fc 9 9 9
f 361/1414/59 364/1415/59 363/1416/59
fc 9 9 9
g Room2mesh2_#Room2#
v -71.517258 223.368256 1640.482178
v -319.517273 287.368256 1704.482178
v -63.517281 95.368248 1384.482178
v -63.517258 223.368256 1848.482178
v -71.517250 223.368256 1704.482178
v -63.517258 223.368256 1640.482178
v -71.517281 95.368256 1384.482178
v 72.482742 223.368240 1640.482178
v -71.517250 223.368256 1696.482178
v -63.517242 223.368256 1832.482178
v 72.482727 95.368248 1384.482178
v -319.517242 287.368256 1832.482178
v -319.517273 287.368256 1696.482178
v 64.482742 223.368240 1640.482178
v -319.517242 287.368256 1848.482300
v 64.482727 95.368248 1384.482178
vt 3.714779 0.000000
vt -0.757355 0.125000
vt -0.757355 0.000000
vt 1.000000 -1.965837
vt 0.875000 2.036115
vt 0.875000 -1.965837
vt 0.250000 2.180982
vt 0.000000 -1.942122
vt 0.250000 -1.942122
vt 3.714779 -0.125000
vt -0.757355 0.000000
vt -0.757355 -0.125000
vt 1.714779 0.000000
vt 1.714779 0.125000
vt -2.757355 0.125000
vt 1.000000 -2.965837
vt 1.000000 1.036115
vt 0.875000 1.036115
vt 0.250000 1.180982
vt 0.000000 1.180983
vt 0.000000 -2.942122
vt 1.714779 -0.125000
vt 1.714779 0.000000
vt -2.757355 0.000000
vn 0.0000 0.8944 -0.4472
vn 0.2499 0.9683 0.0000
vn 0.2425 0.9701 0.0000
vc 1.0000 1.0000 1.0000 1.0000
g Room2mesh2_#Room2#_materials/insidebanister.vmat.001#SFX_2#Steep
usemtl materials/insidebanister.vmat.001
f 378/1417/60 375/1418/60 380/1419/60
fc 10 10 10
f 366/1420/61 373/1421/61 377/1422/61
fc 10 10 10
f 368/1423/62 376/1424/62 379/1425/62
fc 10 10 10
f 365/1426/60 367/1427/60 371/1428/60
fc 10 10 10
f 378/1429/60 372/1430/60 375/1431/60
fc 10 10 10
f 366/1432/61 369/1433/61 373/1434/61
fc 10 10 10
f 368/1435/62 374/1436/62 376/1437/62
fc 10 10 10
f 365/1438/60 370/1439/60 367/1440/60
fc 10 10 10
g Room3mesh_#Room3#
v 672.482727 159.368256 1000.482361
v 640.482727 63.368263 1000.482361
v 608.482727 159.368256 1000.482361
v 672.482727 159.368256 984.482361
v 736.482727 63.368259 1288.482422
v 640.482727 63.368263 984.482361
v 608.482727 159.368256 984.482361
v 672.482727 63.368263 1000.482361
v 672.482727 63.368263 984.482361
v 608.482727 63.368263 984.482361
v 400.482727 159.368271 1256.482422
v 400.482727 63.368275 1288.482422
v 400.482758 159.368271 1320.482422
v 416.482727 159.368271 1256.482422
v 400.482758 63.368275 1320.482422
v 416.482727 63.368275 1288.482422
v 416.482758 159.368271 1320.482422
v 400.482727 63.368275 1256.482422
v 672.482727 63.368263 1288.482422
v 672.482727 63.368263 1256.482422
v 416.482727 255.368286 1192.482422
v 416.482758 255.368286 1384.482422
v 640.482727 63.368263 1256.482422
v 736.482727 63.368259 1320.482422
v 736.482727 255.368256 1000.482361
v 736.482788 63.368259 1384.482422
v 416.482758 63.368275 1384.482422
v 416.482727 63.368275 1192.482422
v 640.482727 63.368263 1288.482422
v 416.482758 63.368275 1320.482422
v 416.482727 63.368275 1256.482422
v 608.482727 63.368263 1256.482422
v 572.482727 63.368267 1000.482361
v 572.482727 255.368256 1000.482361
v 736.482788 255.368256 1384.482422
v 736.482727 63.368259 1000.482361
v 608.482727 63.368263 1000.482361
v 608.482727 63.368263 1288.482422
v 736.482727 63.368259 1256.482422
v 752.482727 159.368256 1256.482422
v 752.482727 159.368256 1320.482422
v 752.482727 63.368259 1256.482422
v 752.482727 63.368259 1288.482422
v 736.482727 159.368256 1320.482422
v 752.482727 63.368259 1320.482422
v 736.482727 159.368256 1256.482422
vt -0.499982 -1.000000
vt -0.999982 -0.500000
vt -0.499982 -0.500000
vt -0.000004 0.999996
vt 0.499996 0.499996
vt -0.000004 0.499996
vt -0.999998 -1.000018
vt -0.499998 -0.500018
vt -0.999998 -0.500018
vt 0.500000 1.000000
vt 0.000000 0.500000
vt 0.500000 0.500000
vt -0.472759 0.270334
vt 0.210253 -0.095694
vt -0.039747 0.770334
vt -0.499994 -0.000021
vt -0.499996 0.999979
vt -0.999994 -3.000021
vt 0.500000 2.000000
vt 0.000000 0.000000
vt 0.500000 0.000000
vt 0.000000 -4.000000
vt 0.500000 2.000000
vt 0.000000 2.000000
vt -0.999986 5.000015
vt -0.499989 -2.999985
vt -0.999989 -2.999985
vt 0.295896 0.398190
vt 0.478907 -0.967842
vt 0.045896 -0.467838
vt 0.499995 -5.000004
vt -0.000004 2.999996
vt 0.499996 2.999996
vt 0.000000 0.000000
vt 0.500000 0.500000
vt 0.000000 0.500000
vt -0.499994 -0.000021
vt -0.999994 -0.500021
vt -0.499994 -0.500021
vt -0.499982 -1.000000
vt -0.999982 -1.000000
vt -0.999982 -0.500000
vt -0.000004 0.999996
vt 0.499996 0.999996
vt 0.499996 0.499996
vt -0.999998 -1.000018
vt -0.499998 -1.000018
vt -0.499998 -0.500018
vt 0.500000 1.000000
vt 0.000000 1.000000
vt 0.000000 0.500000
vt -0.472759 1.270334
vt -0.222759 0.404306
vt 0.210253 0.904306
vt -0.499996 -4.000021
vt -0.499996 1.999979
vt -0.999996 1.999978
vt -0.999996 4.999978
vt -0.999994 -5.000021
vt -0.499996 -1.000021
vt -0.999994 -1.000021
vt -0.499994 -1.000021
vt -0.499994 0.999979
vt -0.999994 -2.000021
vt -0.499994 -0.000021
vt -0.499994 0.999979
vt 0.500000 1.000000
vt 0.000000 1.000000
vt 0.000000 -1.000000
vt 0.000000 -2.000000
vt 0.500000 -2.000000
vt 0.500000 4.000000
vt -0.999986 2.000015
vt -0.499986 2.000015
vt -0.499989 -5.999985
vt 0.295896 0.398190
vt 0.728907 -0.101810
vt 0.478907 -0.967842
vt 0.499995 -2.000004
vt -0.000005 -2.000004
vt -0.000004 5.999996
vt 0.000000 0.000000
vt 0.500000 0.000000
vt 0.500000 0.500000
vt -0.499994 -0.000021
vt -0.999994 -0.000021
vt -0.999994 -0.500021
vt 1.000000 -1.000000
vt -0.000000 -0.368000
vt -0.000000 -1.000000
vt -1.000000 0.631458
vt 0.000000 -0.000542
vt 0.000000 0.631458
vt 6.500000 0.252604
vt 6.250000 0.002604
vt 6.250000 0.252604
vt 6.500000 0.002604
vt 6.250000 0.252604
vt 6.250000 0.002604
vt -8.666666 0.005208
vt 4.666668 1.005208
vt 4.666668 0.005208
vt 6.845287 0.005208
vt -3.462477 1.005208
vt -3.462477 0.005208
vt 3.666670 1.005208
vt -3.166664 1.005208
vt 1.000004 0.505208
vt -2.666664 1.005208
vt 5.333336 1.005208
vt 0.000000 0.505208
vt 3.333336 1.005208
vt -2.000000 0.505208
vt 0.666668 0.505208
vt -0.333332 0.005208
vt 0.333334 0.505208
vt 0.333334 0.005208
vt -0.333332 0.505208
vt 0.333334 0.005208
vt 0.333334 0.505208
vt 1.000000 -1.000000
vt 1.000000 -0.368000
vt -0.000000 -0.368000
vt -1.000000 0.631458
vt -1.000000 -0.000542
vt 0.000000 -0.000542
vt 6.500000 0.252604
vt 6.500000 0.002604
vt 6.250000 0.002604
vt 6.500000 0.002604
vt 6.500000 0.252604
vt 6.250000 0.252604
vt -3.666666 0.005208
vt -3.666666 1.005208
vt 9.666668 1.005208
vt 2.845287 0.005208
vt 2.845287 1.005208
vt -7.462477 1.005208
vt -0.166664 1.005208
vt -0.166664 0.005208
vt 1.333336 0.505208
vt -0.166664 0.005208
vt 1.333336 0.005208
vt 1.333336 0.505208
vt 0.000004 0.005208
vt 2.666670 0.005208
vt 0.000004 0.505208
vt 1.666670 0.005208
vt 1.666670 1.005208
vt -0.999996 0.505208
vt -1.166664 1.005208
vt 0.333336 0.505208
vt 3.000004 0.505208
vt 1.333336 1.005208
vt 1.333336 0.005208
vt -1.333332 0.505208
vt 2.333336 0.005208
vt -0.333332 0.005208
vt -0.333332 0.505208
vt 1.000000 0.005208
vt -1.666664 0.005208
vt 1.000000 0.505208
vt -0.666664 0.005208
vt -0.666664 1.005208
vt 2.000000 0.505208
vt 3.333336 1.005208
vt 0.666668 0.505208
vt -2.000000 0.505208
vt 7.333336 1.005208
vt -8.666664 1.005208
vt 2.000000 0.505208
vt -2.666664 1.005208
vt -2.666664 0.005208
vt 8.000000 0.505208
vt -6.666664 0.005208
vt 4.000000 0.005208
vt 4.000000 0.505208
vt -0.333332 0.505208
vt -0.333332 0.005208
vt 2.333336 0.005208
vt -1.333332 0.505208
vt 1.333336 0.005208
vt 1.333336 1.005208
vt 0.666668 0.005208
vt 0.666668 0.505208
vt 1.333334 0.505208
vt 0.666668 0.505208
vt 0.666668 0.005208
vt 1.333334 0.005208
vt 11.500000 3.250000
vt 11.000000 5.750000
vt 11.000000 3.250000
vt 10.500000 5.750000
vt 8.500000 5.250000
vt 10.500000 5.250000
vt 10.000000 3.250000
vt 10.500000 3.250000
vt 10.500000 4.750000
vt 11.500000 3.250000
vt 11.500000 5.750000
vt 11.000000 5.750000
vt 10.500000 5.750000
vt 8.500000 5.750000
vt 8.500000 5.250000
vt 10.500000 4.750000
vt 8.500000 4.750000
vt 8.500000 4.468750
vt 8.500000 4.468750
vt 10.000000 3.250000
vt 10.500000 4.750000
vn 0.0000 1.0000 0.0000
vn -1.0000 0.0000 0.0000
vn 1.0000 0.0000 0.0000
vn 0.0000 0.0000 -1.0000
vn 0.0000 0.0000 1.0000
vn 0.7761 0.0000 0.6306
vn 0.9424 -0.0000 0.3346
vc 1.0000 1.0000 1.0000 1.0000
g Room3mesh_#Room3#_materials/insidepurplecarpet.vmat#SFX_D
usemtl materials/insidepurplecarpet.vmat
f 382/1441/63 389/1442/63 386/1443/63
fc 11 11 11
f 417/1444/63 386/1445/63 390/1446/63
fc 11 11 11
f 410/1447/63 392/1448/63 395/1449/63
fc 11 11 11
f 396/1450/63 398/1451/63 392/1452/63
fc 11 11 11
f 409/1453/63 412/1454/63 418/1455/63
fc 11 11 11
f 409/1456/63 418/1457/63 404/1458/63
fc 11 11 11
f 385/1459/63 400/1460/63 399/1461/63
fc 11 11 11
f 411/1462/63 418/1463/63 412/1464/63
fc 11 11 11
f 388/1465/63 403/1466/63 400/1467/63
fc 11 11 11
f 403/1468/63 399/1469/63 400/1470/63
fc 11 11 11
f 382/1471/63 412/1472/63 403/1473/63
fc 11 11 11
f 419/1474/63 423/1475/63 422/1476/63
fc 11 11 11
f 385/1477/63 425/1478/63 423/1479/63
fc 11 11 11
f 382/1480/63 388/1481/63 389/1482/63
fc 11 11 11
f 417/1483/63 382/1484/63 386/1485/63
fc 11 11 11
f 410/1486/63 396/1487/63 392/1488/63
fc 11 11 11
f 396/1489/63 411/1490/63 398/1491/63
fc 11 11 11
f 409/1492/63 403/1493/63 412/1494/63
fc 11 11 11
f 418/1495/63 396/1496/63 410/1497/63
fc 11 11 11
f 410/1498/63 404/1499/63 418/1500/63
fc 11 11 11
f 404/1501/63 385/1502/63 399/1503/63
fc 11 11 11
f 404/1504/63 399/1505/63 409/1506/63
fc 11 11 11
f 385/1507/63 419/1508/63 400/1509/63
fc 11 11 11
f 411/1510/63 396/1511/63 418/1512/63
fc 11 11 11
f 388/1513/63 382/1514/63 403/1515/63
fc 11 11 11
f 403/1516/63 409/1517/63 399/1518/63
fc 11 11 11
f 382/1519/63 417/1520/63 412/1521/63
fc 11 11 11
f 419/1522/63 385/1523/63 423/1524/63
fc 11 11 11
f 385/1525/63 404/1526/63 425/1527/63
fc 11 11 11
g Room3mesh_#Room3#_materials/insidewalls.vmat#SFX_2#WALLPROPERTY_NO_LEDGE_GRAB
usemtl materials/insidewalls.vmat
f 388/1528/64 384/1529/64 389/1530/64
fc 11 11 11
f 383/1531/65 390/1532/65 387/1533/65
fc 11 11 11
f 397/1534/66 395/1535/66 393/1536/66
fc 11 11 11
f 411/1537/67 391/1538/67 398/1539/67
fc 11 11 11
f 407/1540/66 415/1541/66 406/1542/66
fc 11 11 11
f 413/1543/68 401/1544/69 408/1545/69
fc 11 11 11
f 405/1546/67 414/1547/67 381/1548/67
fc 11 11 11
f 401/1549/69 402/1550/65 394/1551/65
fc 11 11 11
f 415/1552/64 426/1553/64 424/1554/64
fc 11 11 11
f 404/1555/66 421/1556/66 425/1557/66
fc 11 11 11
f 426/1558/67 422/1559/67 420/1560/67
fc 11 11 11
f 388/1561/64 381/1562/64 384/1563/64
fc 11 11 11
f 383/1564/65 417/1565/65 390/1566/65
fc 11 11 11
f 397/1567/66 410/1568/66 395/1569/66
fc 11 11 11
f 411/1570/67 394/1571/67 391/1572/67
fc 11 11 11
f 407/1573/66 402/1574/66 415/1575/66
fc 11 11 11
f 413/1576/68 414/1577/68 401/1578/69
fc 11 11 11
f 414/1579/67 413/1580/67 383/1581/67
fc 11 11 11
f 413/1582/67 417/1583/67 383/1584/67
fc 11 11 11
f 388/1585/67 416/1586/67 381/1587/67
fc 11 11 11
f 416/1588/67 405/1589/67 381/1590/67
fc 11 11 11
f 414/1591/67 383/1592/67 381/1593/67
fc 11 11 11
f 402/1594/65 407/1595/65 397/1596/65
fc 11 11 11
f 407/1597/65 410/1598/65 397/1599/65
fc 11 11 11
f 411/1600/65 408/1601/69 394/1602/65
fc 11 11 11
f 408/1603/69 401/1604/69 394/1605/65
fc 11 11 11
f 402/1606/65 397/1607/65 394/1608/65
fc 11 11 11
f 415/1609/64 405/1610/64 426/1611/64
fc 11 11 11
f 405/1612/64 416/1613/64 426/1614/64
fc 11 11 11
f 416/1615/64 419/1616/64 426/1617/64
fc 11 11 11
f 424/1618/64 404/1619/64 406/1620/64
fc 11 11 11
f 424/1621/64 406/1622/64 415/1623/64
fc 11 11 11
f 404/1624/66 424/1625/66 421/1626/66
fc 11 11 11
f 426/1627/67 419/1628/67 422/1629/67
fc 11 11 11
g Room3mesh_#Room3#_materials/insidecheckerboardflooring.vmat#SFX_2
usemtl materials/insidecheckerboardflooring.vmat
f 407/1630/63 404/1631/63 410/1632/63
fc 11 11 11
f 419/1633/63 388/1634/63 400/1635/63
fc 11 11 11
f 408/1636/63 411/1637/63 412/1638/63
fc 11 11 11
f 407/1639/63 406/1640/63 404/1641/63
fc 11 11 11
f 419/1642/63 416/1643/63 388/1644/63
fc 11 11 11
f 412/1645/63 417/1646/63 413/1647/63
fc 11 11 11
f 413/1648/63 408/1649/63 412/1650/63
fc 11 11 11
g Room3mesh1_#Room3#
v 736.482666 159.368256 1320.482178
v 736.482666 159.368256 1256.482178
v 752.482666 159.368256 1320.482178
v 752.482666 159.368256 1256.482178
v 572.482666 255.368256 1000.482178
v 416.482666 159.368271 1320.482178
v 736.482666 255.368256 1000.482178
v 416.482666 255.368271 1384.482178
v 416.482666 255.368271 1192.482178
v 400.482666 159.368271 1320.482178
v 400.482666 159.368271 1256.482178
v 736.482666 255.368256 1384.482178
v 416.482666 159.368271 1256.482178
v 672.482666 159.368256 984.482178
v 672.482666 159.368256 1000.482178
v 608.482666 159.368256 1000.482178
v 608.482666 159.368256 984.482178
vt 0.600000 0.200000
vt -0.199999 0.400000
vt 0.600000 0.400000
vt -1.400001 0.150000
vt 3.400000 2.200000
vt 0.999999 -1.800000
vt -0.199999 0.200000
vt 0.600000 0.000000
vt -0.199999 0.000000
vt 13.600004 8.400002
vt 13.400004 7.600001
vt 13.400004 8.400002
vt 0.600000 0.200000
vt -0.199999 0.200000
vt -0.199999 0.400000
vt -1.400001 1.200000
vt 3.400000 1.200000
vt -1.400001 -0.850000
vt 1.400000 3.200000
vt 1.400000 -0.800000
vt -1.000001 -0.800000
vt -0.199999 0.200000
vt 0.600000 0.200000
vt 0.600000 0.000000
vt 13.600004 8.400002
vt 13.600004 7.600001
vt 13.400004 7.600001
vn 0.0000 -1.0000 0.0000
vc 1.0000 1.0000 1.0000 1.0000
g Room3mesh1_#Room3#_materials/courtyardpillars.vmat.001#NoCollision
usemtl materials/courtyardpillars.vmat.001
f 427/1651/70 430/1652/70 429/1653/70
fc 12 12 12
f 431/1654/70 438/1655/70 435/1656/70
fc 12 12 12
f 439/1657/70 436/1658/70 437/1659/70
fc 12 12 12
f 441/1660/70 443/1661/70 440/1662/70
fc 12 12 12
f 427/1663/70 428/1664/70 430/1665/70
fc 12 12 12
f 433/1666/70 438/1667/70 431/1668/70
fc 12 12 12
f 438/1669/70 434/1670/70 435/1671/70
fc 12 12 12
f 439/1672/70 432/1673/70 436/1674/70
fc 12 12 12
f 441/1675/70 442/1676/70 443/1677/70
fc 12 12 12
g Room4mesh_#Room4#
v 608.482666 159.368240 984.482178
v 640.482666 63.368248 984.482178
v 672.482666 63.368240 984.482178
v 608.482666 159.368240 968.482178
v 672.482666 159.368240 984.482178
v 640.482666 63.368248 968.482178
v 672.482666 159.368240 968.482178
v 608.482666 63.368248 984.482178
v 608.482666 63.368248 968.482178
v 352.482666 63.368256 616.482178
v 928.482666 255.368225 616.482117
v 352.482697 255.368256 744.482178
v 928.482666 255.368225 744.482117
v 672.482666 63.368240 968.482178
v 928.482666 63.368233 744.482117
v 544.482666 255.368256 392.482178
v 544.482666 255.368256 968.482178
v 352.482666 255.368256 616.482178
v 352.482666 63.368256 744.482178
v 928.482666 63.368233 616.482117
v 736.482666 255.368240 968.482178
v 736.482666 255.368240 392.482178
v 736.482666 63.368240 392.482178
v 736.482666 63.368240 968.482178
v 544.482666 63.368248 968.482178
v 544.482666 63.368248 392.482178
vt 0.499996 -0.000004
vt -0.000004 0.499996
vt 0.499996 0.499996
vt -0.999981 0.000000
vt -0.499982 -0.500000
vt -0.999982 -0.500000
vt 0.499996 -0.000004
vt -0.000004 -0.000004
vt -0.000004 0.499996
vt -0.999981 0.000000
vt -0.499981 0.000000
vt -0.499982 -0.500000
vt 1.000000 -1.000000
vt -0.000000 -0.368000
vt -0.000000 -1.000000
vt -0.000000 -0.368000
vt 1.000000 -1.000000
vt 1.000000 -0.368000
vt 3.666668 1.004883
vt -1.666662 0.004883
vt -1.666662 1.004883
vt 1.433851 0.004883
vt 13.726581 1.004883
vt 13.726581 0.004883
vt 2.666668 1.005208
vt -5.333332 0.005208
vt 2.666668 0.005208
vt -3.333332 1.004883
vt 4.666668 1.004883
vt -0.666666 0.504883
vt -7.857265 1.004883
vt 4.435467 0.004883
vt 4.435467 1.004883
vt -8.134167 0.004883
vt 4.158562 1.004883
vt 4.158562 0.004883
vt 13.449710 0.004883
vt 1.156977 1.004883
vt 1.156977 0.004883
vt -2.666662 1.004883
vt 2.666668 0.004883
vt 2.666668 1.004883
vt 1.000000 -1.000000
vt 1.000000 -0.368000
vt -0.000000 -0.368000
vt -0.000000 -0.368000
vt -0.000000 -1.000000
vt 1.000000 -1.000000
vt 2.666668 1.004883
vt 2.666668 0.004883
vt -2.666662 0.004883
vt 1.433851 0.004883
vt 1.433851 1.004883
vt 13.726581 1.004883
vt 5.666668 1.005208
vt -2.333332 1.005208
vt -2.333332 0.005208
vt 1.666668 1.004883
vt 1.666668 0.004883
vt -1.000000 0.504883
vt 2.666668 0.004883
vt 0.000000 0.004883
vt 0.000000 0.504883
vt 1.333334 0.004883
vt -1.333332 0.004883
vt 1.333334 0.504883
vt -0.333332 0.004883
vt -0.333332 1.004883
vt 2.333334 0.504883
vt 2.666668 1.004883
vt 0.000000 0.504883
vt -2.666666 0.504883
vt -3.857265 1.004883
vt -3.857265 0.004883
vt 8.435467 0.004883
vt -3.134167 0.004883
vt -3.134167 1.004883
vt 9.158562 1.004883
vt 13.449710 0.004883
vt 13.449710 1.004883
vt 1.156977 1.004883
vt -1.666662 1.004883
vt -1.666662 0.004883
vt 3.666668 0.004883
vt -2.333333 -8.999999
vt 5.000000 1.000002
vt -2.333333 9.000002
vt -1.000000 6.000000
vt -1.000000 0.000000
vt 3.666667 -5.999999
vt -3.333333 -1.999999
vt -0.666666 -1.999999
vt 4.000000 6.000002
vt -2.666666 -3.999999
vt 2.000000 2.000002
vt 2.000000 4.000002
vt 1.666667 8.000002
vt -3.000000 2.000000
vt 1.666667 -9.999999
vt 2.000000 -0.999998
vt -2.666666 5.000002
vt 2.000000 -2.999998
vt -0.666666 3.000002
vt -3.333333 3.000002
vt 4.000000 -4.999998
vt -4.333333 -5.999999
vt 3.000000 2.000002
vt 3.000000 4.000002
vn 0.0000 1.0000 0.0000
vn 1.0000 0.0000 0.0000
vn -1.0000 0.0000 0.0000
vn 0.7593 0.0000 0.6508
vn -0.0000 0.0000 1.0000
vn 0.0000 0.0000 -1.0000
vn -0.7593 0.0000 0.6508
vn 0.7593 0.0000 -0.6508
vn -0.7593 0.0000 -0.6508
vc 1.0000 1.0000 1.0000 1.0000
g Room4mesh_#Room4#_materials/insidepurplecarpet.vmat#SFX_D
usemtl materials/insidepurplecarpet.vmat
f 449/1678/71 451/1679/71 445/1680/71
fc 13 13 13
f 457/1681/71 445/1682/71 446/1683/71
fc 13 13 13
f 449/1684/71 452/1685/71 451/1686/71
fc 13 13 13
f 457/1687/71 449/1688/71 445/1689/71
fc 13 13 13
g Room4mesh_#Room4#_materials/insidewalls.vmat#SFX_2#WALLPROPERTY_NO_LEDGE_GRAB
usemtl materials/insidewalls.vmat
f 452/1690/72 444/1691/72 451/1692/72
fc 13 13 13
f 450/1693/73 446/1694/73 448/1695/73
fc 13 13 13
f 455/1696/72 453/1697/72 461/1698/72
fc 13 13 13
f 469/1699/74 461/1700/74 453/1701/74
fc 13 13 13
f 465/1702/75 469/1703/75 466/1704/75
fc 13 13 13
f 460/1705/76 464/1706/76 447/1707/76
fc 13 13 13
f 465/1708/77 463/1709/77 454/1710/77
fc 13 13 13
f 462/1711/78 460/1712/78 468/1713/78
fc 13 13 13
f 467/1714/79 456/1715/79 458/1716/79
fc 13 13 13
f 454/1717/73 458/1718/73 456/1719/73
fc 13 13 13
f 452/1720/72 447/1721/72 444/1722/72
fc 13 13 13
f 450/1723/73 457/1724/73 446/1725/73
fc 13 13 13
f 455/1726/72 462/1727/72 453/1728/72
fc 13 13 13
f 469/1729/74 459/1730/74 461/1731/74
fc 13 13 13
f 465/1732/75 459/1733/75 469/1734/75
fc 13 13 13
f 464/1735/76 467/1736/76 450/1737/76
fc 13 13 13
f 467/1738/76 457/1739/76 450/1740/76
fc 13 13 13
f 452/1741/76 468/1742/76 447/1743/76
fc 13 13 13
f 468/1744/76 460/1745/76 447/1746/76
fc 13 13 13
f 464/1747/76 450/1748/76 447/1749/76
fc 13 13 13
f 465/1750/77 466/1751/77 463/1752/77
fc 13 13 13
f 462/1753/78 455/1754/78 460/1755/78
fc 13 13 13
f 467/1756/79 464/1757/79 456/1758/79
fc 13 13 13
f 454/1759/73 463/1760/73 458/1761/73
fc 13 13 13
g Room4mesh_#Room4#_materials/purplecarpet.vmat#SFX_2
usemtl materials/purplecarpet.vmat
f 453/1762/71 457/1763/71 463/1764/71
fc 13 13 13
f 466/1765/71 469/1766/71 453/1767/71
fc 13 13 13
f 453/1768/71 462/1769/71 452/1770/71
fc 13 13 13
f 462/1771/71 468/1772/71 452/1773/71
fc 13 13 13
f 463/1774/71 466/1775/71 453/1776/71
fc 13 13 13
f 467/1777/71 458/1778/71 457/1779/71
fc 13 13 13
f 458/1780/71 463/1781/71 457/1782/71
fc 13 13 13
f 453/1783/71 452/1784/71 457/1785/71
fc 13 13 13
g Room4mesh1_#Room4#
v 672.482788 159.368225 984.482300
v 928.482727 255.368225 616.482300
v 352.482727 255.368240 744.482300
v 736.482727 255.368225 392.482300
v 608.482788 159.368225 984.482300
v 544.482727 255.368225 968.482300
v 544.482727 255.368225 392.482300
v 928.482727 255.368225 744.482300
v 352.482727 255.368240 616.482361
v 672.482727 159.368225 968.482300
v 608.482727 159.368225 968.482300
v 736.482727 255.368225 968.482300
vt 8.800001 4.400000
vt 6.000002 6.800000
vt 8.800001 11.600000
vt 13.200005 7.600001
vt 13.400004 8.400002
vt 13.400004 7.600001
vt 6.000002 6.800000
vt 6.000002 9.200000
vt 8.800001 11.600000
vt 8.800001 11.600000
vt 10.400000 11.600000
vt 10.400000 4.400000
vt 10.400000 11.600000
vt 13.199999 9.200000
vt 10.400000 4.400000
vt 13.199999 9.200000
vt 13.199999 6.800000
vt 10.400000 4.400000
vt 10.400000 4.400000
vt 8.800001 4.400000
vt 8.800001 11.600000
vt 13.200005 7.600001
vt 13.200005 8.400002
vt 13.400004 8.400002
vn -0.0000 -1.0000 -0.0000
vc 1.0000 1.0000 1.0000 1.0000
g Room4mesh1_#Room4#_materials/courtyardpillars.vmat.001#NoCollision
usemtl materials/courtyardpillars.vmat.001
f 478/1786/80 476/1787/80 471/1788/80
fc 14 14 14
f 480/1789/80 470/1790/80 474/1791/80
fc 14 14 14
f 476/1792/80 473/1793/80 471/1794/80
fc 14 14 14
f 471/1795/80 477/1796/80 472/1797/80
fc 14 14 14
f 477/1798/80 481/1799/80 472/1800/80
fc 14 14 14
f 481/1801/80 475/1802/80 472/1803/80
fc 14 14 14
f 472/1804/80 478/1805/80 471/1806/80
fc 14 14 14
f 480/1807/80 479/1808/80 470/1809/80
fc 14 14 14
g Room5mesh_#Room5#
v 752.482666 159.368256 1320.482178
v 752.482666 159.368256 1256.482178
v 768.482666 159.368256 1256.482178
v 1280.482666 335.368225 1320.482178
v 1280.482666 63.368233 1000.482178
v 752.482666 63.368256 1256.482178
v 752.482666 63.368256 1320.482178
v 768.482666 63.368256 1320.482178
v 768.482666 63.368256 1000.482178
v 1280.482666 335.368225 1256.482178
v 768.482666 159.368256 1320.482178
v 768.482666 63.368256 1576.482178
v 1280.482666 63.368233 1576.482178
v 1280.482666 383.368225 1320.482178
v 1280.482666 239.368225 1320.482178
v 1280.482666 63.368233 1064.482178
v 1280.482666 239.368225 1256.482178
v 1280.482666 383.368225 1256.482178
v 1280.482666 63.368233 1512.482178
v 768.482666 63.368256 1512.482178
v 832.482666 63.368256 1576.482178
v 832.482666 63.368256 1000.482178
v 768.482666 63.368256 1064.482178
v 1216.482666 63.368233 1576.482178
v 768.482666 383.368256 1000.482178
v 768.482666 383.368256 1576.482178
v 1280.482666 383.368225 1576.482178
v 1280.482666 383.368225 1000.482178
v 1280.482666 63.368233 1000.482178
v 1280.482666 63.368233 1576.482178
v 768.482666 63.368256 1576.482178
v 768.482666 63.368256 1000.482178
v 768.482666 63.368256 1256.482178
v 752.482666 63.368256 1288.482178
vt 0.000000 0.500000
vt 1.000000 0.500000
vt 1.000000 1.000000
vt 1.000000 1.000000
vt -1.000000 1.000000
vt 0.000000 0.500000
vt 0.000000 1.000000
vt 0.000000 0.500000
vt 1.000000 0.500000
vt 1.000000 0.005208
vt 0.333334 0.505208
vt 0.333334 0.005208
vt 1.000000 0.505208
vt 0.333334 0.005208
vt 0.333334 0.505208
vt 1.000000 0.005208
vt 1.000000 0.505208
vt 0.333334 0.505208
vt 1.000000 0.505208
vt 1.000000 0.005208
vt 0.333334 0.005208
vt 11.000000 0.937500
vt 10.500000 0.937500
vt 12.500000 0.250000
vt 8.500000 1.500000
vt 13.000000 1.500000
vt 10.500000 0.625000
vt 6.000000 1.500000
vt 6.000000 0.250000
vt 6.500000 0.250000
vt 9.500000 0.250000
vt 6.500000 0.250000
vt 6.000000 1.500000
vt 10.500000 1.312500
vt 10.500000 1.500000
vt 8.500000 1.500000
vt 8.500000 1.500000
vt 8.500000 0.250000
vt 9.000000 0.250000
vt 12.500000 0.250000
vt 13.000000 0.250000
vt 13.000000 1.500000
vt 8.500000 1.500000
vt 9.000000 0.250000
vt 10.500000 0.937500
vt 9.000000 0.250000
vt 12.500000 0.250000
vt 10.500000 0.937500
vt 10.500000 0.937500
vt 10.500000 1.312500
vt 8.500000 1.500000
vt 12.500000 0.250000
vt 13.000000 1.500000
vt 11.000000 0.937500
vt 13.000000 1.500000
vt 11.000000 1.500000
vt 11.000000 1.312500
vt 13.000000 1.500000
vt 11.000000 1.312500
vt 11.000000 0.937500
vt 13.000000 1.500000
vt 13.000000 0.250000
vt 12.500000 0.250000
vt 12.500000 0.250000
vt 11.000000 0.250000
vt 11.000000 0.625000
vt 10.500000 0.625000
vt 10.500000 0.250000
vt 9.000000 0.250000
vt 13.000000 1.500000
vt 12.500000 0.250000
vt 11.000000 0.625000
vt 10.500000 0.625000
vt 9.000000 0.250000
vt 8.500000 1.500000
vt 9.000000 0.250000
vt 8.500000 0.250000
vt 8.500000 1.500000
vt 13.000000 1.500000
vt 11.000000 0.625000
vt 10.500000 0.625000
vt 10.000000 0.250000
vt 10.000000 1.500000
vt 6.500000 0.250000
vt 10.000000 1.500000
vt 6.000000 1.500000
vt 6.500000 0.250000
vt 6.500000 0.250000
vt 6.000000 0.250000
vt 6.000000 1.500000
vt 6.000000 1.500000
vt 10.000000 1.500000
vt 9.500000 0.250000
vt 10.000000 1.500000
vt 10.000000 0.250000
vt 9.500000 0.250000
vt -6.000000 3.000000
vt 3.000000 -5.000000
vt 3.000000 3.000000
vt -3.000000 6.000000
vt -3.000000 -2.000000
vt 6.000000 -2.000000
vn 0.0000 1.0000 0.0000
vn 0.0000 0.0000 1.0000
vn 0.0000 0.0000 -1.0000
vn -1.0000 0.0000 0.0000
vn 1.0000 0.0000 0.0000
vc 1.0000 1.0000 1.0000 1.0000
g Room5mesh_#Room5#_materials/iceedge.vmat#SFX_C#FLOORSPECIAL_SAND
usemtl materials/iceedge.vmat
f 515/1810/81 488/1811/81 489/1812/81
fc 15 15 15
f 489/1813/81 514/1814/81 515/1815/81
fc 15 15 15
f 514/1816/81 487/1817/81 515/1818/81
fc 15 15 15
g Room5mesh_#Room5#_materials/insidewalls.vmat#SFX_2#WALLPROPERTY_NO_LEDGE_GRAB
usemtl materials/insidewalls.vmat
f 514/1819/82 483/1820/82 487/1821/82
fc 15 15 15
f 492/1822/83 488/1823/83 482/1824/83
fc 15 15 15
f 514/1825/82 484/1826/82 483/1827/82
fc 15 15 15
f 492/1828/83 489/1829/83 488/1830/83
fc 15 15 15
g Room5mesh_#Room5#_materials/icewall.vmat#SFX_C
usemtl materials/icewall.vmat
f 496/1831/84 498/1832/84 500/1833/84
fc 15 15 15
f 506/1834/85 507/1835/85 484/1836/85
fc 15 15 15
f 506/1837/82 513/1838/82 503/1839/82
fc 15 15 15
f 505/1840/83 502/1841/83 507/1842/83
fc 15 15 15
f 491/1843/84 499/1844/84 509/1845/84
fc 15 15 15
f 509/1846/84 510/1847/84 497/1848/84
fc 15 15 15
f 500/1849/84 511/1850/84 508/1851/84
fc 15 15 15
f 509/1852/84 497/1853/84 498/1854/84
fc 15 15 15
f 497/1855/84 500/1856/84 498/1857/84
fc 15 15 15
f 498/1858/84 491/1859/84 509/1860/84
fc 15 15 15
f 500/1861/84 508/1862/84 496/1863/84
fc 15 15 15
f 508/1864/84 495/1865/84 485/1866/84
fc 15 15 15
f 508/1867/84 485/1868/84 496/1869/84
fc 15 15 15
f 507/1870/85 512/1871/85 501/1872/85
fc 15 15 15
f 501/1873/85 489/1874/85 492/1875/85
fc 15 15 15
f 484/1876/85 514/1877/85 504/1878/85
fc 15 15 15
f 507/1879/85 501/1880/85 492/1881/85
fc 15 15 15
f 484/1882/85 504/1883/85 506/1884/85
fc 15 15 15
f 504/1885/85 513/1886/85 506/1887/85
fc 15 15 15
f 507/1888/85 492/1889/85 484/1890/85
fc 15 15 15
f 510/1891/82 509/1892/82 503/1893/82
fc 15 15 15
f 509/1894/82 506/1895/82 503/1896/82
fc 15 15 15
f 502/1897/83 512/1898/83 507/1899/83
fc 15 15 15
f 507/1900/83 508/1901/83 505/1902/83
fc 15 15 15
f 508/1903/83 511/1904/83 505/1905/83
fc 15 15 15
g Room5mesh_#Room5#_materials/softice.vmat#SFX_C#FLOORSPECIAL_SLIPPERY
usemtl materials/softice.vmat
f 486/1906/81 493/1907/81 494/1908/81
fc 15 15 15
f 486/1909/81 490/1910/81 493/1911/81
fc 15 15 15
g Room5mesh1_#Room5#
v 1048.482788 67.368271 1320.482178
v 956.482727 67.368271 1320.482178
v 1272.482788 335.368256 1256.482178
v 956.482727 67.368271 1256.482178
v 1272.482788 239.368256 1320.482178
v 1272.482788 239.368256 1256.482178
v 1048.482788 67.368271 1256.482178
v 1272.482788 335.368256 1320.482178
v 1272.482788 367.368286 1288.482178
v 924.482727 67.368271 1288.482178
v 768.482788 383.368286 1000.482178
v 1280.482788 383.368256 1000.482178
v 1280.482788 383.368256 1320.482178
v 768.482788 383.368286 1576.482178
v 1280.482788 383.368256 1256.482178
v 1280.482788 383.368256 1576.482178
v 752.482788 159.368286 1320.482178
v 752.482788 159.368286 1256.482178
v 768.482788 159.368286 1256.482178
v 768.482788 159.368286 1320.482178
v 1280.482788 383.368256 1328.482178
v 1272.482788 335.368256 1248.482178
v 1280.482788 383.368256 1248.482178
v 1272.482788 383.368286 1328.482178
v 1272.482788 383.368286 1248.482178
v 1280.482788 231.368256 1248.482178
v 1272.482788 231.368256 1248.482178
v 1272.482788 335.368256 1320.482178
v 1280.482788 231.368256 1328.482178
v 1272.482788 239.368256 1320.482178
v 1272.482788 239.368256 1256.482178
v 1272.482788 231.368256 1320.482178
v 1272.482788 231.368256 1328.482178
v 1272.482788 231.368256 1256.482178
v 1272.482788 367.368286 1288.482178
v 1272.482788 335.368256 1256.482178
vt 0.096262 0.000000
vt 0.903738 0.000000
vt 0.903738 0.000000
vt 11.062500 1.500000
vt 10.750000 1.437500
vt 11.000000 1.312500
vt 10.000000 0.906250
vt 9.937500 1.500000
vt 9.937500 0.906250
vt 10.437500 5.000000
vt 11.062500 4.968750
vt 10.437500 4.968750
vt 9.937500 1.312500
vt 9.937500 1.500000
vt 10.000000 1.500000
vt 10.500000 0.906250
vt 11.000000 0.937500
vt 10.500000 0.937500
vt 0.903738 0.000000
vt 0.500003 0.000000
vt 0.096262 0.000000
vt 0.096262 0.000000
vt 0.096262 0.000000
vt 0.903738 0.000000
vt 10.437500 1.500000
vt 10.437500 0.906250
vt 10.500000 1.312500
vt 10.437500 0.906250
vt 10.500000 0.906250
vt 10.500000 0.937500
vt 10.437500 0.906250
vt 10.500000 0.937500
vt 10.500000 1.312500
vt 11.000000 0.906250
vt 11.062500 0.906250
vt 11.000000 0.937500
vt 11.062500 0.906250
vt 11.062500 1.500000
vt 11.000000 1.312500
vt 11.000000 0.937500
vt 11.062500 0.906250
vt 11.000000 1.312500
vt 10.437500 1.500000
vt 10.500000 1.312500
vt 10.750000 1.437500
vt 11.062500 1.500000
vt 10.437500 1.500000
vt 10.750000 1.437500
vt 10.000000 0.906250
vt 10.000000 1.500000
vt 9.937500 1.500000
vt 10.437500 5.000000
vt 11.062500 5.000000
vt 11.062500 4.968750
vt 10.000000 1.500000
vt 10.000000 0.906250
vt 9.937500 1.312500
vt 10.000000 0.906250
vt 9.937500 0.906250
vt 9.937500 1.312500
vt 10.500000 0.906250
vt 11.000000 0.906250
vt 11.000000 0.937500
vt 0.000000 0.000000
vt 1.000000 1.000000
vt 1.000000 0.000000
vt 1.000000 0.000000
vt 0.000000 1.000000
vt 1.000000 1.000000
vt 0.207328 0.913640
vt 0.062969 0.697103
vt 0.062969 0.913640
vt -0.003969 0.995999
vt 1.003969 0.004001
vt 0.995999 1.003969
vt 1.000629 0.000630
vt -0.000629 0.999370
vt 0.999370 1.000629
vt 0.000383 -0.000383
vt 0.999617 1.000383
vt 1.000383 0.000383
vt 0.000000 0.000000
vt 0.000000 1.000000
vt 1.000000 1.000000
vt 1.000000 0.000000
vt 0.000000 0.000000
vt 0.000000 1.000000
vt 0.062969 0.913640
vt 0.135149 0.985821
vt 0.207328 0.913640
vt 0.207328 0.913640
vt 0.207328 0.697103
vt 0.062969 0.697103
vt -0.003969 0.995999
vt 0.004001 -0.003969
vt 1.003969 0.004001
vt 1.000629 0.000630
vt 0.000630 -0.000629
vt -0.000629 0.999370
vt 0.000383 -0.000383
vt -0.000383 0.999617
vt 0.999617 1.000383
vt -1.199999 3.000000
vt -0.399998 3.000000
vt 2.800001 -3.400000
vt -0.199999 0.600000
vt 0.600000 0.400000
vt -0.199999 0.400000
vt -1.399998 3.000000
vt 1.800001 3.000000
vt 1.800001 -3.400000
vt 3.800001 -1.400000
vt -3.399999 -1.400000
vt -0.199999 5.000000
vt -0.399999 -3.400000
vt -0.399999 3.000000
vt 2.800001 3.000000
vt -0.199999 0.600000
vt 0.600000 0.600000
vt 0.600000 0.400000
vn 0.0000 -1.0000 0.0000
vn 0.3216 -0.9469 0.0000
vn -1.0000 0.0000 0.0000
vn -0.0000 0.0000 1.0000
vn 0.0000 0.0000 -1.0000
vn -0.5170 0.6088 0.6017
vn -0.5454 0.6331 0.5494
vn -0.5143 0.6064 0.6064
vn -0.5170 0.6088 -0.6017
vn -0.5454 0.6331 -0.5494
vn -0.5467 0.6342 -0.5467
vn 1.0000 0.0000 0.0000
vn 0.6090 -0.7932 0.0000
vn -0.5467 0.6342 0.5467
vn -0.5143 0.6064 -0.6064
vc 1.0000 1.0000 1.0000 1.0000
g Room5mesh1_#Room5#_materials/icewall.vmat.001#NoCollision
usemtl materials/icewall.vmat.001
f 519/1912/86 516/1913/87 517/1914/86
fc 16 16 16
f 539/1915/88 550/1916/88 543/1917/88
fc 16 16 16
f 544/1918/89 539/1919/89 548/1920/89
fc 16 16 16
f 541/1921/86 548/1922/86 542/1923/86
fc 16 16 16
f 537/1924/90 540/1925/90 538/1926/90
fc 16 16 16
f 549/1927/88 545/1928/88 546/1929/88
fc 16 16 16
f 517/1930/86 525/1931/86 519/1932/86
fc 16 16 16
f 519/1933/86 522/1934/87 516/1935/87
fc 16 16 16
f 540/1936/88 542/1937/88 551/1938/88
fc 16 16 16
f 542/1939/88 549/1940/88 546/1941/88
fc 16 16 16
f 542/1942/88 546/1943/88 551/1944/88
fc 16 16 16
f 547/1945/88 548/1946/88 545/1947/88
fc 16 16 16
f 548/1948/88 539/1949/88 543/1950/88
fc 16 16 16
f 545/1951/88 548/1952/88 543/1953/88
fc 16 16 16
f 540/1954/88 551/1955/88 550/1956/88
fc 16 16 16
f 539/1957/88 540/1958/88 550/1959/88
fc 16 16 16
f 544/1960/89 536/1961/89 539/1962/89
fc 16 16 16
f 541/1963/86 544/1964/86 548/1965/86
fc 16 16 16
f 538/1966/90 541/1967/90 537/1968/90
fc 16 16 16
f 541/1969/90 542/1970/90 537/1971/90
fc 16 16 16
f 549/1972/88 547/1973/88 545/1974/88
fc 16 16 16
g Room5mesh1_#Room5#_materials/windowlightray.vmat.001#NoCollision#AlphaAA
usemtl materials/windowlightray.vmat.001
f 524/1975/91 517/1976/92 523/1977/93
fc 16 16 16
f 524/1978/94 519/1979/95 525/1980/96
fc 16 16 16
f 523/1981/97 521/1982/97 518/1983/97
fc 16 16 16
f 516/1984/89 523/1985/89 517/1986/89
fc 16 16 16
f 518/1987/90 522/1988/90 519/1989/90
fc 16 16 16
f 520/1990/98 522/1991/87 521/1992/98
fc 16 16 16
f 524/1993/91 525/1994/99 517/1995/92
fc 16 16 16
f 524/1996/94 518/1997/100 519/1998/95
fc 16 16 16
f 518/1999/97 524/2000/97 523/2001/97
fc 16 16 16
f 523/2002/97 520/2003/97 521/2004/97
fc 16 16 16
f 516/2005/89 520/2006/89 523/2007/89
fc 16 16 16
f 518/2008/90 521/2009/90 522/2010/90
fc 16 16 16
f 520/2011/98 516/2012/87 522/2013/87
fc 16 16 16
g Room5mesh1_#Room5#_materials/courtyardpillars.vmat.001#NoCollision
usemtl materials/courtyardpillars.vmat.001
f 530/2014/86 528/2015/86 529/2016/86
fc 16 16 16
f 534/2017/86 532/2018/86 533/2019/86
fc 16 16 16
f 528/2020/86 531/2021/86 529/2022/86
fc 16 16 16
f 529/2023/86 526/2024/86 530/2025/86
fc 16 16 16
f 526/2026/86 527/2027/86 530/2028/86
fc 16 16 16
f 534/2029/86 535/2030/86 532/2031/86
fc 16 16 16
g Room5mesh2_#Room5#
v 1272.482788 335.368286 1320.482178
v 1272.482788 367.368286 1288.482178
v 1272.482788 239.368286 1256.482178
v 1272.482788 239.368286 1320.482178
v 1272.482788 335.368286 1256.482178
vt 0.016000 -0.218000
vt 1.008000 -0.872000
vt 1.008000 -0.218000
vt 1.008000 -0.218000
vt 0.512000 -0.000000
vt 0.016000 -0.218000
vt 0.016000 -0.218000
vt 0.016000 -0.872000
vt 1.008000 -0.872000
vn -1.0000 0.0000 0.0000
vc 1.0000 1.0000 1.0000 1.0000
g Room5mesh2_#Room5#_materials/glasspanes.vmat.001#NoCollision
usemtl materials/glasspanes.vmat.001
f 556/2032/101 555/2033/101 552/2034/101
fc 17 17 17
f 552/2035/101 553/2036/101 556/2037/101
fc 17 17 17
f 556/2038/101 554/2039/101 555/2040/101
fc 17 17 17
g Room6mesh_#Room6#
v -399.517273 255.368286 1736.482300
v -415.517273 255.368286 1768.482300
v -399.517273 255.368286 1800.482300
v -415.517273 255.368286 1800.482300
v -415.517273 255.368286 1736.482300
v -399.517273 255.368286 1768.482300
v -767.517273 255.368301 1736.482300
v -767.517273 255.368301 1768.482300
v -767.517273 255.368301 1800.482300
vt 0.000000 -1.000000
vt 1.000000 -0.500000
vt 0.000000 -0.500000
vt -0.000004 0.999976
vt -1.000004 0.499975
vt -0.000004 0.499976
vt 0.000000 3.000000
vt 1.000000 -8.000000
vt 1.000000 3.000000
vt -0.999989 4.000019
vt 0.000008 -6.999983
vt 0.000011 4.000019
vt 0.000000 -1.000000
vt 1.000000 -1.000000
vt 1.000000 -0.500000
vt -0.000004 0.999976
vt -1.000004 0.999975
vt -1.000004 0.499975
vt 0.000000 7.000000
vt 0.000000 -4.000000
vt 1.000000 -4.000000
vt -0.999989 8.000019
vt -0.999992 -2.999983
vt 0.000008 -2.999983
vn 0.0000 1.0000 0.0000
vc 1.0000 1.0000 1.0000 1.0000
g Room6mesh_#Room6#_materials/insideredcarpetwithgoldtrimmings.vmat.011#SFX_D
usemtl materials/insideredcarpetwithgoldtrimmings.vmat.011
f 561/2041/102 562/2042/102 557/2043/102
fc 18 18 18
f 558/2044/102 559/2045/102 562/2046/102
fc 18 18 18
f 561/2047/102 564/2048/102 558/2049/102
fc 18 18 18
f 565/2050/102 558/2051/102 564/2052/102
fc 18 18 18
f 561/2053/102 558/2054/102 562/2055/102
fc 18 18 18
f 558/2056/102 560/2057/102 559/2058/102
fc 18 18 18
f 561/2059/102 563/2060/102 564/2061/102
fc 18 18 18
f 565/2062/102 560/2063/102 558/2064/102
fc 18 18 18
g Room6mesh1_#Room6#
v -415.517242 351.368286 1800.482300
v -399.517242 255.368286 1800.482300
v -415.517242 255.368286 1736.482300
v -767.517212 415.368286 1672.482300
v -767.517212 255.368301 1672.482300
v -399.517242 255.368286 1736.482300
v -399.517242 351.368286 1736.482300
v -415.517242 255.368286 1800.482300
v -767.517212 255.368301 1800.482300
v -767.517212 415.368286 1864.482300
v -415.517242 415.368286 1864.482300
v -767.517212 255.368301 1736.482300
v -415.517242 255.368286 1672.482300
v -415.517242 255.368286 1864.482300
v -415.517242 415.368286 1672.482300
v -767.517212 255.368301 1864.482300
v -399.517242 351.368286 1800.482300
v -415.517242 351.368286 1736.482300
v -767.517212 255.368301 1768.482300
vt -6.500000 0.494792
vt -6.250000 0.744792
vt -6.250000 0.494792
vt -6.500000 0.744792
vt -6.250000 0.494792
vt -6.250000 0.744792
vt 2.799995 0.001562
vt 1.199997 0.001562
vt -2.000000 1.001563
vt 11.199997 0.001562
vt -6.400002 1.001563
vt -6.400002 0.001562
vt -12.400002 0.001562
vt 5.199999 1.001563
vt 5.199999 0.001562
vt 4.599998 1.001563
vt -5.000000 1.001563
vt 1.399994 0.601562
vt -6.500000 0.494792
vt -6.500000 0.744792
vt -6.250000 0.744792
vt -6.500000 0.744792
vt -6.500000 0.494792
vt -6.250000 0.494792
vt 2.199997 0.001562
vt -1.000000 0.001562
vt -1.000000 1.001563
vt -4.000000 1.001563
vt 5.599998 1.001563
vt 0.799995 0.001562
vt 1.599998 1.001563
vt 1.599998 0.001562
vt -1.600006 0.001562
vt 3.599998 1.001563
vt 0.399994 0.001562
vt -1.200005 0.001562
vt 5.199997 0.001562
vt 5.199997 1.001563
vt -12.400002 1.001563
vt -6.400002 0.001562
vt -6.400002 1.001563
vt 11.199999 1.001563
vt -1.000000 1.001563
vt -1.000000 0.001562
vt 2.199997 0.601562
vt -2.000000 0.001562
vt 1.199997 0.001562
vt 1.199997 0.601562
vt -0.600006 0.001562
vt 2.599998 0.001562
vt -0.600006 0.601562
vt 1.599998 0.001562
vt 1.599998 1.001563
vt -1.600006 0.601562
vt -3.000000 1.001563
vt 0.199997 0.601562
vt 3.399994 0.601562
vt 0.600000 -0.200000
vt -0.199999 0.000000
vt 0.600000 0.000000
vt 0.000000 2.799999
vt 2.400000 -1.600000
vt 0.000000 -1.600000
vt 0.600000 -0.200000
vt -0.199999 -0.200000
vt -0.199999 0.000000
vt -1.000000 0.799999
vt 1.400000 0.799999
vt 1.400000 -3.600000
vt 0.500000 -1.000000
vt 0.000000 1.750000
vt 0.000000 -1.000000
vt 14.000000 -3.250000
vt 14.500000 -6.000000
vt 14.500000 -3.250000
vt 0.500000 -2.000000
vt 0.500000 0.750000
vt 0.000000 0.750000
vt 14.000000 -3.250000
vt 14.000000 -6.000000
vt 14.500000 -6.000000
vn 0.0000 0.0000 -1.0000
vn 0.0000 0.0000 1.0000
vn 1.0000 0.0000 0.0000
vn -1.0000 -0.0000 0.0000
vn 0.0000 -1.0000 0.0000
vn 0.0000 1.0000 0.0000
vc 1.0000 1.0000 1.0000 1.0000
g Room6mesh1_#Room6#_materials/insidewalls.vmat.001#NoCollision
usemtl materials/insidewalls.vmat.001
f 573/2065/103 582/2066/103 567/2067/103
fc 19 19 19
f 583/2068/104 571/2069/104 572/2070/104
fc 19 19 19
f 584/2071/105 577/2072/105 569/2073/105
fc 19 19 19
f 578/2074/104 569/2075/104 570/2076/104
fc 19 19 19
f 581/2077/103 576/2078/103 579/2079/103
fc 19 19 19
f 576/2080/106 580/2081/106 566/2082/106
fc 19 19 19
f 573/2083/103 566/2084/103 582/2085/103
fc 19 19 19
f 583/2086/104 568/2087/104 571/2088/104
fc 19 19 19
f 577/2089/105 570/2090/105 569/2091/105
fc 19 19 19
f 569/2092/105 575/2093/105 584/2094/105
fc 19 19 19
f 575/2095/105 581/2096/105 574/2097/105
fc 19 19 19
f 575/2098/105 574/2099/105 584/2100/105
fc 19 19 19
f 578/2101/104 580/2102/104 569/2103/104
fc 19 19 19
f 581/2104/103 575/2105/103 576/2106/103
fc 19 19 19
f 580/2107/106 578/2108/106 583/2109/106
fc 19 19 19
f 578/2110/106 568/2111/106 583/2112/106
fc 19 19 19
f 573/2113/106 579/2114/106 566/2115/106
fc 19 19 19
f 579/2116/106 576/2117/106 566/2118/106
fc 19 19 19
f 580/2119/106 583/2120/106 566/2121/106
fc 19 19 19
g Room6mesh1_#Room6#_materials/courtyardpillars.vmat.001#NoCollision
usemtl materials/courtyardpillars.vmat.001
f 566/2122/107 572/2123/107 582/2124/107
fc 19 19 19
f 580/2125/107 575/2126/107 569/2127/107
fc 19 19 19
f 566/2128/107 583/2129/107 572/2130/107
fc 19 19 19
f 580/2131/107 576/2132/107 575/2133/107
fc 19 19 19
g Room6mesh1_#Room6#_materials/insidecheckerboardflooring.vmat.001#SFX_2
usemtl materials/insidecheckerboardflooring.vmat.001
f 581/2134/108 573/2135/108 574/2136/108
fc 19 19 19
f 578/2137/108 577/2138/108 568/2139/108
fc 19 19 19
f 581/2140/108 579/2141/108 573/2142/108
fc 19 19 19
f 578/2143/108 570/2144/108 577/2145/108
fc 19 19 19
g Room7mesh_#Room7#
v -895.517212 223.368286 1192.482178
v -895.517212 223.368286 1384.482178
v -415.517242 223.368256 1384.482178
v -415.517242 223.368256 1192.482178
v -415.517242 63.368259 1192.482178
v -415.517242 63.368259 1384.482178
v -895.517212 63.368282 1384.482178
v -895.517212 63.368282 1192.482178
v -895.517212 63.368282 1256.482178
v -895.517212 63.368282 1320.482178
v -415.517242 63.368259 1256.482178
v -415.517242 63.368259 1320.482178
v -415.517242 159.368256 1320.482178
v -415.517242 159.368256 1256.482178
v -895.517212 159.368286 1256.482178
v -895.517212 159.368286 1320.482178
v -399.517242 159.368256 1320.482178
v -895.517212 63.368282 1288.482178
v -415.517242 63.368259 1288.482178
v -399.517242 63.368259 1288.482178
v -399.517242 63.368259 1320.482178
v -399.517242 63.368259 1256.482178
v -399.517242 159.368256 1256.482178
v -911.517212 159.368286 1256.482178
v -911.517212 63.368282 1320.482178
v -911.517212 159.368286 1320.482178
v -911.517212 63.368282 1256.482178
v -911.517212 63.368282 1288.482178
vt 15.199997 0.001563
vt -8.799999 1.001562
vt -8.799999 0.001563
vt -16.799995 0.001563
vt 7.199999 1.001562
vt 7.199999 0.001563
vt 4.599998 1.001562
vt -5.000000 1.001562
vt 1.400002 0.601562
vt -4.000000 1.001562
vt 5.599998 1.001562
vt -0.799995 0.601562
vt -6.500000 0.244792
vt -6.250000 -0.005208
vt -6.250000 0.244792
vt -6.500000 -0.005208
vt -6.250000 0.244792
vt -6.250000 -0.005208
vt 0.200001 0.601562
vt -0.600002 0.001563
vt -0.600002 0.601562
vt 0.200001 0.001563
vt -0.600002 0.601562
vt -0.600002 0.001563
vt 7.199997 0.001563
vt 7.199997 1.001562
vt -16.799999 1.001562
vt -8.799995 0.001563
vt -8.799995 1.001562
vt 15.199999 1.001562
vt -1.000000 1.001562
vt -1.000000 0.001563
vt 2.200005 0.601562
vt -2.000000 0.001563
vt 1.200005 0.001563
vt 1.200005 0.601562
vt -0.599998 0.001563
vt 2.599998 0.001563
vt -0.599998 0.601562
vt 1.599998 0.001563
vt 1.599998 1.001562
vt -1.599998 0.601562
vt -3.000000 1.001562
vt 0.200005 0.601562
vt 3.400002 0.601562
vt 1.599998 1.001562
vt 1.599998 0.001563
vt -1.599998 0.601562
vt 2.599998 0.001563
vt -0.599998 0.001563
vt -0.599998 0.601562
vt 1.200005 0.001563
vt -2.000000 0.001563
vt 1.200005 0.601562
vt -1.000000 0.001563
vt -1.000000 1.001562
vt 2.200005 0.601562
vt 3.599998 1.001562
vt 0.400002 0.601562
vt -2.799995 0.601562
vt -6.500000 0.244792
vt -6.500000 -0.005208
vt -6.250000 -0.005208
vt -6.500000 -0.005208
vt -6.500000 0.244792
vt -6.250000 0.244792
vt 0.200001 0.601562
vt 0.200001 0.001563
vt -0.600002 0.001563
vt 0.200001 0.001563
vt 0.200001 0.601562
vt -0.600002 0.601562
vt 10.000000 -3.250000
vt 10.500000 -7.000000
vt 10.500000 -3.250000
vt 11.500000 -7.000000
vt 11.000000 -3.250000
vt 11.000000 -7.000000
vt 10.000000 -3.250000
vt 10.000000 -7.000000
vt 10.500000 -7.000000
vt 11.500000 -7.000000
vt 11.500000 -3.250000
vt 11.000000 -3.250000
vt -0.031250 5.000000
vt 0.968750 -10.000000
vt 0.968750 5.000000
vt -1.031239 5.000019
vt -0.031246 -9.999982
vt -0.031239 5.000019
vt -0.031254 0.999982
vt -1.031254 0.499982
vt -0.031254 0.499982
vt -0.031250 -1.000000
vt 0.968750 -0.500000
vt -0.031250 -0.500000
vt 0.968750 0.000000
vt -0.031250 -0.500000
vt 0.968750 -0.500000
vt -1.031261 0.499981
vt -0.031261 -0.000019
vt -0.031261 0.499981
vt -0.031250 10.000000
vt -0.031250 -5.000000
vt 0.968750 -5.000000
vt -1.031239 10.000019
vt -1.031246 -4.999981
vt -0.031246 -4.999982
vt -0.031254 0.999982
vt -1.031254 0.999982
vt -1.031254 0.499982
vt -0.031250 -1.000000
vt 0.968750 -1.000000
vt 0.968750 -0.500000
vt 0.968750 0.000000
vt -0.031250 0.000000
vt -0.031250 -0.500000
vt -1.031261 0.499981
vt -1.031261 -0.000019
vt -0.031261 -0.000019
vn -0.0000 0.0000 1.0000
vn -0.0000 0.0000 -1.0000
vn -1.0000 -0.0000 0.0000
vn 1.0000 0.0000 0.0000
vn 0.0000 1.0000 0.0000
vc 1.0000 1.0000 1.0000 1.0000
g Room7mesh_#Room7#_materials/insidewalls.vmat#SFX_2#WALLPROPERTY_NO_LEDGE_GRAB
usemtl materials/insidewalls.vmat
f 589/2146/109 585/2147/109 592/2148/109
fc 20 20 20
f 591/2149/110 587/2150/110 590/2151/110
fc 20 20 20
f 587/2152/111 588/2153/111 597/2154/111
fc 20 20 20
f 585/2155/112 586/2156/112 599/2157/112
fc 20 20 20
f 598/2158/109 606/2159/109 607/2160/109
fc 20 20 20
f 596/2161/110 601/2162/110 605/2163/110
fc 20 20 20
f 600/2164/110 609/2165/110 610/2166/110
fc 20 20 20
f 593/2167/109 608/2168/109 611/2169/109
fc 20 20 20
f 589/2170/109 588/2171/109 585/2172/109
fc 20 20 20
f 591/2173/110 586/2174/110 587/2175/110
fc 20 20 20
f 588/2176/111 589/2177/111 598/2178/111
fc 20 20 20
f 589/2179/111 595/2180/111 598/2181/111
fc 20 20 20
f 596/2182/111 590/2183/111 597/2184/111
fc 20 20 20
f 590/2185/111 587/2186/111 597/2187/111
fc 20 20 20
f 588/2188/111 598/2189/111 597/2190/111
fc 20 20 20
f 586/2191/112 591/2192/112 600/2193/112
fc 20 20 20
f 591/2194/112 594/2195/112 600/2196/112
fc 20 20 20
f 593/2197/112 592/2198/112 599/2199/112
fc 20 20 20
f 592/2200/112 585/2201/112 599/2202/112
fc 20 20 20
f 586/2203/112 600/2204/112 599/2205/112
fc 20 20 20
f 598/2206/109 595/2207/109 606/2208/109
fc 20 20 20
f 596/2209/110 597/2210/110 601/2211/110
fc 20 20 20
f 600/2212/110 594/2213/110 609/2214/110
fc 20 20 20
f 593/2215/109 599/2216/109 608/2217/109
fc 20 20 20
g Room7mesh_#Room7#_materials/insidecheckerboardflooring.vmat#SFX_2
usemtl materials/insidecheckerboardflooring.vmat
f 589/2218/113 593/2219/113 595/2220/113
fc 20 20 20
f 591/2221/113 596/2222/113 594/2223/113
fc 20 20 20
f 589/2224/113 592/2225/113 593/2226/113
fc 20 20 20
f 591/2227/113 590/2228/113 596/2229/113
fc 20 20 20
g Room7mesh_#Room7#_materials/insidebluecarpetwithgoldtrimmings.vmat.007#SFX_D
usemtl materials/insidebluecarpetwithgoldtrimmings.vmat.007
f 595/2230/113 602/2231/113 603/2232/113
fc 20 20 20
f 594/2233/113 603/2234/113 602/2235/113
fc 20 20 20
f 603/2236/113 605/2237/113 604/2238/113
fc 20 20 20
f 595/2239/113 604/2240/113 606/2241/113
fc 20 20 20
f 602/2242/113 611/2243/113 612/2244/113
fc 20 20 20
f 609/2245/113 602/2246/113 612/2247/113
fc 20 20 20
f 595/2248/113 593/2249/113 602/2250/113
fc 20 20 20
f 594/2251/113 596/2252/113 603/2253/113
fc 20 20 20
f 603/2254/113 596/2255/113 605/2256/113
fc 20 20 20
f 595/2257/113 603/2258/113 604/2259/113
fc 20 20 20
f 602/2260/113 593/2261/113 611/2262/113
fc 20 20 20
f 609/2263/113 594/2264/113 602/2265/113
fc 20 20 20
g Room7mesh1_#Room7#
v -911.517273 159.368256 1256.482178
v -895.517273 159.368256 1320.482178
v -895.517273 159.368256 1256.482178
v -911.517273 159.368256 1320.482178
v -415.517273 159.368240 1256.482178
v -399.517273 159.368240 1320.482178
v -415.517273 159.368240 1320.482178
v -399.517273 159.368240 1256.482178
v -415.517273 223.368225 1384.482178
v -415.517273 223.368225 1192.482178
v -895.517273 223.368256 1192.482178
v -895.517273 223.368256 1384.482178
vt -0.199999 -0.200000
vt 0.600000 -0.400001
vt -0.199999 -0.400001
vt 0.600000 -0.200000
vt -0.199999 0.000000
vt 0.600000 0.000000
vt 0.000000 3.800000
vt 2.400000 -2.200000
vt 0.000000 -2.200000
vt -0.199999 -0.200000
vt 0.600000 -0.200000
vt 0.600000 -0.400001
vt 0.600000 -0.200000
vt -0.199999 -0.200000
vt -0.199999 0.000000
vt -1.000000 1.800000
vt 1.400000 1.800000
vt 1.400000 -4.200000
vn 0.0000 -1.0000 0.0000
vc 1.0000 1.0000 1.0000 1.0000
g Room7mesh1_#Room7#_materials/courtyardpillars.vmat.001#NoCollision
usemtl materials/courtyardpillars.vmat.001
f 615/2266/114 616/2267/114 613/2268/114
fc 21 21 21
f 619/2269/114 620/2270/114 618/2271/114
fc 21 21 21
f 622/2272/114 624/2273/114 623/2274/114
fc 21 21 21
f 615/2275/114 614/2276/114 616/2277/114
fc 21 21 21
f 619/2278/114 617/2279/114 620/2280/114
fc 21 21 21
f 622/2281/114 621/2282/114 624/2283/114
fc 21 21 21
g Room8mesh_#Room8#
v -1855.517090 -192.631729 1192.482178
v -1855.517090 -192.631729 1384.482178
v -1535.517090 -128.631744 1384.482178
v -1535.517090 -128.631744 1192.482178
v -1535.517090 -256.631744 1192.482178
v -1535.517090 -256.631744 1384.482178
v -1855.517090 -320.631714 1384.482178
v -1855.517090 -320.631714 1192.482178
v -1055.517090 87.368240 1440.482178
v -1055.517090 79.368240 1136.482178
v -1055.517090 15.368240 1640.482178
v -927.517090 -0.631760 936.482117
v -1055.517090 79.368240 1128.482178
v -1535.517090 -256.631744 1320.482178
v -1983.517090 319.368286 1000.482178
v -1127.517090 -0.631760 1128.482178
v -1055.517090 15.368240 936.482117
v -1983.517090 319.368286 1576.482178
v -1119.517090 79.368240 1440.482178
v -927.517090 319.368225 1448.482178
v -1727.517090 -0.631729 1000.482178
v -1063.517090 79.368240 1128.482178
v -1215.517090 -0.631744 1576.482178
v -1215.517090 -0.631744 1000.482178
v -927.517090 -0.631760 1640.482178
v -1119.517090 63.368240 1136.482178
v -1055.517090 63.368240 1440.482178
v -927.517090 127.368240 1320.482178
v -1791.517090 319.368286 680.482178
v -1791.516968 319.368286 1896.482178
v -1151.517090 -0.631760 680.482117
v -1151.517090 -0.631760 1896.482178
v -1599.517090 -0.631729 680.482178
v -1599.517090 -0.631729 1896.482178
v -1791.517090 -0.631729 1896.482178
v -1791.517090 -0.631729 680.482178
v -1983.517090 -0.631714 1576.482178
v -1063.517090 -0.631760 1640.482178
v -1983.517090 -0.631714 1000.482178
v -927.517090 319.368225 1128.482178
v -1599.517090 -0.631729 1000.482178
v -1063.517090 15.368240 936.482117
v -1127.517090 79.368240 1448.482178
v -1727.517090 -0.631729 1576.482178
v -1151.517090 319.368225 680.482117
v -1151.517090 319.368225 1896.482178
v -927.517029 319.368225 1768.482178
v -927.517151 319.368225 808.482056
v -927.517151 -0.631760 808.482117
v -927.517029 -0.631760 1768.482178
v -1055.517090 63.368240 1136.482178
v -927.517090 63.368240 1320.482178
v -1599.517090 -0.631729 1576.482178
v -1063.517090 79.368240 1448.482178
v -1063.517090 87.368240 1448.482178
v -1063.517090 23.368240 1640.482178
v -1055.517090 23.368240 1640.482178
v -1055.517090 87.368240 1448.482178
v -1055.517090 -0.631760 1448.482178
v -1055.517090 -0.631760 1640.482178
v -1063.517090 -0.631760 1640.482178
v -1063.517090 -0.631760 1448.482178
v -1055.517090 23.368240 936.482117
v -1055.517090 -0.631760 936.482117
v -1407.517090 -128.631744 1384.482178
v -1407.517090 -128.631744 1192.482178
v -1407.517090 -256.631744 1192.482178
v -1407.517090 -256.631744 1384.482300
v -1063.517090 23.368240 936.482117
v -1063.517090 -0.631760 936.482117
v -1055.517090 79.368240 1448.482178
v -1127.517090 79.368240 1128.482178
v -1535.517090 -256.631744 1256.482178
v -1063.517090 15.368240 1640.482178
v -927.517090 319.368225 1640.482178
v -927.517090 319.368225 936.482117
v -1535.517090 -160.631744 1384.482178
v -1535.517090 -160.631744 1192.482178
v -1727.517090 -0.631729 1064.482178
v -1535.517090 -64.631737 1128.482178
v -1343.517090 -64.631744 1384.482178
v -1599.517090 -64.631737 1384.482178
v -1535.517090 -64.631737 1448.482178
v -1599.517090 -32.631729 1512.482178
v -1407.517090 -64.631744 1448.482178
v -1727.517090 -0.631729 1512.482178
v -1215.517090 -0.631744 1064.482178
v -1343.517090 -64.631744 1192.482178
v -1407.517090 -64.631744 1128.482178
v -1343.517090 -32.631744 1512.482178
v -1599.517090 -64.631737 1192.482178
v -1599.517090 -64.631737 1448.482178
v -1279.517090 -32.631744 1128.482178
v -1215.517090 -0.631744 1512.482178
v -1663.517090 -0.631729 1000.482178
v -1279.517090 -32.631744 1512.482178
v -1663.517090 -32.631729 1448.482178
v -1663.517090 -0.631729 1576.482178
v -1343.517090 -64.631744 1128.482178
v -1279.517090 -0.631744 1576.482178
v -1279.517090 -0.631744 1000.482178
v -1663.517090 -32.631729 1064.482178
v -1599.517090 -32.631729 1064.482178
v -1663.517090 -32.631729 1512.482178
v -1279.517090 -32.631744 1448.482178
v -1343.517090 -64.631744 1448.482178
v -1343.517090 -32.631744 1064.482178
v -1279.517090 -32.631744 1064.482178
v -1663.517090 -32.631729 1128.482178
v -1599.517090 -64.631737 1128.482178
v -1119.517090 87.368240 1440.482178
v -1119.517090 87.368240 1136.482178
v -1055.517090 63.368240 1448.482178
v -927.517090 127.368240 1256.482178
v -1119.517090 63.368240 1440.482178
v -927.517090 63.368240 1256.482178
v -1127.517090 87.368240 1128.482178
v -1127.517090 87.368240 1448.482178
v -927.517090 159.368240 1320.482178
v -1063.517090 -0.631760 1128.482178
v -927.517090 63.368240 1448.482178
v -1055.517090 79.368240 1440.482178
v -1127.517090 -0.631760 1448.482178
v -1119.517090 79.368240 1136.482178
v -927.517090 159.368240 1256.482178
v -1063.517090 87.368240 1128.482178
v -1055.517090 87.368240 1136.482178
v -1055.517090 87.368240 1128.482178
v -1055.517090 63.368240 1128.482178
v -927.517090 63.368240 1128.482178
v -911.517090 63.368240 1288.482178
v -911.517090 63.368240 1320.482178
v -911.517090 159.368240 1256.482178
v -911.517090 63.368240 1256.482178
v -911.517090 159.368240 1320.482178
vt 2.000000 1.000000
vt -1.000000 -4.000000
vt -1.000000 1.000000
vt 2.000000 -2.000000
vt -1.000000 3.000000
vt -1.000000 -2.000000
vt -4.000000 0.000000
vt 1.000000 -1.000000
vt 1.000000 1.000000
vt 1.000000 -1.000000
vt -4.000000 0.000000
vt 1.000000 1.000000
vt -2.000000 -1.000000
vt 1.000000 1.000000
vt 1.000000 -1.000000
vt 1.000000 -2.000000
vt 2.000002 0.000000
vt -1.000000 0.000000
vt 1.000000 0.000000
vt -1.000000 0.000000
vt -1.000000 -0.500000
vt -1.000000 -0.499321
vt -1.000000 0.000679
vt 1.000000 0.000679
vt 1.000000 1.000000
vt -2.000000 -1.000000
vt 1.000002 -1.000000
vt 1.296082 -1.486942
vt 1.296080 -0.391495
vt 0.383209 -0.574068
vt 0.142502 0.000000
vt 0.849608 -1.000000
vt 1.556715 0.000000
vt 0.005280 -1.000000
vt 0.899706 -1.000000
vt 1.123312 0.000000
vt 1.655069 0.000000
vt 0.760641 0.000000
vt 0.537035 -1.000000
vt 1.138454 -1.233902
vt 1.321030 -0.321030
vt 0.225586 -0.321030
vt 0.383209 0.425932
vt 0.200636 -0.486940
vt 1.296082 -0.486942
vt 0.142502 -1.000000
vt 0.849608 0.000000
vt 0.142502 0.000000
vt -0.020599 -1.170288
vt 1.074844 -0.074844
vt -0.020599 -0.074844
vt 0.000000 -0.157486
vt 1.000000 -0.864594
vt 1.000000 -0.157486
vt 0.241776 -0.999756
vt 1.583416 -0.999756
vt 0.241776 1.000244
vt -1.000000 0.169807
vt -1.000000 -1.171829
vt 2.000000 0.169807
vt 0.123343 0.000000
vt 1.017771 -1.000000
vt 1.241379 0.000000
vt 0.000000 0.287815
vt 1.000000 -0.606613
vt 1.000000 0.287815
vt -0.462965 -1.000000
vt 0.655069 -1.000000
vt 0.655069 0.000000
vt 1.123312 0.000000
vt 0.005280 0.000000
vt 0.005280 -1.000000
vt -3.000000 -0.832832
vt 2.000000 -0.832832
vt 1.000000 0.285202
vt 0.225586 -0.321030
vt 0.225582 -1.416473
vt 1.138454 -1.233902
vt 0.223373 -1.465309
vt 1.344002 -0.344677
vt 0.036598 -0.157906
vt 0.123343 -1.000000
vt 1.017771 0.000000
vt 0.123343 0.000000
vt 1.419062 0.000000
vt 0.077421 0.000000
vt 1.419062 -2.000000
vt 1.000000 3.000000
vt 1.000000 -2.000000
vt -2.000000 -2.000000
vt 1.000000 -4.000000
vt 1.000000 1.000000
vt -2.000000 1.000000
vt -2.000000 1.000000
vt -2.000000 -1.000000
vt 3.000000 0.000000
vt 3.000000 0.000000
vt -2.000000 -1.000000
vt -2.000000 1.000000
vt -1.000000 -2.000000
vt -1.000000 0.000000
vt 2.000000 0.000000
vt 0.000000 1.000000
vt 0.000000 -1.000000
vt 1.000000 -1.000000
vt 0.000000 -1.000000
vt 1.000002 -1.000000
vt 1.000002 1.000000
vt -1.000000 1.000000
vt 0.000000 -1.000000
vt 1.000000 -1.000000
vt -1.000000 0.500000
vt -1.000000 -1.000000
vt 1.000000 -1.000000
vt 0.000000 -2.000000
vt 0.000000 0.000000
vt -2.000000 -0.500000
vt 0.000000 0.000679
vt 0.000000 -1.999321
vt -2.000000 -0.499321
vt 1.000000 -0.999321
vt -1.000000 -0.999321
vt -1.000000 0.500679
vt 2.000000 0.000000
vt -1.000000 0.000000
vt -1.000000 -2.000000
vt 0.142502 0.000000
vt 0.142502 -1.000000
vt 0.849608 -1.000000
vt 0.142502 -1.000000
vt 1.556715 -1.000000
vt 0.849608 0.000000
vt -0.020599 -1.170288
vt 0.892273 -0.987717
vt 1.074844 -0.074844
vt 0.000000 -0.157486
vt 0.000000 -1.571697
vt 1.000000 -0.864594
vt 0.583416 -1.999756
vt 0.583416 0.000244
vt -0.758224 0.000244
vt 1.241776 -0.999756
vt 1.241776 0.000244
vt 0.123741 0.000244
vt 1.123741 -0.999756
vt 1.123741 0.000244
vt 0.005707 0.000244
vt 0.005707 3.000244
vt 0.005707 -2.999756
vt 1.123741 -1.999756
vt 0.005707 -0.999756
vt 1.123741 -0.999756
vt 1.123741 0.000244
vt 0.123741 -0.999756
vt 1.241776 -0.999756
vt 1.241776 0.000244
vt 1.241776 0.000244
vt 0.123741 1.000244
vt 1.241776 -1.999756
vt 1.123741 0.000244
vt 0.005707 1.000244
vt 1.123741 -3.999756
vt 1.241776 -0.999756
vt 0.123741 2.000244
vt 0.123741 -1.999756
vt -2.000000 -1.171829
vt 1.000000 -1.171829
vt 1.000000 0.169807
vt 0.000000 -0.830193
vt 1.000000 -0.830193
vt 1.000000 0.287846
vt 0.000000 -0.712154
vt 1.000000 -0.712154
vt 1.000000 0.405876
vt 5.000000 -0.594124
vt -2.000000 -0.594124
vt -1.000000 -1.712154
vt 0.000000 0.405876
vt 0.000000 -0.712154
vt 1.000000 -0.712154
vt 0.000000 0.287846
vt 0.000000 -0.830193
vt 1.000000 -0.830193
vt 1.000000 -0.830193
vt 2.000000 0.287846
vt -2.000000 -0.830193
vt 2.000000 -0.712154
vt 3.000000 0.405876
vt -3.000000 -0.712154
vt -1.000000 -0.830193
vt 3.000000 0.287846
vt -2.000000 0.287846
vt 0.123343 0.000000
vt 0.123343 -1.000000
vt 1.017771 -1.000000
vt 0.000000 0.287815
vt 0.000000 -0.830223
vt 1.000000 -0.606613
vt 2.000000 -0.373158
vt -1.000000 -0.373158
vt -1.000000 -1.714798
vt 1.000000 0.285202
vt 0.000000 0.285202
vt 0.000000 -0.832832
vt 1.000000 0.167168
vt 0.000000 0.167168
vt 0.000000 -0.950867
vt -4.000000 -0.950867
vt 3.000000 -0.950867
vt 2.000000 0.167168
vt 1.000000 -0.950867
vt 1.000000 0.167168
vt 0.000000 0.167168
vt 1.000000 -0.832832
vt 1.000000 0.285202
vt 0.000000 0.285202
vt 1.000000 0.626842
vt -2.000000 -0.714798
vt 1.000000 -0.714798
vt 0.000000 0.285202
vt -1.000000 -0.832832
vt 3.000000 0.285202
vt -1.000000 0.167168
vt -2.000000 -0.950867
vt 4.000000 0.167168
vt 0.223373 -1.465309
vt 1.032715 -1.154022
vt 1.344002 -0.344677
vt 0.123343 -1.000000
vt 1.241379 -1.000000
vt 1.017771 0.000000
vt 0.077421 1.000000
vt 0.077421 -1.000000
vt 1.419062 -1.000000
vt 0.419062 0.000000
vt 0.419062 -1.000000
vt 1.537096 -1.000000
vt 0.537096 0.000000
vt 0.537096 -1.000000
vt 1.655130 -1.000000
vt 0.655130 -4.000000
vt 0.655130 2.000000
vt -0.462904 1.000000
vt 1.655130 0.000000
vt 0.537096 0.000000
vt 0.537096 -1.000000
vt 1.537096 0.000000
vt 0.419062 0.000000
vt 0.419062 -1.000000
vt 0.419062 -1.000000
vt 1.537096 -2.000000
vt 0.419062 1.000000
vt 0.537096 -1.000000
vt 1.655130 -2.000000
vt 0.537096 3.000000
vt -0.580938 0.000000
vt 0.537096 -3.000000
vt 0.537096 1.000000
vt 3.999939 0.749998
vt -6.000061 0.499998
vt 3.999939 0.499998
vt -0.250000 0.750000
vt 0.000000 0.500000
vt -0.250000 0.500000
vt -1.250000 0.750000
vt 0.750000 0.500000
vt -1.250000 0.500000
vt 4.000000 1.500000
vt -2.000000 -0.250000
vt -2.000000 -0.500000
vt 0.000000 -0.250000
vt -0.250000 -0.500000
vt 0.000000 -0.500000
vt -3.000000 -0.250000
vt 7.000000 -0.250000
vt -2.750000 0.000000
vt 1.000000 0.499980
vt 0.750000 0.749980
vt 1.000000 0.749980
vt -2.000000 0.750000
vt 0.000000 0.500000
vt 0.000000 0.750000
vt -2.750000 0.750000
vt 6.750000 0.500000
vt -2.750000 0.500000
vt -1.000000 -0.249994
vt 1.000000 -0.499994
vt -1.000000 -0.499994
vt 0.000000 0.750000
vt 0.250000 0.750000
vt 0.000000 0.500000
vt 2.000000 -0.250000
vt -4.000000 1.500000
vt 2.000000 -0.500000
vt -0.250000 0.750000
vt -2.250000 0.500000
vt -0.250000 0.500000
vt 6.999939 0.749998
vt -3.000061 0.749998
vt -3.000061 0.499998
vt -0.250000 0.750000
vt 0.000000 0.750000
vt 0.000000 0.500000
vt -2.250000 0.750000
vt -0.250000 0.750000
vt -0.250000 0.500000
vt 2.000000 0.500000
vt 2.000000 0.750000
vt -4.000000 -1.250000
vt 0.000000 -0.250000
vt -0.250000 -0.250000
vt -0.250000 -0.500000
vt 1.000000 -0.250000
vt 1.000000 0.000000
vt 0.750000 0.000000
vt 1.000000 -0.250000
vt 0.750000 0.000000
vt 0.750000 -2.000000
vt 0.250000 0.000000
vt 0.000000 0.000000
vt 0.000000 -0.250000
vt 0.250000 -2.000000
vt 0.250000 0.000000
vt 0.000000 -0.250000
vt 1.000000 -1.250000
vt 1.000000 0.750000
vt 0.750000 -1.000000
vt 0.250000 -1.000000
vt 0.000000 0.750000
vt 0.000000 -1.250000
vt 4.000000 -0.250000
vt 3.750000 0.000000
vt -5.750000 0.000000
vt -2.000000 1.749980
vt 4.000000 -0.250020
vt -2.000000 1.499980
vt 2.000000 -0.250020
vt 2.000000 -0.500020
vt -4.000000 1.499980
vt 1.000000 0.499980
vt 0.750000 0.499980
vt 0.750000 0.749980
vt -1.000000 0.750000
vt -1.000000 0.500000
vt 1.000000 0.500000
vt -5.750000 0.750000
vt 3.750000 0.750000
vt 3.750000 0.500000
vt -2.000000 -0.249994
vt 0.000000 -0.249994
vt 0.000000 -0.499994
vt 0.250000 0.750000
vt 0.250000 0.500000
vt 0.000000 0.500000
vt 4.000000 1.500000
vt -2.000000 -0.500000
vt -2.000000 -0.250000
vt -4.000000 -1.250000
vt 2.000000 0.750000
vt 2.000000 0.500000
vt 4.000000 -0.250000
vt -2.000000 1.750000
vt -2.000000 1.500000
vt 0.750000 0.750000
vt -1.250000 0.750000
vt -1.250000 0.500000
vt -1.000000 2.000000
vt 1.000000 -0.500000
vt 2.000000 -0.500000
vt -10.750000 7.124992
vt -10.500000 7.124992
vt -10.500000 7.249992
vt 0.000000 -0.000000
vt 2.000000 0.166667
vt 0.000000 0.833333
vt -0.333333 -0.000001
vt 3.000000 0.833332
vt -0.333333 0.833332
vt -11.083334 -0.000000
vt -11.750000 0.833333
vt -11.083334 0.833333
vt -11.750000 -0.000000
vt -11.083334 0.833333
vt -11.750000 0.833333
vt 10.666667 0.166667
vt 12.666667 -0.000000
vt 12.666667 0.833333
vt 2.916667 -0.750000
vt -0.250000 -0.250000
vt -0.250000 -0.750000
vt 2.000000 -0.250000
vt -1.333333 -1.250000
vt 2.000000 -1.250000
vt 1.000000 -1.000000
vt 1.000000 3.000000
vt -1.000000 0.500000
vt 3.000000 1.000000
vt -2.000000 1.000000
vt 1.000000 -1.500000
vt 0.000000 3.000000
vt 0.000000 -1.000000
vt 2.000000 0.500000
vt -1.000000 0.000000
vt 1.000000 0.000000
vt 1.000000 1.000000
vt -1.000000 0.000000
vt 1.000000 1.000000
vt 1.000000 1.500000
vt 0.000000 1.000000
vt 0.000000 0.000000
vt 2.000000 0.000000
vt 0.000000 1.500000
vt 0.000000 1.000000
vt 2.000000 0.000000
vt -10.500000 7.249992
vt -11.000000 7.249992
vt -10.750000 7.124992
vt -11.000000 7.249992
vt -11.000000 7.124992
vt -10.750000 7.124992
vt -1.000000 -0.000000
vt 1.000000 -0.000000
vt 1.000000 0.166667
vt -1.333333 -0.000001
vt 2.000000 -0.000001
vt 2.000000 0.833332
vt -11.083334 -0.000000
vt -11.750000 -0.000000
vt -11.750000 0.833333
vt -11.750000 -0.000000
vt -11.083334 -0.000000
vt -11.083334 0.833333
vt 10.666667 0.166667
vt 10.666667 -0.000000
vt 12.666667 -0.000000
vt 1.916667 -0.750000
vt 1.916667 -0.250000
vt -1.250000 -0.250000
vt 3.000000 -0.250000
vt -0.333333 -0.250000
vt -0.333333 -1.250000
vt -0.000003 1.614460
vt 0.999997 -1.547819
vt 0.999997 1.614458
vt -1.000002 -2.341206
vt -0.000002 0.821071
vt -1.000002 0.821071
vt -0.000003 2.614460
vt -0.000002 -0.547819
vt 0.999997 -0.547819
vt -1.000002 -1.341206
vt -0.000002 -1.341206
vt -0.000002 1.821071
vt 2.000000 -0.500000
vt -1.000000 -0.625000
vt -1.000000 -0.500000
vt 1.000000 -0.500000
vt 1.000000 -0.625000
vt -2.000000 -0.625000
vt 2.000000 0.500000
vt -2.500000 0.500000
vt 2.000000 -1.500000
vt 8.500000 -9.500000
vt 9.500000 -8.812500
vt 8.000000 -8.312500
vt 8.500000 -12.500000
vt 6.000000 -12.500000
vt 8.500000 -13.500000
vt 6.000000 -12.500000
vt 6.000000 -14.000000
vt 8.500000 -13.500000
vt -1.000000 0.000000
vt 1.500000 -1.500000
vt 1.500000 0.500000
vt -1.500000 -1.500000
vt 3.000000 -1.500000
vt -1.500000 0.500000
vt 0.000000 -1.500000
vt 2.500000 0.000000
vt 0.000000 0.500000
vt 1.500000 -1.000000
vt 1.500000 0.500000
vt -1.000000 -0.500000
vt 2.500000 -0.500000
vt 0.000000 -0.500000
vt 0.000000 -1.500000
vt 1.500000 -1.000000
vt 0.500000 0.750000
vt -0.500000 -0.312500
vt 14.500000 -7.250000
vt 13.500000 -7.250000
vt 13.500000 -8.312500
vt 13.500000 -8.312500
vt 12.000000 -8.312500
vt 12.000000 -8.812500
vt 0.000000 -1.500000
vt 2.500000 -1.500000
vt 0.000000 1.500000
vt 1.500000 -2.500000
vt 1.500000 1.000000
vt -1.000000 0.500000
vt 1.500000 -1.000000
vt -0.500000 -0.312500
vt -1.000000 -1.500000
vt 13.500000 -8.312500
vt 12.000000 -8.812500
vt 13.000000 -9.500000
vt 9.500000 -8.812500
vt 9.500000 -8.312500
vt 8.000000 -8.312500
vt 12.000000 -8.812500
vt 9.500000 -8.812500
vt 13.000000 -9.500000
vt 8.500000 -9.500000
vt 13.000000 -9.500000
vt 9.500000 -8.812500
vt 6.000000 -12.500000
vt 8.500000 -12.500000
vt 8.500000 -9.500000
vt 7.000000 -7.250000
vt 6.000000 -9.000000
vt 8.000000 -8.312500
vt 6.000000 -9.000000
vt 6.000000 -12.500000
vt 8.500000 -9.500000
vt 8.000000 -8.312500
vt 6.000000 -9.000000
vt 8.500000 -9.500000
vt 8.000000 -8.312500
vt 8.000000 -7.250000
vt 7.000000 -7.250000
vt 4.314978 -0.000000
vt 5.212047 0.769531
vt 5.212047 -0.000000
vt -2.253606 -0.199219
vt -2.253606 -0.968750
vt -3.330530 -0.968750
vt -4.254944 -0.199219
vt -3.634770 -0.968750
vt -4.254944 -0.968750
vt 4.515624 -0.230469
vt 3.131009 -1.000000
vt 3.131009 -0.230469
vt 2.388919 0.769531
vt 1.491848 -0.000000
vt 1.491848 0.769531
vt 2.669470 -0.214844
vt 2.977162 -0.984375
vt 2.977162 -0.214844
vt -3.792068 -0.183594
vt -3.792068 -0.953125
vt -3.330529 -0.953125
vt -0.972791 -0.214844
vt -0.352618 -0.984375
vt -0.352618 -0.214844
vt 4.082932 -0.814904
vt 4.544469 -0.199519
vt 4.082931 -0.199519
vt 2.977164 -0.230769
vt 3.438703 -0.846154
vt 3.438703 -0.230769
vt 4.544468 -0.968750
vt 4.852159 -0.199219
vt 4.544467 -0.199219
vt 4.314978 -0.000000
vt 4.314978 0.769531
vt 5.212047 0.769531
vt -3.330530 -0.968750
vt -3.792068 -0.968750
vt -3.792068 -0.199219
vt -3.792068 -0.199219
vt -2.253606 -0.199219
vt -3.330530 -0.968750
vt -4.254944 -0.199219
vt -3.634770 -0.199219
vt -3.634770 -0.968750
vt 4.515624 -0.230469
vt 4.515624 -1.000000
vt 3.131009 -1.000000
vt 2.388919 0.769531
vt 2.388919 -0.000000
vt 1.491848 -0.000000
vt 2.669470 -0.214844
vt 2.669470 -0.984375
vt 2.977162 -0.984375
vt -3.330529 -0.953125
vt -2.253606 -0.953125
vt -2.253606 -0.183594
vt -2.253606 -0.183594
vt -3.792068 -0.183594
vt -3.330529 -0.953125
vt -0.972791 -0.214844
vt -0.972791 -0.984375
vt -0.352618 -0.984375
vt 4.082932 -0.814904
vt 4.544470 -0.968750
vt 4.544469 -0.199519
vt 2.977164 -0.230769
vt 2.977164 -1.000000
vt 3.438703 -0.846154
vt 4.544468 -0.968750
vt 4.852160 -0.968750
vt 4.852159 -0.199219
vt -0.250000 -0.000000
vt 0.000000 0.500000
vt -0.250000 0.500000
vt 1.000000 0.333312
vt 0.833334 0.666646
vt 1.000000 0.666646
vt 1.333334 0.333333
vt -2.666666 -0.666667
vt 1.333334 0.666667
vt 0.000000 -0.666661
vt -1.333334 -0.333327
vt 0.000000 -0.333327
vt 2.833334 0.333333
vt -3.500000 0.666667
vt 2.833334 0.666667
vt 0.000000 -0.000000
vt -0.250000 0.500000
vt 0.000000 0.500000
vt -1.333334 0.333333
vt 0.000000 0.666667
vt -1.333334 0.666667
vt -0.250000 -0.000000
vt 0.000000 -0.000000
vt 0.000000 0.500000
vt -1.000000 0.666646
vt 3.000000 -0.666688
vt -1.000000 0.333312
vt 2.000000 0.333312
vt 2.000000 -0.000021
vt -2.000000 1.333312
vt 1.000000 0.333312
vt 0.833334 0.333312
vt 0.833334 0.666646
vt 0.333334 0.666667
vt 0.500000 0.666667
vt 0.500000 0.333333
vt 3.333334 1.333333
vt -0.666666 -0.000000
vt -0.666666 0.333333
vt 0.333334 0.666667
vt 0.500000 0.333333
vt 0.333334 0.333333
vt 0.000000 -0.666661
vt -1.333334 -0.666661
vt -1.333334 -0.333327
vt 4.833334 0.333333
vt -1.500000 0.333333
vt -1.500000 0.666667
vt 0.000000 -0.000000
vt -0.250000 -0.000000
vt -0.250000 0.500000
vt -1.333334 0.333333
vt 0.000000 0.333333
vt 0.000000 0.666667
vt -1.400002 0.601562
vt -0.600002 0.001563
vt -0.600002 0.601562
vt -1.400002 0.001563
vt -0.600002 0.601562
vt -0.600002 0.001563
vt -0.400002 0.601562
vt -0.400002 0.001563
vt 0.399998 0.001563
vt -0.400002 0.001563
vt -0.400002 0.601562
vt 0.399998 0.601562
vn 0.1961 -0.9806 0.0000
vn -0.1961 0.9806 0.0000
vn 0.0000 0.0000 1.0000
vn 0.0000 0.0000 -1.0000
vn 1.0000 0.0000 0.0000
vn 0.0000 1.0000 0.0000
vn -1.0000 0.0000 0.0000
vn -0.1709 0.9702 0.1716
vn -0.4472 0.8944 0.0000
vn -0.2357 0.9428 0.2357
vn 0.0977 0.8581 0.5042
vn 0.5042 0.8581 0.0977
vn 0.4703 0.7465 0.4708
vn 0.2357 0.9428 0.2357
vn 0.4472 0.8944 0.0000
vn 0.1710 0.9702 0.1716
vn -0.2357 0.9428 -0.2357
vn -0.1710 0.9702 -0.1716
vn 0.2357 0.9428 -0.2357
vn 0.0000 0.8944 -0.4472
vn 0.1710 0.9702 -0.1716
vn 0.0000 0.8944 0.4472
vn -0.0977 0.8581 0.5042
vn -0.5042 0.8581 0.0977
vn -0.2160 0.9522 0.2159
vn 0.3954 0.9167 -0.0579
vn 0.0579 0.9167 -0.3954
vn 0.2159 0.9522 -0.2160
vn -0.5042 0.8581 -0.0977
vn -0.0977 0.8581 -0.5042
vn -0.2159 0.9522 -0.2161
vn -0.4702 0.7465 0.4708
vn 0.0579 0.9167 0.3954
vn 0.3954 0.9167 0.0579
vn 0.2208 0.9502 0.2201
vn -0.3954 0.9167 -0.0579
vn -0.0579 0.9167 -0.3954
vn 0.5042 0.8581 -0.0977
vn 0.0977 0.8581 -0.5042
vn 0.4702 0.7465 -0.4708
vn -0.0579 0.9167 0.3954
vn -0.3954 0.9167 0.0579
vn -0.4703 0.7465 -0.4708
vn -0.0000 0.9871 0.1601
vn 0.0000 0.9871 -0.1601
vn 0.0000 0.9487 0.3162
vn 0.0001 0.9871 0.1602
vn 0.0000 0.9871 -0.1602
vn 0.0000 0.9487 -0.3162
vn -0.0000 0.9871 0.1602
vn 0.0000 -1.0000 0.0000
vn 0.8575 0.0000 0.5145
vn 0.9637 0.0000 0.2669
vn -0.2567 0.0000 -0.9665
vn -0.4961 0.0000 -0.8682
vn 0.9637 0.0000 -0.2669
vn 0.8575 0.0000 -0.5145
vn -0.2567 0.0000 0.9665
vn -0.4961 0.0000 0.8682
vc 1.0000 1.0000 1.0000 1.0000
g Room8mesh_#Room8#_materials/underwatergrass.vmat#SFX_1
usemtl materials/underwatergrass.vmat
f 627/2284/115 625/2285/115 628/2286/115
fc 22 22 22
f 631/2287/116 629/2288/116 632/2289/116
fc 22 22 22
f 625/2290/117 629/2291/117 628/2292/117
fc 22 22 22
f 630/2293/118 626/2294/118 627/2295/118
fc 22 22 22
f 632/2296/119 626/2297/119 631/2298/119
fc 22 22 22
f 638/2299/120 692/2300/120 691/2301/120
fc 22 22 22
f 690/2302/117 628/2303/117 702/2304/117
fc 22 22 22
f 701/2305/118 627/2306/118 689/2307/118
fc 22 22 22
f 689/2308/121 691/2309/121 692/2310/121
fc 22 22 22
f 732/2311/122 711/2312/123 648/2313/124
fc 22 22 22
f 704/2314/125 715/2315/126 628/2316/127
fc 22 22 22
f 645/2317/128 703/2318/129 726/2319/130
fc 22 22 22
f 647/2320/131 718/2321/123 720/2322/132
fc 22 22 22
f 668/2323/133 722/2324/134 728/2325/135
fc 22 22 22
f 648/2326/124 725/2327/136 732/2328/122
fc 22 22 22
f 713/2329/137 712/2330/138 723/2331/139
fc 22 22 22
f 721/2332/140 708/2333/141 716/2334/142
fc 22 22 22
f 705/2335/143 709/2336/144 730/2337/145
fc 22 22 22
f 704/2338/125 628/2339/127 713/2340/137
fc 22 22 22
f 712/2341/138 690/2342/146 705/2343/143
fc 22 22 22
f 727/2344/147 733/2345/148 734/2346/149
fc 22 22 22
f 729/2347/150 714/2348/151 720/2349/132
fc 22 22 22
f 720/2350/132 724/2351/134 647/2352/131
fc 22 22 22
f 726/2353/130 719/2354/136 645/2355/128
fc 22 22 22
f 733/2356/148 721/2357/140 706/2358/152
fc 22 22 22
f 728/2359/135 710/2360/129 668/2361/133
fc 22 22 22
f 706/2362/152 707/2363/153 627/2364/154
fc 22 22 22
f 731/2365/155 717/2366/156 732/2367/122
fc 22 22 22
f 709/2368/144 689/2369/157 707/2370/153
fc 22 22 22
f 627/2371/115 626/2372/115 625/2373/115
fc 22 22 22
f 631/2374/116 630/2375/116 629/2376/116
fc 22 22 22
f 625/2377/117 632/2378/117 629/2379/117
fc 22 22 22
f 630/2380/118 631/2381/118 626/2382/118
fc 22 22 22
f 632/2383/119 625/2384/119 626/2385/119
fc 22 22 22
f 691/2386/120 629/2387/120 697/2388/120
fc 22 22 22
f 638/2389/120 630/2390/120 692/2391/120
fc 22 22 22
f 691/2392/120 697/2393/120 638/2394/120
fc 22 22 22
f 702/2395/117 629/2396/117 691/2397/117
fc 22 22 22
f 691/2398/117 690/2399/117 702/2400/117
fc 22 22 22
f 689/2401/118 692/2402/118 701/2403/118
fc 22 22 22
f 692/2404/118 630/2405/118 701/2406/118
fc 22 22 22
f 689/2407/121 690/2408/121 691/2409/121
fc 22 22 22
f 704/2410/125 734/2411/149 715/2412/126
fc 22 22 22
f 713/2413/137 690/2414/146 712/2415/138
fc 22 22 22
f 721/2416/140 728/2417/135 708/2418/141
fc 22 22 22
f 705/2419/143 689/2420/157 709/2421/144
fc 22 22 22
f 628/2422/127 690/2423/146 713/2424/137
fc 22 22 22
f 713/2425/137 723/2426/139 731/2427/155
fc 22 22 22
f 731/2428/155 732/2429/122 725/2430/136
fc 22 22 22
f 725/2431/136 719/2432/136 727/2433/147
fc 22 22 22
f 719/2434/136 726/2435/130 727/2436/147
fc 22 22 22
f 727/2437/147 734/2438/149 704/2439/125
fc 22 22 22
f 713/2440/137 731/2441/155 704/2442/125
fc 22 22 22
f 731/2443/155 725/2444/136 727/2445/147
fc 22 22 22
f 704/2446/125 731/2447/155 727/2448/147
fc 22 22 22
f 690/2449/146 689/2450/157 705/2451/143
fc 22 22 22
f 705/2452/143 730/2453/145 729/2454/150
fc 22 22 22
f 729/2455/150 720/2456/132 718/2457/123
fc 22 22 22
f 718/2458/123 711/2459/123 717/2460/156
fc 22 22 22
f 711/2461/123 732/2462/122 717/2463/156
fc 22 22 22
f 717/2464/156 723/2465/139 712/2466/138
fc 22 22 22
f 705/2467/143 729/2468/150 712/2469/138
fc 22 22 22
f 729/2470/150 718/2471/123 717/2472/156
fc 22 22 22
f 712/2473/138 729/2474/150 717/2475/156
fc 22 22 22
f 727/2476/147 726/2477/130 733/2478/148
fc 22 22 22
f 729/2479/150 730/2480/145 714/2481/151
fc 22 22 22
f 627/2482/154 628/2483/127 715/2484/126
fc 22 22 22
f 715/2485/126 734/2486/149 733/2487/148
fc 22 22 22
f 733/2488/148 726/2489/130 703/2490/129
fc 22 22 22
f 703/2491/129 710/2492/129 721/2493/140
fc 22 22 22
f 710/2494/129 728/2495/135 721/2496/140
fc 22 22 22
f 721/2497/140 716/2498/142 706/2499/152
fc 22 22 22
f 627/2500/154 715/2501/126 706/2502/152
fc 22 22 22
f 715/2503/126 733/2504/148 706/2505/152
fc 22 22 22
f 733/2506/148 703/2507/129 721/2508/140
fc 22 22 22
f 706/2509/152 716/2510/142 707/2511/153
fc 22 22 22
f 731/2512/155 723/2513/139 717/2514/156
fc 22 22 22
f 689/2515/157 627/2516/154 707/2517/153
fc 22 22 22
f 707/2518/153 716/2519/142 708/2520/141
fc 22 22 22
f 708/2521/141 728/2522/135 722/2523/134
fc 22 22 22
f 722/2524/134 724/2525/134 714/2526/151
fc 22 22 22
f 724/2527/134 720/2528/132 714/2529/151
fc 22 22 22
f 714/2530/151 730/2531/145 709/2532/144
fc 22 22 22
f 707/2533/153 708/2534/141 709/2535/144
fc 22 22 22
f 708/2536/141 722/2537/134 714/2538/151
fc 22 22 22
f 709/2539/144 708/2540/141 714/2541/151
fc 22 22 22
g Room8mesh_#Room8#_materials/insidebanister.vmat.001#SFX_2#Steep
usemtl materials/insidebanister.vmat.001
f 742/2542/121 696/2543/121 667/2544/121
fc 22 22 22
f 693/2545/118 641/2546/118 666/2547/118
fc 22 22 22
f 741/2548/118 646/2549/118 696/2550/118
fc 22 22 22
f 646/2551/121 693/2552/121 666/2553/121
fc 22 22 22
f 681/2554/117 698/2555/117 635/2556/117
fc 22 22 22
f 741/2557/120 742/2558/120 736/2559/120
fc 22 22 22
f 695/2560/119 633/2561/119 682/2562/119
fc 22 22 22
f 736/2563/117 634/2564/117 751/2565/117
fc 22 22 22
f 736/2566/119 643/2567/119 748/2568/119
fc 22 22 22
f 735/2569/118 746/2570/118 643/2571/118
fc 22 22 22
f 752/2572/119 751/2573/119 637/2574/119
fc 22 22 22
f 680/2575/121 678/2576/121 698/2577/121
fc 22 22 22
f 679/2578/117 667/2579/117 678/2580/117
fc 22 22 22
f 742/2581/121 741/2582/121 696/2583/121
fc 22 22 22
f 693/2584/118 687/2585/118 641/2586/118
fc 22 22 22
f 741/2587/118 750/2588/118 646/2589/118
fc 22 22 22
f 646/2590/121 750/2591/121 693/2592/121
fc 22 22 22
f 681/2593/117 680/2594/117 698/2595/117
fc 22 22 22
f 679/2596/120 682/2597/120 633/2598/120
fc 22 22 22
f 679/2599/120 633/2600/120 735/2601/120
fc 22 22 22
f 751/2602/120 752/2603/120 750/2604/120
fc 22 22 22
f 736/2605/120 751/2606/120 750/2607/120
fc 22 22 22
f 742/2608/120 679/2609/120 735/2610/120
fc 22 22 22
f 736/2611/120 750/2612/120 741/2613/120
fc 22 22 22
f 742/2614/120 735/2615/120 736/2616/120
fc 22 22 22
f 682/2617/119 681/2618/119 695/2619/119
fc 22 22 22
f 681/2620/119 635/2621/119 695/2622/119
fc 22 22 22
f 695/2623/119 746/2624/119 633/2625/119
fc 22 22 22
f 736/2626/117 748/2627/117 634/2628/117
fc 22 22 22
f 736/2629/119 735/2630/119 643/2631/119
fc 22 22 22
f 735/2632/118 633/2633/118 746/2634/118
fc 22 22 22
f 751/2635/119 634/2636/119 637/2637/119
fc 22 22 22
f 637/2638/119 641/2639/119 687/2640/119
fc 22 22 22
f 687/2641/119 752/2642/119 637/2643/119
fc 22 22 22
f 680/2644/121 679/2645/121 678/2646/121
fc 22 22 22
f 679/2647/117 742/2648/117 667/2649/117
fc 22 22 22
g Room8mesh_#Room8#_materials/courtyardvariedwhitebricks.vmat#SFX_2#WALLPROPERTY_NO_LEDGE_GRAB
usemtl materials/courtyardvariedwhitebricks.vmat
f 664/2650/121 749/2651/121 743/2652/121
fc 22 22 22
f 755/2653/120 758/2654/120 740/2655/120
fc 22 22 22
f 686/2656/121 698/2657/121 678/2658/121
fc 22 22 22
f 640/2659/121 667/2660/121 696/2661/121
fc 22 22 22
f 744/2662/118 696/2663/118 646/2664/118
fc 22 22 22
f 747/2665/117 678/2666/117 667/2667/117
fc 22 22 22
f 666/2668/121 744/2669/121 646/2670/121
fc 22 22 22
f 739/2671/120 675/2672/120 650/2673/120
fc 22 22 22
f 745/2674/158 753/2675/159 737/2676/158
fc 22 22 22
f 745/2677/121 644/2678/121 743/2679/121
fc 22 22 22
f 644/2680/121 664/2681/121 743/2682/121
fc 22 22 22
f 664/2683/121 754/2684/121 749/2685/121
fc 22 22 22
f 754/2686/121 740/2687/121 738/2688/121
fc 22 22 22
f 754/2689/121 738/2690/121 749/2691/121
fc 22 22 22
f 652/2692/121 676/2693/121 745/2694/121
fc 22 22 22
f 743/2695/121 652/2696/121 745/2697/121
fc 22 22 22
f 740/2698/120 676/2699/120 755/2700/120
fc 22 22 22
f 676/2701/120 756/2702/120 755/2703/120
fc 22 22 22
f 686/2704/121 685/2705/121 698/2706/121
fc 22 22 22
f 640/2707/121 747/2708/121 667/2709/121
fc 22 22 22
f 744/2710/118 640/2711/118 696/2712/118
fc 22 22 22
f 747/2713/117 686/2714/117 678/2715/117
fc 22 22 22
f 666/2716/121 694/2717/121 744/2718/121
fc 22 22 22
f 739/2719/120 651/2720/120 675/2721/120
fc 22 22 22
f 745/2722/158 754/2723/159 753/2724/159
fc 22 22 22
g Room8mesh_#Room8#_materials/courtyardstairs.vmat#SFX_2
usemtl materials/courtyardstairs.vmat
f 649/2725/160 737/2726/161 684/2727/160
fc 22 22 22
f 753/2728/162 636/2729/163 688/2730/163
fc 22 22 22
f 649/2731/160 745/2732/164 737/2733/161
fc 22 22 22
f 753/2734/162 754/2735/162 636/2736/163
fc 22 22 22
g Room8mesh_#Room8#_materials/dev/reflectivity_30.vmat.033#SFX_2
usemtl materials/dev/reflectivity_30.vmat.033
f 684/2737/165 686/2738/165 683/2739/165
fc 22 22 22
f 684/2740/165 685/2741/165 686/2742/165
fc 22 22 22
g Room8mesh_#Room8#_materials/watergrass1.vmat#SFX_8
usemtl materials/watergrass1.vmat
f 668/2743/120 645/2744/120 661/2745/120
fc 22 22 22
f 648/2746/120 640/2747/120 694/2748/120
fc 22 22 22
f 665/2749/120 657/2750/120 645/2751/120
fc 22 22 22
f 657/2752/120 660/2753/120 645/2754/120
fc 22 22 22
f 660/2755/120 663/2756/120 645/2757/120
fc 22 22 22
f 663/2758/120 661/2759/120 645/2760/120
fc 22 22 22
f 661/2761/120 659/2762/120 668/2763/120
fc 22 22 22
f 659/2764/120 658/2765/120 668/2766/120
fc 22 22 22
f 658/2767/120 677/2768/120 668/2769/120
fc 22 22 22
f 656/2770/120 674/2771/120 662/2772/120
fc 22 22 22
f 674/2773/120 649/2774/120 662/2775/120
fc 22 22 22
f 662/2776/120 686/2777/120 747/2778/120
fc 22 22 22
f 677/2779/120 658/2780/120 647/2781/120
fc 22 22 22
f 658/2782/120 656/2783/120 647/2784/120
fc 22 22 22
f 656/2785/120 662/2786/120 647/2787/120
fc 22 22 22
f 662/2788/120 747/2789/120 647/2790/120
fc 22 22 22
f 640/2791/120 744/2792/120 694/2793/120
fc 22 22 22
f 747/2794/120 640/2795/120 647/2796/120
fc 22 22 22
f 648/2797/120 647/2798/120 640/2799/120
fc 22 22 22
f 657/2800/120 665/2801/120 648/2802/120
fc 22 22 22
f 673/2803/120 655/2804/120 694/2805/120
fc 22 22 22
f 655/2806/120 657/2807/120 648/2808/120
fc 22 22 22
f 694/2809/120 655/2810/120 648/2811/120
fc 22 22 22
f 694/2812/120 636/2813/120 673/2814/120
fc 22 22 22
g Room8mesh_#Room8#_materials/watergrasswall.vmat#SFX_2
usemtl materials/watergrasswall.vmat
f 660/2815/166 639/2816/167 663/2817/167
fc 22 22 22
f 670/2818/168 656/2819/168 658/2820/118
fc 22 22 22
f 670/2821/168 674/2822/169 656/2823/168
fc 22 22 22
f 642/2824/170 663/2825/167 639/2826/167
fc 22 22 22
f 654/2827/171 661/2828/170 642/2829/170
fc 22 22 22
f 672/2830/121 636/2831/121 700/2832/121
fc 22 22 22
f 653/2833/117 660/2834/117 657/2835/117
fc 22 22 22
f 669/2836/172 673/2837/173 672/2838/173
fc 22 22 22
f 745/2839/121 699/2840/121 644/2841/121
fc 22 22 22
f 700/2842/121 754/2843/121 664/2844/121
fc 22 22 22
f 649/2845/121 671/2846/121 699/2847/121
fc 22 22 22
f 660/2848/166 653/2849/166 639/2850/167
fc 22 22 22
f 658/2851/118 659/2852/118 654/2853/118
fc 22 22 22
f 654/2854/118 670/2855/168 658/2856/118
fc 22 22 22
f 670/2857/168 671/2858/169 674/2859/169
fc 22 22 22
f 642/2860/170 661/2861/170 663/2862/167
fc 22 22 22
f 654/2863/171 659/2864/171 661/2865/170
fc 22 22 22
f 672/2866/121 673/2867/121 636/2868/121
fc 22 22 22
f 657/2869/117 655/2870/172 669/2871/172
fc 22 22 22
f 669/2872/172 653/2873/117 657/2874/117
fc 22 22 22
f 669/2875/172 655/2876/172 673/2877/173
fc 22 22 22
f 745/2878/121 649/2879/121 699/2880/121
fc 22 22 22
f 700/2881/121 636/2882/121 754/2883/121
fc 22 22 22
f 649/2884/121 674/2885/121 671/2886/121
fc 22 22 22
g Room8mesh_#Room8#_materials/mossystone.vmat#SFX_2#WALLPROPERTY_NO_LEDGE_GRAB
usemtl materials/mossystone.vmat
f 685/2887/117 635/2888/117 698/2889/117
fc 22 22 22
f 737/2890/119 746/2891/119 695/2892/119
fc 22 22 22
f 753/2893/119 641/2894/119 637/2895/119
fc 22 22 22
f 651/2896/118 643/2897/118 746/2898/118
fc 22 22 22
f 739/2899/119 748/2900/119 643/2901/119
fc 22 22 22
f 688/2902/118 666/2903/118 641/2904/118
fc 22 22 22
f 650/2905/117 634/2906/117 748/2907/117
fc 22 22 22
f 685/2908/117 684/2909/117 635/2910/117
fc 22 22 22
f 695/2911/119 635/2912/119 737/2913/119
fc 22 22 22
f 635/2914/119 684/2915/119 737/2916/119
fc 22 22 22
f 737/2917/119 651/2918/119 746/2919/119
fc 22 22 22
f 637/2920/119 634/2921/119 675/2922/119
fc 22 22 22
f 753/2923/119 688/2924/119 641/2925/119
fc 22 22 22
f 637/2926/119 675/2927/119 753/2928/119
fc 22 22 22
f 651/2929/118 739/2930/118 643/2931/118
fc 22 22 22
f 739/2932/119 650/2933/119 748/2934/119
fc 22 22 22
f 688/2935/118 694/2936/118 666/2937/118
fc 22 22 22
f 650/2938/117 675/2939/117 634/2940/117
fc 22 22 22
g Room8mesh_#Room8#_materials/insidewalls.vmat#SFX_2#WALLPROPERTY_NO_LEDGE_GRAB
usemtl materials/insidewalls.vmat
f 749/2941/117 758/2942/117 757/2943/117
fc 22 22 22
f 676/2944/118 759/2945/118 756/2946/118
fc 22 22 22
f 749/2947/117 740/2948/117 758/2949/117
fc 22 22 22
f 676/2950/118 743/2951/118 759/2952/118
fc 22 22 22
g Room8mesh1_#Room8#
v -1215.517090 -9.031963 1576.482178
v -1727.517090 -9.031940 1000.482178
v -1727.517090 -9.031940 1576.482178
v -1215.517090 -9.031963 1000.482178
vt 13.000000 -13.500000
vt 8.500000 -9.500000
vt 8.500000 -13.500000
vt 13.000000 -13.500000
vt 13.000000 -9.500000
vt 8.500000 -9.500000
vn 0.0000 1.0000 0.0000
vc 1.0000 1.0000 1.0000 1.0000
g Room8mesh1_#Room8#_materials/water.vmat.003#NoCollision#Alpha7D#Animated8#MultiAlpha7D
usemtl materials/water.vmat.003
f 762/2953/174 763/2954/174 761/2955/174
fc 23 23 23
f 762/2956/174 760/2957/174 763/2958/174
fc 23 23 23
g Room8mesh2_#Room8#
v -911.517273 159.368256 1320.482178
v -927.517273 159.368256 1320.482178
v -927.517273 159.368256 1256.482178
v -911.517273 159.368256 1256.482178
v -929.235962 223.368256 1320.482178
v -929.235962 159.368256 1320.482178
v -929.235962 159.368256 1256.482178
v -929.235962 223.368256 1256.482178
v -2047.517090 319.368286 616.482178
v -863.517395 319.368256 616.482117
v -2047.517334 447.368317 616.482178
v -2047.517334 447.368317 1960.482178
v -863.517273 319.368256 1960.482178
v -2047.517090 319.368286 1960.482178
v -863.517395 447.368256 616.482117
v -863.517273 447.368256 1960.482178
vt 0.600000 -0.600000
vt -0.199999 -0.400001
vt 0.600000 -0.400001
vt 0.600000 -0.600000
vt -0.199999 -0.600000
vt -0.199999 -0.400001
vt 1.000000 0.000000
vt 0.000000 1.000000
vt 0.000000 0.000000
vt 1.000000 0.000000
vt 1.000000 1.000000
vt 0.000000 1.000000
vt -6.500000 0.000000
vt 4.000000 1.000000
vt 4.000000 0.000000
vt -6.999999 0.000000
vt 2.250000 1.000000
vt 2.250000 0.000000
vt 2.250000 1.000000
vt -6.999999 0.000000
vt 2.250000 0.000000
vt -6.500000 1.000000
vt 4.000000 0.000000
vt 4.000000 1.000000
vt -2.500000 0.000000
vt -2.500000 1.000000
vt 8.000000 1.000000
vt -3.999999 0.000000
vt -4.000000 1.000000
vt 5.250000 1.000000
vt 5.250000 1.000000
vt -4.000000 1.000000
vt -3.999999 0.000000
vt -2.500000 1.000000
vt -2.500000 0.000000
vt 8.000000 0.000000
vn 0.0000 -1.0000 0.0000
vn -1.0000 0.0000 0.0000
vn 1.0000 0.0000 0.0000
vn -0.0000 0.0000 -1.0000
vn 0.0000 0.0000 1.0000
vc 1.0000 1.0000 1.0000 1.0000
g Room8mesh2_#Room8#_materials/courtyardpillars.vmat.001#NoCollision
usemtl materials/courtyardpillars.vmat.001
f 765/2959/175 767/2960/175 764/2961/175
fc 24 24 24
f 765/2962/175 766/2963/175 767/2964/175
fc 24 24 24
g Room8mesh2_#Room8#_materials/stonemarking.vmat#SFX_2
usemtl materials/stonemarking.vmat
f 769/2965/176 771/2966/176 770/2967/176
fc 24 24 24
f 769/2968/176 768/2969/176 771/2970/176
fc 24 24 24
g Room8mesh2_#Room8#_materials/treeswater.vmat.003#NoCollision
usemtl materials/treeswater.vmat.003
f 772/2971/177 775/2972/177 777/2973/177
fc 24 24 24
f 777/2974/178 779/2975/178 776/2976/178
fc 24 24 24
f 778/2977/179 772/2978/179 773/2979/179
fc 24 24 24
f 778/2980/176 776/2981/176 779/2982/176
fc 24 24 24
f 772/2983/177 774/2984/177 775/2985/177
fc 24 24 24
f 777/2986/178 775/2987/178 779/2988/178
fc 24 24 24
f 778/2989/179 774/2990/179 772/2991/179
fc 24 24 24
f 778/2992/176 773/2993/176 776/2994/176
fc 24 24 24
g Room8mesh3_#Room8#
v -1063.517212 87.368263 1128.482178
v -1055.517212 87.368263 1128.482178
v -1063.517212 23.368263 1640.482178
v -1055.517212 23.368263 1640.482178
v -1063.517212 23.368263 936.482178
v -1063.517212 87.368263 1448.482178
v -1055.517212 23.368263 936.482178
v -1055.517212 87.368263 1448.482178
vt -1.332851 -0.250000
vt 4.991695 0.000000
vt -1.332851 0.000000
vt 2.719582 0.000000
vt -3.604973 -0.250000
vt 2.719582 -0.250000
vt -3.332851 -0.250000
vt 2.991695 -0.250000
vt 2.991695 0.000000
vt 4.719582 0.000000
vt -1.604973 0.000000
vt -1.604973 -0.250000
vn 0.0000 0.9487 0.3162
vn 0.0000 0.9487 -0.3162
vc 1.0000 1.0000 1.0000 1.0000
g Room8mesh3_#Room8#_materials/insidebanister.vmat.001#SFX_2#Steep
usemtl materials/insidebanister.vmat.001
f 785/2995/180 783/2996/180 787/2997/180
fc 25 25 25
f 781/2998/181 784/2999/181 780/3000/181
fc 25 25 25
f 785/3001/180 782/3002/180 783/3003/180
fc 25 25 25
f 781/3004/181 786/3005/181 784/3006/181
fc 25 25 25
g Room8mesh4_#Room8#
v -1542.304077 -257.841949 1384.482178
v -1542.304077 -257.841949 1192.482178
v -1855.529785 -257.841949 1192.482178
v -1855.529785 -257.841949 1384.482178
vt 1.000000 -1.500000
vt -2.000000 0.750000
vt 1.000000 0.750000
vt 2.000000 -1.500000
vt -1.000000 -1.500000
vt -1.000000 0.750000
vn 0.0000 1.0000 0.0000
vc 1.0000 1.0000 1.0000 1.0000
g Room8mesh4_#Room8#_materials/dev/reflectivity_30.vmat.043#SFX_2
usemtl materials/dev/reflectivity_30.vmat.043
f 788/3007/182 790/3008/182 791/3009/182
fc 26 26 26
f 788/3010/182 789/3011/182 790/3012/182
fc 26 26 26
g Door0_#Door#NoMesh
v 32.482742 63.368263 568.482361
v -31.517262 63.368263 568.482361
v -31.517256 159.368256 568.482361
v 32.482746 159.368256 568.482361
vt -0.500000 1.000000
vt 0.500000 2.500000
vt 0.500000 1.000000
vt -0.500000 1.000000
vt -0.500000 2.500000
vt 0.500000 2.500000
vn 0.0000 0.0000 -1.0000
vc 1.0000 1.0000 1.0000 1.0000
g Door0_#Door#NoMesh_materials/dev/reflectivity_30.vmat.034#SFX_2
usemtl materials/dev/reflectivity_30.vmat.034
f 793/3013/183 795/3014/183 792/3015/183
fc 27 27 27
f 793/3016/183 794/3017/183 795/3018/183
fc 27 27 27
g Door1_#Door#NoMesh
v 32.482742 63.368263 1176.482300
v -31.517262 63.368263 1176.482300
v -31.517256 159.368256 1176.482300
v 32.482746 159.368256 1176.482300
vt -0.500000 1.000000
vt 0.500000 2.500000
vt 0.500000 1.000000
vt -0.500000 1.000000
vt -0.500000 2.500000
vt 0.500000 2.500000
vn 0.0000 0.0000 -1.0000
vc 1.0000 1.0000 1.0000 1.0000
g Door1_#Door#NoMesh_materials/dev/reflectivity_30.vmat.035#SFX_2
usemtl materials/dev/reflectivity_30.vmat.035
f 797/3019/184 799/3020/184 796/3021/184
fc 28 28 28
f 797/3022/184 798/3023/184 799/3024/184
fc 28 28 28
g Door3_#Door#NoMesh
v 400.482727 159.368256 1320.482178
v 400.482727 159.368256 1256.482178
v 400.482727 63.368263 1256.482178
v 400.482727 63.368263 1320.482178
vt 0.000000 0.500000
vt 1.000000 -1.000000
vt 1.000000 0.500000
vt 0.000000 1.500000
vt 0.000000 0.000000
vt 1.000000 0.000000
vn -1.0000 0.0000 0.0000
vc 1.0000 1.0000 1.0000 1.0000
g Door3_#Door#NoMesh_materials/dev/reflectivity_30.vmat.036#SFX_2
usemtl materials/dev/reflectivity_30.vmat.036
f 801/3025/185 803/3026/185 800/3027/185
fc 29 29 29
f 801/3028/185 802/3029/185 803/3030/185
fc 29 29 29
g Door4_#Door#NoMesh
v 752.482666 159.368256 1320.482178
v 752.482666 159.368256 1256.482178
v 752.482666 63.368263 1256.482178
v 752.482666 63.368263 1320.482178
vt 0.000000 0.500000
vt 1.000000 -1.000000
vt 1.000000 0.500000
vt 0.000000 1.500000
vt 0.000000 0.000000
vt 1.000000 0.000000
vn -1.0000 0.0000 0.0000
vc 1.0000 1.0000 1.0000 1.0000
g Door4_#Door#NoMesh_materials/dev/reflectivity_30.vmat.037#SFX_2
usemtl materials/dev/reflectivity_30.vmat.037
f 805/3031/186 807/3032/186 804/3033/186
fc 30 30 30
f 805/3034/186 806/3035/186 807/3036/186
fc 30 30 30
g Door5_#Door#NoMesh
v 672.482727 159.368256 984.482239
v 608.482727 159.368256 984.482239
v 608.482727 63.368263 984.482239
v 672.482727 63.368263 984.482239
vt 9.500000 2.500000
vt 10.500000 1.000000
vt 10.500000 2.500000
vt 9.500000 2.500000
vt 9.500000 1.000000
vt 10.500000 1.000000
vn 0.0000 0.0000 1.0000
vc 1.0000 1.0000 1.0000 1.0000
g Door5_#Door#NoMesh_materials/dev/reflectivity_30.vmat.038#SFX_2
usemtl materials/dev/reflectivity_30.vmat.038
f 809/3037/187 811/3038/187 808/3039/187
fc 31 31 31
f 809/3040/187 810/3041/187 811/3042/187
fc 31 31 31
g Door6_#Door#NoMesh
v -399.517273 255.368286 1800.482300
v -399.517273 255.368286 1736.482300
v -399.517273 351.368286 1736.482300
v -399.517273 351.368286 1800.482300
vt -0.500000 0.000000
vt 0.500000 1.500000
vt 0.500000 0.000000
vt 0.500000 -1.000000
vt 0.500000 0.500000
vt 1.500000 0.500000
vn 1.0000 0.0000 0.0000
vc 1.0000 1.0000 1.0000 1.0000
g Door6_#Door#NoMesh_materials/dev/reflectivity_30.vmat.040#SFX_2
usemtl materials/dev/reflectivity_30.vmat.040
f 813/3043/188 815/3044/188 812/3045/188
fc 32 32 32
f 813/3046/188 814/3047/188 815/3048/188
fc 32 32 32
g Door7_#Door#NoMesh
v -399.517273 63.368263 1320.482178
v -399.517273 63.368263 1256.482178
v -399.517273 159.368256 1256.482178
v -399.517273 159.368256 1320.482178
vt 0.000000 0.000000
vt 1.000000 1.500000
vt 1.000000 0.000000
vt 0.000000 -1.000000
vt 0.000000 0.500000
vt 1.000000 0.500000
vn 1.0000 0.0000 0.0000
vc 1.0000 1.0000 1.0000 1.0000
g Door7_#Door#NoMesh_materials/dev/reflectivity_30.vmat.041#SFX_2
usemtl materials/dev/reflectivity_30.vmat.041
f 817/3049/189 819/3050/189 816/3051/189
fc 33 33 33
f 817/3052/189 818/3053/189 819/3054/189
fc 33 33 33
g Door8_#Door#NoMesh
v -911.517273 63.368263 1320.482178
v -911.517273 63.368263 1256.482178
v -911.517273 159.368256 1256.482178
v -911.517273 159.368256 1320.482178
vt 0.000000 0.000000
vt 1.000000 1.500000
vt 1.000000 0.000000
vt 0.000000 -1.000000
vt 0.000000 0.500000
vt 1.000000 0.500000
vn 1.0000 0.0000 0.0000
vc 1.0000 1.0000 1.0000 1.0000
g Door8_#Door#NoMesh_materials/dev/reflectivity_30.vmat.042#SFX_2
usemtl materials/dev/reflectivity_30.vmat.042
f 821/3055/190 823/3056/190 820/3057/190
fc 34 34 34
f 821/3058/190 822/3059/190 823/3060/190
fc 34 34 34
