# Blender v4.5.1 LTS OBJ File: 'StartingArea.blend'
# www.blender.org
mtllib StartingArea.mtl
g mesh_41_Collection
v 2259.333252 74.924988 -124.222565
v 2259.333252 74.924988 515.777466
v 1811.333252 74.925003 515.777466
v 1811.333252 74.925003 -124.222504
vt 3.500000 2.500000
vt -1.500000 6.000000
vt -1.500000 2.500000
vt 3.500000 2.500000
vt 3.500000 6.000000
vt -1.500000 6.000000
vn 0.0000 1.0000 0.0000
vc 1.0000 1.0000 1.0000 1.0000
g mesh_41_Collection_materials/water.vmat#NoCollision#Alpha7D#Animated8#MultiAlpha7D
usemtl materials/water.vmat
f 3/1/1 1/2/1 4/3/1
fc 1 1 1
f 3/4/1 2/5/1 1/6/1
fc 1 1 1
g mesh_55_Collection
v -172.666748 491.987549 -667.723450
v -172.666626 491.987549 676.276550
v 915.333374 491.987488 676.276428
v 915.333252 491.987488 -667.723572
v 915.333252 331.987488 -667.723572
v 915.333374 331.987488 676.276428
v -172.666626 331.987549 676.276550
v -172.666748 331.987549 -667.723450
v 1043.333252 331.987488 -411.723541
v 1043.333252 491.987488 -411.723541
v 1043.333374 331.987488 420.276428
v 1043.333374 491.987488 420.276459
v 711.110352 283.987488 -353.341766
v 679.110352 283.987488 -376.591156
v 639.556152 283.987488 -376.591156
v 607.556152 283.987518 -353.341766
v 595.333252 283.987518 -315.723511
v 607.556213 283.987518 -278.105255
v 639.556213 283.987488 -254.855927
v 679.110413 283.987488 -254.855927
v 711.110352 283.987488 -278.105286
v 723.333252 283.987488 -315.723541
v 723.333252 251.987503 -315.723541
v 711.110352 251.987503 -278.105286
v 679.110413 251.987503 -254.855927
v 639.556213 251.987503 -254.855927
v 607.556213 251.987518 -278.105255
v 595.333252 251.987518 -315.723511
v 607.556152 251.987518 -353.341766
v 639.556152 251.987503 -376.591156
v 679.110352 251.987503 -376.591156
v 711.110352 251.987503 -353.341766
v 787.333252 347.987488 -412.222565
v 787.333374 347.987488 419.777435
v 979.333374 347.987488 419.777435
v 979.333252 347.987488 -412.222565
v 883.333252 443.987488 -316.222565
v 883.333374 443.987488 323.777435
v 55.110382 283.987549 -353.341705
v 23.110382 283.987549 -376.591095
v -16.443817 283.987549 -376.591095
v -48.443817 283.987549 -353.341736
v -60.666718 283.987549 -315.723480
v -48.443817 283.987549 -278.105225
v -16.443817 283.987549 -254.855865
v 23.110382 283.987549 -254.855865
v 55.110382 283.987549 -278.105225
v 67.333282 283.987549 -315.723480
v 67.333282 251.987534 -315.723480
v 55.110382 251.987534 -278.105225
v 23.110382 251.987534 -254.855865
v -16.443817 251.987534 -254.855865
v -48.443817 251.987534 -278.105225
v -60.666718 251.987534 -315.723480
v -48.443817 251.987534 -353.341736
v -16.443817 251.987534 -376.591095
v 23.110382 251.987534 -376.591095
v 55.110382 251.987534 -353.341705
v 439.110352 283.987518 -529.341736
v 407.110352 283.987518 -552.591125
v 367.556152 283.987518 -552.591125
v 335.556152 283.987518 -529.341797
v 323.333252 283.987518 -491.723511
v 335.556152 283.987518 -454.105255
v 367.556183 283.987518 -430.855896
v 407.110382 283.987518 -430.855896
v 439.110382 283.987518 -454.105255
v 451.333282 283.987518 -491.723511
v 451.333282 251.987518 -491.723511
v 439.110382 251.987518 -454.105255
v 407.110382 251.987518 -430.855896
v 367.556183 251.987518 -430.855896
v 335.556152 251.987518 -454.105255
v 323.333252 251.987518 -491.723511
v 335.556152 251.987518 -529.341797
v 367.556152 251.987518 -552.591125
v 407.110352 251.987518 -552.591125
v 439.110352 251.987518 -529.341736
v 711.110474 283.987488 286.159210
v 679.110413 283.987488 262.909821
v 639.556213 283.987488 262.909821
v 607.556213 283.987518 286.159210
v 595.333374 283.987518 323.777466
v 607.556274 283.987518 361.395721
v 639.556274 283.987488 384.645050
v 679.110474 283.987488 384.645050
v 711.110474 283.987488 361.395691
v 723.333374 283.987488 323.777435
v 723.333374 251.987503 323.777435
v 711.110474 251.987503 361.395691
v 679.110474 251.987503 384.645050
v 639.556274 251.987503 384.645050
v 607.556274 251.987518 361.395721
v 595.333374 251.987518 323.777466
v 607.556213 251.987518 286.159210
v 639.556213 251.987503 262.909821
v 679.110413 251.987503 262.909821
v 711.110474 251.987503 286.159210
v 439.110443 283.987518 462.658264
v 407.110443 283.987518 439.408875
v 367.556244 283.987518 439.408875
v 335.556244 283.987518 462.658234
v 323.333344 283.987518 500.276489
v 335.556244 283.987518 537.894775
v 367.556244 283.987518 561.144104
v 407.110443 283.987518 561.144104
v 439.110443 283.987518 537.894775
v 451.333344 283.987518 500.276489
v 451.333344 251.987518 500.276489
v 439.110443 251.987518 537.894775
v 407.110443 251.987518 561.144104
v 367.556244 251.987518 561.144104
v 335.556244 251.987518 537.894775
v 323.333344 251.987518 500.276489
v 335.556244 251.987518 462.658234
v 367.556244 251.987518 439.408875
v 407.110443 251.987518 439.408875
v 439.110443 251.987518 462.658264
v 55.110443 283.987549 283.525909
v 23.110443 283.987549 260.276520
v -16.443756 283.987549 260.276520
v -48.443756 283.987549 283.525879
v -60.666656 283.987549 321.144135
v -48.443756 283.987549 358.762390
v -16.443756 283.987549 382.011749
v 23.110443 283.987549 382.011749
v 55.110443 283.987549 358.762390
v 67.333344 283.987549 321.144135
v 67.333344 251.987534 321.144135
v 55.110443 251.987534 358.762390
v 23.110443 251.987534 382.011749
v -16.443756 251.987534 382.011749
v -48.443756 251.987534 358.762390
v -60.666656 251.987534 321.144135
v -48.443756 251.987534 283.525879
v -16.443756 251.987534 260.276520
v 23.110443 251.987534 260.276520
v 55.110443 251.987534 283.525909
v 787.333313 155.987488 -60.222553
v 1235.333252 242.924988 67.777405
v 787.333313 155.987488 67.777443
v 1235.333252 242.924988 -60.222591
v 915.333374 338.924988 1091.777466
v 915.333374 210.925003 899.777405
v 2387.333252 306.924927 643.779297
v 915.333374 210.925003 1091.777466
v 1235.333374 402.924988 1091.777466
v 1235.333374 402.924988 899.777405
v 915.333374 338.924988 899.777405
v 2387.333252 306.924927 -252.222687
v 2259.333496 338.924927 1156.775391
v 1171.333252 306.924988 259.777405
v 2387.333252 416.784973 -252.222687
v 1809.741455 306.924957 835.793091
v 1239.459839 506.924988 835.793152
v 1812.925537 418.924988 835.761597
v 1235.333374 402.924988 1155.777466
v 1235.333374 402.924988 835.793152
v 1171.333252 416.785034 -252.222595
v 2259.333252 416.847168 643.775391
v 1747.333252 416.785004 643.777344
v 1809.741211 416.785004 642.185303
v 1171.333252 306.924988 -252.222595
v 1809.741211 306.924957 643.777344
v 1747.333252 306.924957 643.777344
v 1171.333252 416.785034 259.777405
v 2387.333252 416.784973 643.779297
v 2259.333496 448.784973 1154.779297
v 2259.333252 306.924927 643.779297
v 1875.349365 448.943024 1155.777344
v 1231.206909 506.924988 1155.777466
v 1875.333496 338.924957 1155.777344
v 723.333252 -4.012482 -243.723526
v 723.333252 -4.012482 124.276466
v -12.666687 -4.012451 252.276520
v -12.666718 -4.012451 124.276520
v 707.333252 59.987518 140.276474
v 707.333313 59.987518 236.276474
v -12.666718 -4.012451 -115.723480
v 723.333313 -4.012482 252.276474
v 3.333282 59.987549 140.276520
v -12.666748 -4.012451 -243.723480
v 3.333252 59.987549 -227.723480
v 707.333252 59.987518 -227.723526
v 707.333252 59.987518 -131.723526
v 3.333282 59.987549 -131.723480
v 3.333313 59.987549 236.276520
v 723.333252 -4.012482 -115.723534
vt 3.818182 1.034091
vt 2.363636 1.943182
vt 2.363636 1.034091
vt -2.363636 1.943182
vt 2.363636 1.034091
vt 2.363636 1.943182
vt -0.818182 1.943182
vt 5.363636 1.034091
vt 5.363636 1.943182
vt -0.818182 1.034091
vt 5.363636 1.943182
vt 5.363636 1.034091
vt -3.818182 1.943182
vt -2.363636 1.034091
vt -2.363636 1.943182
vt -3.818182 1.034091
vt 3.818182 1.943182
vt 3.818182 1.034091
vt 0.329179 0.889532
vt 5.695742 0.031250
vt 0.329179 0.031250
vt -1.500001 0.031250
vt 2.500000 0.889532
vt 2.500000 0.031250
vt 3.487563 0.080404
vt 3.000000 0.938325
vt 3.487563 0.938686
vt 7.000001 0.031232
vt 8.000001 0.889514
vt 8.000001 0.031232
vt 5.500015 0.031250
vt -1.500000 0.889532
vt -1.500000 0.031250
vt -0.447214 0.031250
vt 8.049844 0.889532
vt -0.447214 0.889532
vt 3.818182 1.034091
vt 3.818182 1.943182
vt 2.363636 1.943182
vt -2.363636 1.943182
vt -2.363636 1.034091
vt 2.363636 1.034091
vt -0.818182 1.943182
vt -0.818182 1.034091
vt 5.363636 1.034091
vt -0.818182 1.034091
vt -0.818182 1.943182
vt 5.363636 1.943182
vt -3.818182 1.943182
vt -3.818182 1.034091
vt -2.363636 1.034091
vt -3.818182 1.034091
vt -3.818182 1.943182
vt 3.818182 1.943182
vt 0.329179 0.889532
vt 5.695742 0.889532
vt 5.695742 0.031250
vt -1.500001 0.031250
vt -1.500001 0.889532
vt 2.500000 0.889532
vt 3.487563 0.080404
vt 3.000000 0.080404
vt 3.000000 0.938325
vt 7.000001 0.031232
vt 7.000001 0.890000
vt 8.000001 0.889514
vt 5.500015 0.031250
vt 5.500015 0.889532
vt -1.500000 0.889532
vt -0.447214 0.031250
vt 8.049844 0.031250
vt 8.049844 0.889532
vt 0.904508 -1.809017
vt 0.345492 -1.000000
vt 0.000000 -1.500000
vt 0.000000 -1.000000
vt 1.000000 -2.000000
vt 1.000000 -1.000000
vt 0.000000 -1.000000
vt 1.000000 -2.000000
vt 1.000000 -1.000000
vt 0.000000 -1.000000
vt 1.000000 -2.000000
vt 1.000000 -1.000000
vt 0.000000 -1.000000
vt 1.000000 -2.000000
vt 1.000000 -1.000000
vt 0.000000 -1.000000
vt 1.000000 -2.000000
vt 1.000000 -1.000000
vt 0.000000 -1.000000
vt 1.000000 -2.000000
vt 1.000000 -1.000000
vt 0.000000 -1.000000
vt 1.000000 -2.000000
vt 1.000000 -1.000000
vt 0.000000 -1.000000
vt 1.000000 -2.000000
vt 1.000000 -1.000000
vt 0.000000 -1.000000
vt 1.000000 -2.000000
vt 1.000000 -1.000000
vt 0.000000 -1.000000
vt 1.000000 -2.000000
vt 1.000000 -1.000000
vt 0.904508 -1.809017
vt 0.345492 -1.000000
vt 0.000000 -1.500000
vt 0.000000 -1.000000
vt 1.000000 -2.000000
vt 1.000000 -1.000000
vt 0.000000 -1.000000
vt 1.000000 -2.000000
vt 1.000000 -1.000000
vt 0.000000 -1.000000
vt 1.000000 -2.000000
vt 1.000000 -1.000000
vt 0.000000 -1.000000
vt 1.000000 -2.000000
vt 1.000000 -1.000000
vt 0.000000 -1.000000
vt 1.000000 -2.000000
vt 1.000000 -1.000000
vt 0.000000 -1.000000
vt 1.000000 -2.000000
vt 1.000000 -1.000000
vt 0.000000 -1.000000
vt 1.000000 -2.000000
vt 1.000000 -1.000000
vt 0.000000 -1.000000
vt 1.000000 -2.000000
vt 1.000000 -1.000000
vt 0.000000 -1.000000
vt 1.000000 -2.000000
vt 1.000000 -1.000000
vt 0.000000 -1.000000
vt 1.000000 -2.000000
vt 1.000000 -1.000000
vt 0.904508 -1.809017
vt 0.345492 -1.000000
vt 0.000000 -1.500000
vt 0.000000 -1.000000
vt 1.000000 -2.000000
vt 1.000000 -1.000000
vt 0.000000 -1.000000
vt 1.000000 -2.000000
vt 1.000000 -1.000000
vt 0.000000 -1.000000
vt 1.000000 -2.000000
vt 1.000000 -1.000000
vt 0.000000 -1.000000
vt 1.000000 -2.000000
vt 1.000000 -1.000000
vt 0.000000 -1.000000
vt 1.000000 -2.000000
vt 1.000000 -1.000000
vt 0.000000 -1.000000
vt 1.000000 -2.000000
vt 1.000000 -1.000000
vt 0.000000 -1.000000
vt 1.000000 -2.000000
vt 1.000000 -1.000000
vt 0.000000 -1.000000
vt 1.000000 -2.000000
vt 1.000000 -1.000000
vt 0.000000 -1.000000
vt 1.000000 -2.000000
vt 1.000000 -1.000000
vt 0.000000 -1.000000
vt 1.000000 -2.000000
vt 1.000000 -1.000000
vt 0.904508 -1.809017
vt 0.345492 -1.000000
vt 0.000000 -1.500000
vt 0.000000 -1.000000
vt 1.000000 -2.000000
vt 1.000000 -1.000000
vt 0.000000 -1.000000
vt 1.000000 -2.000000
vt 1.000000 -1.000000
vt 0.000000 -1.000000
vt 1.000000 -2.000000
vt 1.000000 -1.000000
vt 0.000000 -1.000000
vt 1.000000 -2.000000
vt 1.000000 -1.000000
vt 0.000000 -1.000000
vt 1.000000 -2.000000
vt 1.000000 -1.000000
vt 0.000000 -1.000000
vt 1.000000 -2.000000
vt 1.000000 -1.000000
vt 0.000000 -1.000000
vt 1.000000 -2.000000
vt 1.000000 -1.000000
vt 0.000000 -1.000000
vt 1.000000 -2.000000
vt 1.000000 -1.000000
vt 0.000000 -1.000000
vt 1.000000 -2.000000
vt 1.000000 -1.000000
vt 0.000000 -1.000000
vt 1.000000 -2.000000
vt 1.000000 -1.000000
vt 0.904508 -1.809017
vt 0.345492 -1.000000
vt 0.000000 -1.500000
vt 0.000000 -1.000000
vt 1.000000 -2.000000
vt 1.000000 -1.000000
vt 0.000000 -1.000000
vt 1.000000 -2.000000
vt 1.000000 -1.000000
vt 0.000000 -1.000000
vt 1.000000 -2.000000
vt 1.000000 -1.000000
vt 0.000000 -1.000000
vt 1.000000 -2.000000
vt 1.000000 -1.000000
vt 0.000000 -1.000000
vt 1.000000 -2.000000
vt 1.000000 -1.000000
vt 0.000000 -1.000000
vt 1.000000 -2.000000
vt 1.000000 -1.000000
vt 0.000000 -1.000000
vt 1.000000 -2.000000
vt 1.000000 -1.000000
vt 0.000000 -1.000000
vt 1.000000 -2.000000
vt 1.000000 -1.000000
vt 0.000000 -1.000000
vt 1.000000 -2.000000
vt 1.000000 -1.000000
vt 0.000000 -1.000000
vt 1.000000 -2.000000
vt 1.000000 -1.000000
vt 0.904508 -1.809017
vt 0.345492 -1.000000
vt 0.000000 -1.500000
vt 0.000000 -1.000000
vt 1.000000 -2.000000
vt 1.000000 -1.000000
vt 0.000000 -1.000000
vt 1.000000 -2.000000
vt 1.000000 -1.000000
vt 0.000000 -1.000000
vt 1.000000 -2.000000
vt 1.000000 -1.000000
vt 0.000000 -1.000000
vt 1.000000 -2.000000
vt 1.000000 -1.000000
vt 0.000000 -1.000000
vt 1.000000 -2.000000
vt 1.000000 -1.000000
vt 0.000000 -1.000000
vt 1.000000 -2.000000
vt 1.000000 -1.000000
vt 0.000000 -1.000000
vt 1.000000 -2.000000
vt 1.000000 -1.000000
vt 0.000000 -1.000000
vt 1.000000 -2.000000
vt 1.000000 -1.000000
vt 0.000000 -1.000000
vt 1.000000 -2.000000
vt 1.000000 -1.000000
vt 0.000000 -1.000000
vt 1.000000 -2.000000
vt 1.000000 -1.000000
vt 0.000000 -1.500000
vt 0.095491 -1.809017
vt 0.345491 -2.000000
vt 0.345491 -2.000000
vt 0.654508 -2.000000
vt 0.000000 -1.500000
vt 0.654508 -2.000000
vt 0.904508 -1.809017
vt 0.000000 -1.500000
vt 0.904508 -1.809017
vt 1.000000 -1.500000
vt 0.904508 -1.190983
vt 0.904508 -1.190983
vt 0.654508 -1.000000
vt 0.345492 -1.000000
vt 0.345492 -1.000000
vt 0.095491 -1.190983
vt 0.000000 -1.500000
vt 0.904508 -1.809017
vt 0.904508 -1.190983
vt 0.345492 -1.000000
vt 0.000000 -1.000000
vt 0.000000 -2.000000
vt 1.000000 -2.000000
vt 0.000000 -1.000000
vt 0.000000 -2.000000
vt 1.000000 -2.000000
vt 0.000000 -1.000000
vt 0.000000 -2.000000
vt 1.000000 -2.000000
vt 0.000000 -1.000000
vt 0.000000 -2.000000
vt 1.000000 -2.000000
vt 0.000000 -1.000000
vt 0.000000 -2.000000
vt 1.000000 -2.000000
vt 0.000000 -1.000000
vt 0.000000 -2.000000
vt 1.000000 -2.000000
vt 0.000000 -1.000000
vt 0.000000 -2.000000
vt 1.000000 -2.000000
vt 0.000000 -1.000000
vt 0.000000 -2.000000
vt 1.000000 -2.000000
vt 0.000000 -1.000000
vt 0.000000 -2.000000
vt 1.000000 -2.000000
vt 0.000000 -1.000000
vt 0.000000 -2.000000
vt 1.000000 -2.000000
vt 0.000000 -1.500000
vt 0.095491 -1.809017
vt 0.345491 -2.000000
vt 0.345491 -2.000000
vt 0.654508 -2.000000
vt 0.000000 -1.500000
vt 0.654508 -2.000000
vt 0.904508 -1.809017
vt 0.000000 -1.500000
vt 0.904508 -1.809017
vt 1.000000 -1.500000
vt 0.904508 -1.190983
vt 0.904508 -1.190983
vt 0.654508 -1.000000
vt 0.345492 -1.000000
vt 0.345492 -1.000000
vt 0.095491 -1.190983
vt 0.000000 -1.500000
vt 0.904508 -1.809017
vt 0.904508 -1.190983
vt 0.345492 -1.000000
vt 0.000000 -1.000000
vt 0.000000 -2.000000
vt 1.000000 -2.000000
vt 0.000000 -1.000000
vt 0.000000 -2.000000
vt 1.000000 -2.000000
vt 0.000000 -1.000000
vt 0.000000 -2.000000
vt 1.000000 -2.000000
vt 0.000000 -1.000000
vt 0.000000 -2.000000
vt 1.000000 -2.000000
vt 0.000000 -1.000000
vt 0.000000 -2.000000
vt 1.000000 -2.000000
vt 0.000000 -1.000000
vt 0.000000 -2.000000
vt 1.000000 -2.000000
vt 0.000000 -1.000000
vt 0.000000 -2.000000
vt 1.000000 -2.000000
vt 0.000000 -1.000000
vt 0.000000 -2.000000
vt 1.000000 -2.000000
vt 0.000000 -1.000000
vt 0.000000 -2.000000
vt 1.000000 -2.000000
vt 0.000000 -1.000000
vt 0.000000 -2.000000
vt 1.000000 -2.000000
vt 0.000000 -1.500000
vt 0.095491 -1.809017
vt 0.345491 -2.000000
vt 0.345491 -2.000000
vt 0.654508 -2.000000
vt 0.000000 -1.500000
vt 0.654508 -2.000000
vt 0.904508 -1.809017
vt 0.000000 -1.500000
vt 0.904508 -1.809017
vt 1.000000 -1.500000
vt 0.904508 -1.190983
vt 0.904508 -1.190983
vt 0.654508 -1.000000
vt 0.345492 -1.000000
vt 0.345492 -1.000000
vt 0.095491 -1.190983
vt 0.000000 -1.500000
vt 0.904508 -1.809017
vt 0.904508 -1.190983
vt 0.345492 -1.000000
vt 0.000000 -1.000000
vt 0.000000 -2.000000
vt 1.000000 -2.000000
vt 0.000000 -1.000000
vt 0.000000 -2.000000
vt 1.000000 -2.000000
vt 0.000000 -1.000000
vt 0.000000 -2.000000
vt 1.000000 -2.000000
vt 0.000000 -1.000000
vt 0.000000 -2.000000
vt 1.000000 -2.000000
vt 0.000000 -1.000000
vt 0.000000 -2.000000
vt 1.000000 -2.000000
vt 0.000000 -1.000000
vt 0.000000 -2.000000
vt 1.000000 -2.000000
vt 0.000000 -1.000000
vt 0.000000 -2.000000
vt 1.000000 -2.000000
vt 0.000000 -1.000000
vt 0.000000 -2.000000
vt 1.000000 -2.000000
vt 0.000000 -1.000000
vt 0.000000 -2.000000
vt 1.000000 -2.000000
vt 0.000000 -1.000000
vt 0.000000 -2.000000
vt 1.000000 -2.000000
vt 0.000000 -1.500000
vt 0.095491 -1.809017
vt 0.345491 -2.000000
vt 0.345491 -2.000000
vt 0.654508 -2.000000
vt 0.000000 -1.500000
vt 0.654508 -2.000000
vt 0.904508 -1.809017
vt 0.000000 -1.500000
vt 0.904508 -1.809017
vt 1.000000 -1.500000
vt 0.904508 -1.190983
vt 0.904508 -1.190983
vt 0.654508 -1.000000
vt 0.345492 -1.000000
vt 0.345492 -1.000000
vt 0.095491 -1.190983
vt 0.000000 -1.500000
vt 0.904508 -1.809017
vt 0.904508 -1.190983
vt 0.345492 -1.000000
vt 0.000000 -1.000000
vt 0.000000 -2.000000
vt 1.000000 -2.000000
vt 0.000000 -1.000000
vt 0.000000 -2.000000
vt 1.000000 -2.000000
vt 0.000000 -1.000000
vt 0.000000 -2.000000
vt 1.000000 -2.000000
vt 0.000000 -1.000000
vt 0.000000 -2.000000
vt 1.000000 -2.000000
vt 0.000000 -1.000000
vt 0.000000 -2.000000
vt 1.000000 -2.000000
vt 0.000000 -1.000000
vt 0.000000 -2.000000
vt 1.000000 -2.000000
vt 0.000000 -1.000000
vt 0.000000 -2.000000
vt 1.000000 -2.000000
vt 0.000000 -1.000000
vt 0.000000 -2.000000
vt 1.000000 -2.000000
vt 0.000000 -1.000000
vt 0.000000 -2.000000
vt 1.000000 -2.000000
vt 0.000000 -1.000000
vt 0.000000 -2.000000
vt 1.000000 -2.000000
vt 0.000000 -1.500000
vt 0.095491 -1.809017
vt 0.345491 -2.000000
vt 0.345491 -2.000000
vt 0.654508 -2.000000
vt 0.000000 -1.500000
vt 0.654508 -2.000000
vt 0.904508 -1.809017
vt 0.000000 -1.500000
vt 0.904508 -1.809017
vt 1.000000 -1.500000
vt 0.904508 -1.190983
vt 0.904508 -1.190983
vt 0.654508 -1.000000
vt 0.345492 -1.000000
vt 0.345492 -1.000000
vt 0.095491 -1.190983
vt 0.000000 -1.500000
vt 0.904508 -1.809017
vt 0.904508 -1.190983
vt 0.345492 -1.000000
vt 0.000000 -1.000000
vt 0.000000 -2.000000
vt 1.000000 -2.000000
vt 0.000000 -1.000000
vt 0.000000 -2.000000
vt 1.000000 -2.000000
vt 0.000000 -1.000000
vt 0.000000 -2.000000
vt 1.000000 -2.000000
vt 0.000000 -1.000000
vt 0.000000 -2.000000
vt 1.000000 -2.000000
vt 0.000000 -1.000000
vt 0.000000 -2.000000
vt 1.000000 -2.000000
vt 0.000000 -1.000000
vt 0.000000 -2.000000
vt 1.000000 -2.000000
vt 0.000000 -1.000000
vt 0.000000 -2.000000
vt 1.000000 -2.000000
vt 0.000000 -1.000000
vt 0.000000 -2.000000
vt 1.000000 -2.000000
vt 0.000000 -1.000000
vt 0.000000 -2.000000
vt 1.000000 -2.000000
vt 0.000000 -1.000000
vt 0.000000 -2.000000
vt 1.000000 -2.000000
vt 0.000000 -1.500000
vt 0.095491 -1.809017
vt 0.345491 -2.000000
vt 0.345491 -2.000000
vt 0.654508 -2.000000
vt 0.000000 -1.500000
vt 0.654508 -2.000000
vt 0.904508 -1.809017
vt 0.000000 -1.500000
vt 0.904508 -1.809017
vt 1.000000 -1.500000
vt 0.904508 -1.190983
vt 0.904508 -1.190983
vt 0.654508 -1.000000
vt 0.345492 -1.000000
vt 0.345492 -1.000000
vt 0.095491 -1.190983
vt 0.000000 -1.500000
vt 0.904508 -1.809017
vt 0.904508 -1.190983
vt 0.345492 -1.000000
vt 0.000000 -1.000000
vt 0.000000 -2.000000
vt 1.000000 -2.000000
vt 0.000000 -1.000000
vt 0.000000 -2.000000
vt 1.000000 -2.000000
vt 0.000000 -1.000000
vt 0.000000 -2.000000
vt 1.000000 -2.000000
vt 0.000000 -1.000000
vt 0.000000 -2.000000
vt 1.000000 -2.000000
vt 0.000000 -1.000000
vt 0.000000 -2.000000
vt 1.000000 -2.000000
vt 0.000000 -1.000000
vt 0.000000 -2.000000
vt 1.000000 -2.000000
vt 0.000000 -1.000000
vt 0.000000 -2.000000
vt 1.000000 -2.000000
vt 0.000000 -1.000000
vt 0.000000 -2.000000
vt 1.000000 -2.000000
vt 0.000000 -1.000000
vt 0.000000 -2.000000
vt 1.000000 -2.000000
vt 0.000000 -1.000000
vt 0.000000 -2.000000
vt 1.000000 -2.000000
vt 14.526066 4.994791
vt -3.779255 5.994790
vt -6.853907 4.994791
vt 1.667431 -1.000000
vt -0.786736 0.000000
vt -3.716110 -1.000000
vt 3.667253 -1.000000
vt 0.997797 0.000000
vt -1.726593 -1.000000
vt 14.526066 4.994791
vt 12.666880 5.994790
vt -3.779255 5.994790
vt 0.330734 5.707782
vt -0.335932 3.330921
vt -0.335932 5.707782
vt 0.330734 5.707782
vt 0.330734 3.330921
vt -0.335932 3.330921
vt 7.500000 -0.636364
vt 9.000000 -0.272727
vt 9.000000 -0.636364
vt 7.500000 -0.636364
vt 7.500000 -0.272727
vt 9.000000 -0.272727
vt 9.000000 -2.105677
vt 7.500000 -4.655187
vt 7.500000 -2.105677
vt 9.000000 -2.105677
vt 9.000000 -4.655187
vt 7.500000 -4.655187
vt 0.998050 -1.980653
vt 0.000000 -1.000000
vt 0.006370 -2.000000
vt 0.019689 -1.930168
vt 0.976700 -1.000000
vt 0.000000 -1.000000
vt 0.999668 -1.999999
vt 0.000000 -1.000000
vt 0.000000 -2.000000
vt 0.979541 -1.941911
vt 0.014998 -1.000000
vt 0.000000 -2.000000
vt 0.999923 -2.000000
vt 0.000118 -1.000000
vt 0.000000 -1.998729
vt 0.990632 -2.000000
vt 0.013208 -1.000000
vt 0.000000 -1.999434
vt 0.998050 -1.980653
vt 1.000000 -1.000000
vt 0.000000 -1.000000
vt 0.019689 -1.930168
vt 1.000000 -2.000000
vt 0.976700 -1.000000
vt 0.999668 -1.999999
vt 1.000000 -1.000000
vt 0.000000 -1.000000
vt 0.979541 -1.941911
vt 1.000000 -1.000000
vt 0.014998 -1.000000
vt 0.999923 -2.000000
vt 1.000000 -1.000000
vt 0.000118 -1.000000
vt 0.990632 -2.000000
vt 1.000000 -1.000000
vt 0.013208 -1.000000
vt 0.500000 -0.000000
vt 11.750000 -1.000000
vt 11.500000 -0.000000
vt 0.250000 -1.000000
vt 11.500000 -0.000000
vt 11.750000 -1.000000
vt -2.125000 -0.500000
vt -3.625000 10.500000
vt -3.625000 -0.500000
vt 2.125000 1.000000
vt 3.875000 0.000000
vt 3.625000 1.000000
vt 0.250000 -0.000000
vt 11.500000 1.000000
vt 11.750000 -0.000000
vt 3.625000 -0.500000
vt 2.125000 10.500000
vt 2.125000 -0.500000
vt 1.875000 -3.000000
vt 3.625000 -2.000000
vt 3.875000 -3.000000
vt -3.625000 1.000000
vt -1.875000 0.000000
vt -2.125000 1.000000
vt -3.875000 -3.000000
vt -2.125000 -2.000000
vt -1.875000 -3.000000
vt 0.500000 1.000000
vt 11.750000 -0.000000
vt 11.500000 1.000000
vt 0.500000 -0.000000
vt 0.250000 -1.000000
vt 11.750000 -1.000000
vt 0.250000 -1.000000
vt 0.500000 -0.000000
vt 11.500000 -0.000000
vt -2.125000 -0.500000
vt -2.125000 10.500000
vt -3.625000 10.500000
vt 2.125000 1.000000
vt 1.875000 0.000000
vt 3.875000 0.000000
vt 0.250000 -0.000000
vt 0.500000 1.000000
vt 11.500000 1.000000
vt 3.625000 -0.500000
vt 3.625000 10.500000
vt 2.125000 10.500000
vt 1.875000 -3.000000
vt 2.125000 -2.000000
vt 3.625000 -2.000000
vt -3.625000 1.000000
vt -3.875000 0.000000
vt -1.875000 0.000000
vt -3.875000 -3.000000
vt -3.625000 -2.000000
vt -2.125000 -2.000000
vt 0.500000 1.000000
vt 0.250000 -0.000000
vt 11.750000 -0.000000
vn -0.8944 0.0000 -0.4472
vn -0.9732 -0.0000 -0.2298
vn -0.9732 -0.0000 0.2298
vn 0.0000 0.0000 1.0000
vn -0.0000 0.0000 -1.0000
vn -0.8944 0.0000 0.4472
vn 1.0000 0.0000 -0.0000
vn 0.5547 0.0000 -0.8321
vn 0.2898 0.0000 -0.9571
vn -0.0084 -0.0048 -1.0000
vn 0.2816 -0.0051 -0.9595
vn -0.0255 -0.0145 -0.9996
vn -1.0000 0.0000 0.0000
vn -0.0000 -1.0000 0.0000
vn 0.8090 0.0000 0.5878
vn 0.3090 0.0000 0.9511
vn -0.3090 0.0000 0.9511
vn -0.8090 0.0000 0.5878
vn -0.8090 0.0000 -0.5878
vn -0.3090 0.0000 -0.9511
vn 0.3090 0.0000 -0.9511
vn 0.8090 0.0000 -0.5878
vn -0.7071 0.7071 0.0000
vn 0.0000 0.7071 -0.7071
vn 0.0000 0.7071 0.7071
vn 0.1905 -0.9817 0.0000
vn 0.1961 -0.9806 0.0000
vn 0.9999 -0.0096 -0.0110
vn 0.9998 -0.0191 -0.0055
vn 0.9996 -0.0284 -0.0000
vn 0.0001 0.0000 1.0000
vn 0.0000 0.0002 1.0000
vn 0.9995 -0.0238 0.0206
vn 0.9997 0.0238 0.0052
vn 0.9992 0.0396 0.0000
vn -0.0013 0.0000 -1.0000
vn -0.0009 -0.0017 -1.0000
vn 0.0017 -0.0149 -0.9999
vn 0.0026 -0.0182 -0.9998
vn 0.9999 -0.0002 -0.0164
vn 0.0000 0.0003 1.0000
vn 0.9989 -0.0396 0.0258
vn 0.0000 0.2425 0.9701
vn -0.0000 0.2425 -0.9701
vn 0.0000 1.0000 0.0000
vn -0.9701 0.2425 0.0000
vn 0.9701 0.2425 -0.0000
vc 1.0000 1.0000 1.0000 1.0000
g mesh_55_Collection_materials/treeswater.vmat#NoCollision
usemtl materials/treeswater.vmat
f 10/7/2 16/8/3 15/9/3
fc 2 2 2
f 14/10/4 15/11/3 16/12/3
fc 2 2 2
f 5/13/5 9/14/5 8/15/5
fc 2 2 2
f 11/16/6 7/17/6 10/18/6
fc 2 2 2
f 8/19/7 13/20/4 14/21/4
fc 2 2 2
f 12/22/8 6/23/8 11/24/8
fc 2 2 2
f 170/25/9 169/26/10 156/27/9
fc 2 2 2
f 167/28/8 170/29/8 156/30/8
fc 2 2 2
f 168/31/11 165/32/12 166/33/13
fc 2 2 2
f 173/34/6 171/35/6 149/36/6
fc 2 2 2
f 149/37/14 157/38/14 154/39/14
fc 2 2 2
f 167/40/5 157/41/5 163/42/5
fc 2 2 2
f 10/43/2 7/44/2 16/45/3
fc 2 2 2
f 14/46/4 13/47/4 15/48/3
fc 2 2 2
f 5/49/5 12/50/5 9/51/5
fc 2 2 2
f 11/52/6 6/53/6 7/54/6
fc 2 2 2
f 8/55/7 9/56/7 13/57/4
fc 2 2 2
f 12/58/8 5/59/8 6/60/8
fc 2 2 2
f 170/61/9 165/62/12 169/63/10
fc 2 2 2
f 167/64/8 163/65/8 170/66/8
fc 2 2 2
f 168/67/11 169/68/10 165/69/12
fc 2 2 2
f 173/70/6 164/71/6 171/72/6
fc 2 2 2
f 149/73/14 171/74/14 157/75/14
fc 2 2 2
f 167/76/5 154/77/5 157/78/5
fc 2 2 2
g mesh_55_Collection_materials/collum.vmat.001#NoCollision
usemtl materials/collum.vmat.001
f 30/79/15 34/80/15 36/81/15
fc 2 2 2
f 25/82/16 27/83/8 26/84/8
fc 2 2 2
f 24/85/17 28/86/16 25/87/16
fc 2 2 2
f 23/88/18 29/89/17 24/90/17
fc 2 2 2
f 22/91/19 30/92/18 23/93/18
fc 2 2 2
f 21/94/14 31/95/19 22/96/19
fc 2 2 2
f 20/97/20 32/98/14 21/99/14
fc 2 2 2
f 19/100/21 33/101/20 20/102/20
fc 2 2 2
f 18/103/22 34/104/21 19/105/21
fc 2 2 2
f 17/106/23 35/107/22 18/108/22
fc 2 2 2
f 26/109/8 36/110/23 17/111/23
fc 2 2 2
f 56/112/15 60/113/15 62/114/15
fc 2 2 2
f 51/115/16 53/116/8 52/117/8
fc 2 2 2
f 50/118/17 54/119/16 51/120/16
fc 2 2 2
f 49/121/18 55/122/17 50/123/17
fc 2 2 2
f 48/124/19 56/125/18 49/126/18
fc 2 2 2
f 47/127/14 57/128/19 48/129/19
fc 2 2 2
f 46/130/20 58/131/14 47/132/14
fc 2 2 2
f 45/133/21 59/134/20 46/135/20
fc 2 2 2
f 44/136/22 60/137/21 45/138/21
fc 2 2 2
f 43/139/23 61/140/22 44/141/22
fc 2 2 2
f 52/142/8 62/143/23 43/144/23
fc 2 2 2
f 76/145/15 80/146/15 82/147/15
fc 2 2 2
f 71/148/16 73/149/8 72/150/8
fc 2 2 2
f 70/151/17 74/152/16 71/153/16
fc 2 2 2
f 69/154/18 75/155/17 70/156/17
fc 2 2 2
f 68/157/19 76/158/18 69/159/18
fc 2 2 2
f 67/160/14 77/161/19 68/162/19
fc 2 2 2
f 66/163/20 78/164/14 67/165/14
fc 2 2 2
f 65/166/21 79/167/20 66/168/20
fc 2 2 2
f 64/169/22 80/170/21 65/171/21
fc 2 2 2
f 63/172/23 81/173/22 64/174/22
fc 2 2 2
f 72/175/8 82/176/23 63/177/23
fc 2 2 2
f 96/178/15 100/179/15 102/180/15
fc 2 2 2
f 91/181/16 93/182/8 92/183/8
fc 2 2 2
f 90/184/17 94/185/16 91/186/16
fc 2 2 2
f 89/187/18 95/188/17 90/189/17
fc 2 2 2
f 88/190/19 96/191/18 89/192/18
fc 2 2 2
f 87/193/14 97/194/19 88/195/19
fc 2 2 2
f 86/196/20 98/197/14 87/198/14
fc 2 2 2
f 85/199/21 99/200/20 86/201/20
fc 2 2 2
f 84/202/22 100/203/21 85/204/21
fc 2 2 2
f 83/205/23 101/206/22 84/207/22
fc 2 2 2
f 92/208/8 102/209/23 83/210/23
fc 2 2 2
f 116/211/15 120/212/15 122/213/15
fc 2 2 2
f 111/214/16 113/215/8 112/216/8
fc 2 2 2
f 110/217/17 114/218/16 111/219/16
fc 2 2 2
f 109/220/18 115/221/17 110/222/17
fc 2 2 2
f 108/223/19 116/224/18 109/225/18
fc 2 2 2
f 107/226/14 117/227/19 108/228/19
fc 2 2 2
f 106/229/20 118/230/14 107/231/14
fc 2 2 2
f 105/232/21 119/233/20 106/234/20
fc 2 2 2
f 104/235/22 120/236/21 105/237/21
fc 2 2 2
f 103/238/23 121/239/22 104/240/22
fc 2 2 2
f 112/241/8 122/242/23 103/243/23
fc 2 2 2
f 136/244/15 140/245/15 142/246/15
fc 2 2 2
f 131/247/16 133/248/8 132/249/8
fc 2 2 2
f 130/250/17 134/251/16 131/252/16
fc 2 2 2
f 129/253/18 135/254/17 130/255/17
fc 2 2 2
f 128/256/19 136/257/18 129/258/18
fc 2 2 2
f 127/259/14 137/260/19 128/261/19
fc 2 2 2
f 126/262/20 138/263/14 127/264/14
fc 2 2 2
f 125/265/21 139/266/20 126/267/20
fc 2 2 2
f 124/268/22 140/269/21 125/270/21
fc 2 2 2
f 123/271/23 141/272/22 124/273/22
fc 2 2 2
f 132/274/8 142/275/23 123/276/23
fc 2 2 2
f 36/277/15 27/278/15 28/279/15
fc 2 2 2
f 28/280/15 29/281/15 36/282/15
fc 2 2 2
f 29/283/15 30/284/15 36/285/15
fc 2 2 2
f 30/286/15 31/287/15 32/288/15
fc 2 2 2
f 32/289/15 33/290/15 34/291/15
fc 2 2 2
f 34/292/15 35/293/15 36/294/15
fc 2 2 2
f 30/295/15 32/296/15 34/297/15
fc 2 2 2
f 25/298/16 28/299/16 27/300/8
fc 2 2 2
f 24/301/17 29/302/17 28/303/16
fc 2 2 2
f 23/304/18 30/305/18 29/306/17
fc 2 2 2
f 22/307/19 31/308/19 30/309/18
fc 2 2 2
f 21/310/14 32/311/14 31/312/19
fc 2 2 2
f 20/313/20 33/314/20 32/315/14
fc 2 2 2
f 19/316/21 34/317/21 33/318/20
fc 2 2 2
f 18/319/22 35/320/22 34/321/21
fc 2 2 2
f 17/322/23 36/323/23 35/324/22
fc 2 2 2
f 26/325/8 27/326/8 36/327/23
fc 2 2 2
f 62/328/15 53/329/15 54/330/15
fc 2 2 2
f 54/331/15 55/332/15 62/333/15
fc 2 2 2
f 55/334/15 56/335/15 62/336/15
fc 2 2 2
f 56/337/15 57/338/15 58/339/15
fc 2 2 2
f 58/340/15 59/341/15 60/342/15
fc 2 2 2
f 60/343/15 61/344/15 62/345/15
fc 2 2 2
f 56/346/15 58/347/15 60/348/15
fc 2 2 2
f 51/349/16 54/350/16 53/351/8
fc 2 2 2
f 50/352/17 55/353/17 54/354/16
fc 2 2 2
f 49/355/18 56/356/18 55/357/17
fc 2 2 2
f 48/358/19 57/359/19 56/360/18
fc 2 2 2
f 47/361/14 58/362/14 57/363/19
fc 2 2 2
f 46/364/20 59/365/20 58/366/14
fc 2 2 2
f 45/367/21 60/368/21 59/369/20
fc 2 2 2
f 44/370/22 61/371/22 60/372/21
fc 2 2 2
f 43/373/23 62/374/23 61/375/22
fc 2 2 2
f 52/376/8 53/377/8 62/378/23
fc 2 2 2
f 82/379/15 73/380/15 74/381/15
fc 2 2 2
f 74/382/15 75/383/15 82/384/15
fc 2 2 2
f 75/385/15 76/386/15 82/387/15
fc 2 2 2
f 76/388/15 77/389/15 78/390/15
fc 2 2 2
f 78/391/15 79/392/15 80/393/15
fc 2 2 2
f 80/394/15 81/395/15 82/396/15
fc 2 2 2
f 76/397/15 78/398/15 80/399/15
fc 2 2 2
f 71/400/16 74/401/16 73/402/8
fc 2 2 2
f 70/403/17 75/404/17 74/405/16
fc 2 2 2
f 69/406/18 76/407/18 75/408/17
fc 2 2 2
f 68/409/19 77/410/19 76/411/18
fc 2 2 2
f 67/412/14 78/413/14 77/414/19
fc 2 2 2
f 66/415/20 79/416/20 78/417/14
fc 2 2 2
f 65/418/21 80/419/21 79/420/20
fc 2 2 2
f 64/421/22 81/422/22 80/423/21
fc 2 2 2
f 63/424/23 82/425/23 81/426/22
fc 2 2 2
f 72/427/8 73/428/8 82/429/23
fc 2 2 2
f 102/430/15 93/431/15 94/432/15
fc 2 2 2
f 94/433/15 95/434/15 102/435/15
fc 2 2 2
f 95/436/15 96/437/15 102/438/15
fc 2 2 2
f 96/439/15 97/440/15 98/441/15
fc 2 2 2
f 98/442/15 99/443/15 100/444/15
fc 2 2 2
f 100/445/15 101/446/15 102/447/15
fc 2 2 2
f 96/448/15 98/449/15 100/450/15
fc 2 2 2
f 91/451/16 94/452/16 93/453/8
fc 2 2 2
f 90/454/17 95/455/17 94/456/16
fc 2 2 2
f 89/457/18 96/458/18 95/459/17
fc 2 2 2
f 88/460/19 97/461/19 96/462/18
fc 2 2 2
f 87/463/14 98/464/14 97/465/19
fc 2 2 2
f 86/466/20 99/467/20 98/468/14
fc 2 2 2
f 85/469/21 100/470/21 99/471/20
fc 2 2 2
f 84/472/22 101/473/22 100/474/21
fc 2 2 2
f 83/475/23 102/476/23 101/477/22
fc 2 2 2
f 92/478/8 93/479/8 102/480/23
fc 2 2 2
f 122/481/15 113/482/15 114/483/15
fc 2 2 2
f 114/484/15 115/485/15 122/486/15
fc 2 2 2
f 115/487/15 116/488/15 122/489/15
fc 2 2 2
f 116/490/15 117/491/15 118/492/15
fc 2 2 2
f 118/493/15 119/494/15 120/495/15
fc 2 2 2
f 120/496/15 121/497/15 122/498/15
fc 2 2 2
f 116/499/15 118/500/15 120/501/15
fc 2 2 2
f 111/502/16 114/503/16 113/504/8
fc 2 2 2
f 110/505/17 115/506/17 114/507/16
fc 2 2 2
f 109/508/18 116/509/18 115/510/17
fc 2 2 2
f 108/511/19 117/512/19 116/513/18
fc 2 2 2
f 107/514/14 118/515/14 117/516/19
fc 2 2 2
f 106/517/20 119/518/20 118/519/14
fc 2 2 2
f 105/520/21 120/521/21 119/522/20
fc 2 2 2
f 104/523/22 121/524/22 120/525/21
fc 2 2 2
f 103/526/23 122/527/23 121/528/22
fc 2 2 2
f 112/529/8 113/530/8 122/531/23
fc 2 2 2
f 142/532/15 133/533/15 134/534/15
fc 2 2 2
f 134/535/15 135/536/15 142/537/15
fc 2 2 2
f 135/538/15 136/539/15 142/540/15
fc 2 2 2
f 136/541/15 137/542/15 138/543/15
fc 2 2 2
f 138/544/15 139/545/15 140/546/15
fc 2 2 2
f 140/547/15 141/548/15 142/549/15
fc 2 2 2
f 136/550/15 138/551/15 140/552/15
fc 2 2 2
f 131/553/16 134/554/16 133/555/8
fc 2 2 2
f 130/556/17 135/557/17 134/558/16
fc 2 2 2
f 129/559/18 136/560/18 135/561/17
fc 2 2 2
f 128/562/19 137/563/19 136/564/18
fc 2 2 2
f 127/565/14 138/566/14 137/567/19
fc 2 2 2
f 126/568/20 139/569/20 138/570/14
fc 2 2 2
f 125/571/21 140/572/21 139/573/20
fc 2 2 2
f 124/574/22 141/575/22 140/576/21
fc 2 2 2
f 123/577/23 142/578/23 141/579/22
fc 2 2 2
f 132/580/8 133/581/8 142/582/23
fc 2 2 2
g mesh_55_Collection_materials/rooftile.vmat#NoCollision
usemtl materials/rooftile.vmat
f 38/583/24 41/584/24 37/585/24
fc 2 2 2
f 37/586/25 41/587/25 40/588/25
fc 2 2 2
f 39/589/26 42/590/26 38/591/26
fc 2 2 2
f 38/592/24 42/593/24 41/594/24
fc 2 2 2
g mesh_55_Collection_materials/courtyardvariedwhitebricks.vmat.001#NoCollision
usemtl materials/courtyardvariedwhitebricks.vmat.001
f 144/595/27 143/596/27 146/597/27
fc 2 2 2
f 144/598/27 145/599/27 143/600/27
fc 2 2 2
g mesh_55_Collection_materials/courtyardwalls.vmat.001#NoCollision
usemtl materials/courtyardwalls.vmat.001
f 148/601/8 147/602/8 150/603/8
fc 2 2 2
f 148/604/8 153/605/8 147/606/8
fc 2 2 2
g mesh_55_Collection_materials/courtyardgrass.vmat.001#NoCollision
usemtl materials/courtyardgrass.vmat.001
f 151/607/28 153/608/28 152/609/28
fc 2 2 2
f 151/610/28 147/611/28 153/612/28
fc 2 2 2
g mesh_55_Collection_materials/courtyardbackroundtrees.vmat#NoCollision
usemtl materials/courtyardbackroundtrees.vmat
f 168/613/29 160/614/30 158/615/31
fc 2 2 2
f 162/616/32 160/617/33 159/618/32
fc 2 2 2
f 162/619/34 175/620/35 161/621/36
fc 2 2 2
f 161/622/6 174/623/37 176/624/38
fc 2 2 2
f 176/625/38 172/626/39 155/627/40
fc 2 2 2
f 155/628/14 164/629/14 173/630/14
fc 2 2 2
f 168/631/29 166/632/41 160/633/30
fc 2 2 2
f 162/634/32 158/635/42 160/636/33
fc 2 2 2
f 162/637/34 159/638/43 175/639/35
fc 2 2 2
f 161/640/6 175/641/6 174/642/37
fc 2 2 2
f 176/643/38 174/644/37 172/645/39
fc 2 2 2
f 155/646/14 172/647/14 164/648/14
fc 2 2 2
g mesh_55_Collection_materials/walkinggrass.vmat.001#NoCollision
usemtl materials/walkinggrass.vmat.001
f 191/649/44 184/650/44 182/651/44
fc 2 2 2
f 186/652/45 188/653/45 177/654/45
fc 2 2 2
f 190/655/46 188/656/46 187/657/46
fc 2 2 2
f 185/658/47 179/659/47 191/660/47
fc 2 2 2
f 180/661/45 181/662/45 178/663/45
fc 2 2 2
f 191/664/46 181/665/46 185/666/46
fc 2 2 2
f 178/667/48 182/668/48 184/669/48
fc 2 2 2
f 187/670/47 183/671/47 190/672/47
fc 2 2 2
f 177/673/48 189/674/48 192/675/48
fc 2 2 2
f 190/676/44 192/677/44 189/678/44
fc 2 2 2
f 191/679/44 179/680/44 184/681/44
fc 2 2 2
f 186/682/45 187/683/45 188/684/45
fc 2 2 2
f 190/685/46 189/686/46 188/687/46
fc 2 2 2
f 185/688/47 180/689/47 179/690/47
fc 2 2 2
f 180/691/45 185/692/45 181/693/45
fc 2 2 2
f 191/694/46 182/695/46 181/696/46
fc 2 2 2
f 178/697/48 181/698/48 182/699/48
fc 2 2 2
f 187/700/47 186/701/47 183/702/47
fc 2 2 2
f 177/703/48 188/704/48 189/705/48
fc 2 2 2
f 190/706/44 183/707/44 192/708/44
fc 2 2 2
g mesh_40.001_Collection
v 1875.333252 146.924973 899.777405
v 1875.333252 82.924973 579.777405
v 787.333130 -4.012451 -60.222534
v 1235.333130 306.925018 -188.222534
v 915.333252 338.925018 899.777466
v 915.333252 338.925018 1091.777466
v 1235.333252 402.925018 1091.777466
v 1235.333252 402.925018 899.777466
v 1235.333252 210.925018 899.777466
v 1235.333252 210.925018 1091.777466
v 915.333252 210.925018 1091.777466
v 915.333252 210.925018 899.777466
v 2195.333252 146.924957 1091.777344
v 2195.333252 82.924957 579.777344
v 1747.333252 306.924988 579.777466
v 1235.333252 306.925018 195.777466
v 1747.333252 82.924973 -188.222534
v 1747.333252 82.924973 579.777466
v 1235.333130 82.925003 -188.222534
v 1235.333130 82.925003 195.777466
v 2323.333008 82.924957 3.777405
v 2323.333008 82.924957 67.777405
v 2323.333252 306.924957 579.777344
v 2323.333008 306.924957 -188.222656
v 2323.333008 82.924957 -188.222656
v 2323.333252 82.924957 579.777344
v 2323.333008 82.924957 -124.222656
v 2323.333008 82.924957 -60.222656
v 1875.333252 306.924988 579.777405
v 2195.333252 82.924957 579.777344
v 2067.333252 -13.075012 67.777405
v 2003.333252 -13.075012 67.777405
v 2131.333252 18.924988 3.777405
v 2131.333252 18.924988 67.777405
v 787.333191 -4.012451 67.777466
v 2195.333252 306.924957 579.777344
v 1875.333252 50.924988 67.777405
v 2259.333008 82.924957 3.777405
v 2195.333252 50.924988 3.777405
v 2259.333008 82.924957 -60.222656
v 2195.333252 50.924988 -60.222656
v 2131.333252 50.924988 -60.222656
v 2067.333252 50.924988 -60.222656
v 1875.333252 50.924988 3.777405
v 1811.333252 82.924973 3.777405
v 1939.333252 18.924988 3.777405
v 2003.333252 18.924988 3.777405
v 1939.333252 82.924973 -124.222534
v 2067.333252 82.924957 -124.222656
v 2131.333252 82.924957 -124.222656
v 2195.333252 82.924957 -124.222656
v 2067.333252 18.924988 3.777405
v 1811.333252 82.924973 -60.222534
v 1875.333252 50.924988 -60.222534
v 1939.333252 50.924988 -60.222534
v 2003.333252 50.924988 -60.222656
v 1747.333252 82.924973 -60.222534
v 2195.333252 50.924988 67.777405
v 1939.333252 18.924988 67.777405
v 1875.333252 82.924973 -124.222534
v 1811.333252 82.924973 67.777405
v 2195.333252 82.924957 515.777344
v 2131.333252 82.924957 515.777405
v 2067.333252 82.924957 515.777405
v 2003.333252 82.924973 515.777405
v 1939.333252 82.924973 515.777405
v 1875.333252 82.924973 515.777405
v 2003.333252 82.924973 -124.222656
v 2259.333252 82.924957 451.777405
v 2195.333252 50.924988 451.777405
v 2131.333252 50.924988 451.777405
v 2067.333252 50.924988 451.777405
v 2003.333252 50.924988 451.777405
v 1939.333252 50.924988 451.777405
v 1875.333252 50.924988 451.777405
v 1811.333252 82.924973 451.777405
v 2259.333252 82.924957 387.777405
v 2195.333252 50.924988 387.777405
v 2131.333252 18.924988 387.777405
v 2067.333252 18.924988 387.777405
v 2003.333252 18.924988 387.777405
v 1939.333252 18.924988 387.777405
v 1875.333252 50.924988 387.777405
v 1811.333252 82.924973 387.777405
v 2259.333252 82.924957 323.777405
v 2195.333252 50.924988 323.777405
v 2131.333252 18.924988 323.777405
v 2067.333252 -13.075012 323.777405
v 2003.333252 -13.075012 323.777405
v 1939.333252 18.924988 323.777405
v 1875.333252 50.924988 323.777405
v 1811.333252 82.924973 323.777405
v 2259.333252 82.924957 259.777405
v 2195.333252 50.924988 259.777405
v 2131.333252 18.924988 259.777405
v 2067.333252 -13.075012 259.777405
v 2003.333252 -13.075012 259.777405
v 1939.333252 18.924988 259.777405
v 1875.333252 50.924988 259.777405
v 1811.333252 82.924973 259.777405
v 2259.333252 82.924957 195.777405
v 2195.333252 50.924988 195.777405
v 2131.333252 18.924988 195.777405
v 2067.333252 -13.075012 195.777405
v 2003.333252 -13.075012 195.777405
v 1939.333252 18.924988 195.777405
v 1875.333252 50.924988 195.777405
v 1811.333252 82.924973 195.777405
v 2259.333008 82.924957 131.777405
v 2195.333252 50.924988 131.777405
v 2131.333252 18.924988 131.777405
v 2067.333252 -13.075012 131.777405
v 2003.333252 -13.075012 131.777405
v 1939.333252 18.924988 131.777405
v 1875.333252 50.924988 131.777405
v 1811.333252 82.924973 131.777405
v 2259.333008 82.924957 67.777405
v 1747.333252 82.924973 3.777405
v 1811.333252 82.924973 -124.222534
v 2259.333008 82.924957 -124.222656
v 2259.333252 82.924957 515.777344
v 1811.333252 82.924973 515.777405
v 1747.333252 82.924973 -124.222534
v 1811.333252 82.924973 -188.222534
v 1875.333252 82.924973 -188.222534
v 1747.333252 82.924973 67.777405
v 1747.333252 82.924973 131.777405
v 1747.333252 82.924973 195.777405
v 1747.333252 82.924973 259.777405
v 1747.333252 82.924973 323.777405
v 1747.333252 82.924973 387.777405
v 1747.333252 82.924973 451.777405
v 1747.333252 82.924973 515.777466
v 1811.333252 82.924973 579.777405
v 2259.333252 82.924957 579.777344
v 1939.333252 82.924973 579.777405
v 2003.333252 82.924973 579.777405
v 2067.333252 82.924957 579.777405
v 2131.333252 82.924957 579.777405
v 1939.333252 82.924973 -188.222534
v 2003.333252 82.924973 -188.222656
v 2067.333252 82.924957 -188.222656
v 2131.333252 82.924957 -188.222656
v 2195.333252 82.924957 -188.222656
v 2259.333008 82.924957 -188.222656
v 2323.333252 82.924957 515.777344
v 2323.333252 82.924957 451.777405
v 2323.333252 82.924957 387.777405
v 2323.333252 82.924957 323.777405
v 2323.333252 82.924957 259.777405
v 2323.333252 82.924957 195.777405
v 2323.333008 82.924957 131.777405
v 2195.333252 146.924957 899.777405
v 1875.333252 338.924988 1091.777466
v 2195.333252 338.924957 1091.777344
v 1875.333252 338.924988 899.777405
v 1875.333252 146.924973 1091.777466
v 1235.333130 82.925003 67.777466
v 1235.333130 242.925018 -60.222534
v 1235.333130 242.925018 67.777466
v 1235.333130 82.925003 -60.222534
v 787.333130 155.987518 -60.222534
v 787.333191 155.987518 67.777466
v -140.667114 -4.012421 515.777222
v 787.333252 -4.012451 515.777466
v -140.666382 339.987549 -508.222290
v -140.666504 -4.012421 -243.723389
v 723.333130 -4.012451 -115.723633
v 211.332886 -4.012451 643.777527
v 787.333130 339.987518 -508.222534
v 883.333130 339.987518 -412.222534
v 711.110291 -4.012451 361.395813
v 639.556091 -4.012451 384.645142
v 679.110291 -4.012451 262.909912
v 711.110291 -4.012451 286.159302
v 595.333191 -4.012451 323.777527
v 639.556091 27.987549 262.909912
v 607.556091 27.987549 286.159241
v 607.556091 27.987549 361.395813
v 679.110291 27.987549 384.645142
v 723.333191 27.987549 323.777527
v 711.110291 27.987549 361.395813
v 639.556091 27.987549 384.645142
v 595.333191 27.987549 323.777527
v 679.110291 27.987549 262.909912
v 711.110291 27.987549 286.159302
v 607.556091 -4.012451 361.395813
v 639.556091 -4.012451 262.909912
v 607.556091 -4.012451 286.159241
v 679.110291 -4.012451 384.645142
v 723.333191 -4.012451 323.777527
v 685.221741 251.987534 304.968445
v 669.221741 251.987534 293.343689
v 649.444641 251.987534 293.343689
v 633.444641 251.987534 304.968384
v 627.333191 251.987534 323.777527
v 633.444641 251.987534 342.586609
v 649.444641 251.987534 354.211365
v 669.221741 251.987534 354.211365
v 685.221741 251.987534 342.586670
v 691.333191 251.987534 323.777527
v 691.333191 27.987549 323.777527
v 685.221741 27.987549 342.586670
v 669.221741 27.987549 354.211365
v 649.444641 27.987549 354.211365
v 633.444641 27.987549 342.586609
v 627.333191 27.987549 323.777527
v 633.444641 27.987549 304.968384
v 649.444641 27.987549 293.343689
v 669.221741 27.987549 293.343689
v 685.221741 27.987549 304.968445
v 367.556091 -4.012451 561.144165
v 407.110291 -4.012451 439.408936
v 439.110291 -4.012451 462.658325
v 323.333191 -4.012451 500.276550
v 367.556091 27.987549 439.408936
v 335.556091 27.987549 462.658264
v 335.556091 27.987549 537.894775
v 407.110291 27.987549 561.144165
v 451.333191 27.987549 500.276550
v 439.110291 -4.012451 537.894775
v 451.333191 -4.012451 500.276550
v 439.110291 27.987549 537.894775
v 367.556091 27.987549 561.144165
v 323.333191 27.987549 500.276550
v 407.110291 27.987549 439.408936
v 439.110291 27.987549 462.658325
v 335.556091 -4.012451 537.894775
v 367.556091 -4.012451 439.408936
v 335.556091 -4.012451 462.658264
v 407.110291 -4.012451 561.144165
v 413.221741 251.987549 481.467468
v 397.221741 251.987549 469.842712
v 377.444641 251.987549 469.842712
v 361.444641 251.987549 481.467407
v 355.333191 251.987549 500.276550
v 361.444641 251.987549 519.085693
v 377.444641 251.987549 530.710327
v 397.221741 251.987549 530.710327
v 413.221741 251.987549 519.085693
v 419.333191 251.987549 500.276550
v 419.333191 27.987549 500.276550
v 413.221741 27.987549 519.085693
v 397.221741 27.987549 530.710327
v 377.444641 27.987549 530.710327
v 361.444641 27.987549 519.085693
v 355.333191 27.987549 500.276550
v 361.444641 27.987549 481.467407
v 377.444641 27.987549 469.842712
v 397.221741 27.987549 469.842712
v 413.221741 27.987549 481.467468
v -16.443848 -4.012421 382.011780
v 23.110352 -4.012421 260.276550
v 55.110352 -4.012421 283.525940
v -60.666748 -4.012421 321.144226
v -16.443848 27.987579 260.276550
v -48.443848 27.987579 283.526001
v -48.443848 27.987579 358.762451
v 23.110352 27.987579 382.011780
v 67.333252 27.987579 321.144165
v 55.110352 -4.012421 358.762390
v 67.333252 -4.012421 321.144165
v 55.110352 27.987579 358.762390
v -16.443848 27.987579 382.011780
v -60.666748 27.987579 321.144226
v 23.110352 27.987579 260.276550
v 55.110352 27.987579 283.525940
v -48.443848 -4.012421 358.762451
v -16.443848 -4.012421 260.276550
v -48.443848 -4.012421 283.526001
v 23.110352 -4.012421 382.011780
v 29.221802 251.987549 302.335022
v 13.221802 251.987549 290.710388
v -6.555298 251.987549 290.710388
v -22.555298 251.987564 302.335022
v -28.666748 251.987564 321.144165
v -22.555298 251.987564 339.953308
v -6.555298 251.987549 351.577942
v 13.221802 251.987549 351.577942
v 29.221802 251.987549 339.953308
v 35.333252 251.987549 321.144165
v 35.333252 27.987579 321.144165
v 29.221802 27.987579 339.953308
v 13.221802 27.987579 351.577942
v -6.555298 27.987579 351.577942
v -22.555298 27.987579 339.953308
v -28.666748 27.987579 321.144165
v -22.555298 27.987579 302.335022
v -6.555298 27.987579 290.710388
v 13.221802 27.987579 290.710388
v 29.221802 27.987579 302.335022
v -60.666870 -4.012421 -315.723389
v -16.443970 27.987579 -376.591064
v -48.443970 27.987579 -353.341675
v -48.443970 27.987579 -278.105103
v 23.110229 27.987579 -254.855713
v 67.333130 27.987579 -315.723389
v 55.110229 -4.012421 -278.105103
v -16.443970 -4.012421 -254.855713
v 23.110229 -4.012421 -376.591064
v 55.110229 -4.012421 -353.341553
v -16.443970 -4.012421 -376.591064
v -48.443970 -4.012421 -353.341675
v 23.110229 -4.012421 -254.855713
v 67.333130 -4.012421 -315.723389
v 55.110229 27.987579 -278.105103
v -16.443970 27.987579 -254.855713
v -60.666870 27.987579 -315.723389
v 23.110229 27.987579 -376.591064
v 55.110229 27.987579 -353.341553
v -48.443970 -4.012421 -278.105103
v 29.221680 251.987549 -334.532471
v 13.221680 251.987549 -346.157227
v -6.555420 251.987549 -346.157227
v -22.555420 251.987564 -334.532471
v -28.666870 251.987564 -315.723389
v -22.555420 251.987564 -296.914307
v -6.555420 251.987549 -285.289551
v 13.221680 251.987549 -285.289551
v 29.221680 251.987549 -296.914307
v 35.333130 251.987549 -315.723389
v 35.333130 27.987579 -315.723389
v 29.221680 27.987579 -296.914307
v 13.221680 27.987579 -285.289551
v -6.555420 27.987579 -285.289551
v -22.555420 27.987579 -296.914307
v -28.666870 27.987579 -315.723389
v -22.555420 27.987579 -334.532471
v -6.555420 27.987579 -346.157227
v 13.221680 27.987579 -346.157227
v 29.221680 27.987579 -334.532471
v 367.556030 27.987549 -552.591187
v 335.556030 27.987549 -529.341675
v 335.556030 27.987549 -454.105103
v 407.110229 27.987549 -430.855835
v 451.333130 27.987549 -491.723511
v 367.556030 -4.012451 -430.855835
v 407.110229 -4.012451 -552.591187
v 439.110229 -4.012451 -529.341675
v 323.333130 -4.012451 -491.723389
v 439.110229 -4.012451 -454.105225
v 451.333130 -4.012451 -491.723511
v 335.556030 -4.012451 -454.105103
v 367.556030 -4.012451 -552.591187
v 335.556030 -4.012451 -529.341675
v 407.110229 -4.012451 -430.855835
v 439.110229 27.987549 -454.105225
v 367.556030 27.987549 -430.855835
v 323.333130 27.987549 -491.723389
v 407.110229 27.987549 -552.591187
v 439.110229 27.987549 -529.341675
v 413.221680 251.987549 -510.532593
v 397.221680 251.987549 -522.157349
v 377.444580 251.987549 -522.157349
v 361.444580 251.987549 -510.532471
v 355.333130 251.987549 -491.723389
v 361.444580 251.987549 -472.914307
v 377.444580 251.987549 -461.289673
v 397.221680 251.987549 -461.289673
v 413.221680 251.987549 -472.914429
v 419.333130 251.987549 -491.723511
v 419.333130 27.987549 -491.723511
v 413.221680 27.987549 -472.914429
v 397.221680 27.987549 -461.289673
v 377.444580 27.987549 -461.289673
v 361.444580 27.987549 -472.914307
v 355.333130 27.987549 -491.723389
v 361.444580 27.987549 -510.532471
v 377.444580 27.987549 -522.157349
v 397.221680 27.987549 -522.157349
v 413.221680 27.987549 -510.532593
v 639.556030 27.987549 -376.591187
v 607.556030 27.987549 -353.341797
v 607.556030 27.987549 -278.105225
v 639.556030 -4.012451 -254.855835
v 679.110229 -4.012451 -376.591187
v 711.110229 -4.012451 -353.341675
v 595.333130 -4.012451 -315.723511
v 711.110229 27.987549 -278.105225
v 723.333130 27.987549 -315.723511
v 711.110229 -4.012451 -278.105225
v 723.333130 -4.012451 -315.723511
v 679.110229 27.987549 -254.855835
v 639.556030 27.987549 -254.855835
v 607.556030 -4.012451 -278.105225
v 639.556030 -4.012451 -376.591187
v 607.556030 -4.012451 -353.341797
v 679.110229 -4.012451 -254.855835
v 595.333130 27.987549 -315.723511
v 679.110229 27.987549 -376.591187
v 711.110229 27.987549 -353.341675
v 685.221680 251.987534 -334.532593
v 669.221680 251.987534 -346.157349
v 649.444580 251.987534 -346.157349
v 633.444580 251.987534 -334.532593
v 627.333130 251.987534 -315.723511
v 633.444580 251.987534 -296.914429
v 649.444580 251.987534 -285.289673
v 669.221680 251.987534 -285.289673
v 685.221680 251.987534 -296.914429
v 691.333130 251.987534 -315.723511
v 691.333130 27.987549 -315.723511
v 685.221680 27.987549 -296.914429
v 669.221680 27.987549 -285.289673
v 649.444580 27.987549 -285.289673
v 633.444580 27.987549 -296.914429
v 627.333130 27.987549 -315.723511
v 633.444580 27.987549 -334.532593
v 649.444580 27.987549 -346.157349
v 669.221680 27.987549 -346.157349
v 685.221680 27.987549 -334.532593
v 723.333191 -4.012451 252.277405
v 787.333191 -4.012451 252.277405
v -12.666748 -4.012421 124.276611
v -12.666870 -4.012421 -115.723389
v -12.666748 -4.012421 252.276611
v -12.666870 -4.012421 -243.723389
v 723.333252 -4.012451 124.276550
v 723.333130 -4.012451 -243.723511
v 787.333130 347.987518 -412.222534
v 787.333252 347.987518 419.777466
v 883.333252 -4.012482 419.777466
v 883.333130 347.987518 -412.222534
v 883.333130 -4.012482 -412.222534
v 883.333252 347.987518 419.777466
v 787.333252 -4.012451 419.777466
v 787.333130 -4.012451 -412.222534
v -140.667114 339.987549 515.777222
v -140.666382 -4.012421 -508.222290
v 211.333252 339.987549 643.777527
v 211.332642 339.987549 643.777527
v 883.333252 339.987518 419.777466
v 211.333313 339.987549 -636.222412
v 787.333130 -4.012451 -508.222534
v 211.333313 -4.012451 -636.222412
v 787.333252 339.987518 515.777466
v 787.333191 -4.012451 124.276489
v -140.666626 -4.012421 -115.723389
vt 9.000000 5.417990
vt 7.500000 2.930397
vt 9.000000 2.930397
vt 5.000000 5.467742
vt 7.500000 2.930397
vt 7.500000 5.417990
vt 7.500000 -2.094541
vt 9.000000 2.930397
vt 7.500000 2.930397
vt 9.000000 5.417990
vt 7.500000 5.417990
vt 7.500000 2.930397
vt 5.000000 5.467742
vt 5.000000 2.980149
vt 7.500000 2.930397
vt 7.500000 -2.094541
vt 9.000000 -2.094541
vt 9.000000 2.930397
vt -1.000000 -0.636364
vt 4.000000 -0.272727
vt 4.000000 -0.818182
vt -3.500000 -0.272727
vt -1.000000 -0.636364
vt -1.000000 -0.090909
vt -1.000000 -0.636364
vt -3.500000 -0.272727
vt -1.000000 -0.090909
vt 5.000000 -1.363636
vt 5.000000 -2.000000
vt 7.500000 -1.818182
vt 4.000000 -0.272727
vt -1.000000 -0.636364
vt 4.000000 -0.818182
vt 5.000000 -0.363636
vt 7.500000 -0.818182
vt 5.000000 -1.000000
vt 4.000000 -0.272727
vt 6.500000 -0.818182
vt 4.000000 -0.818182
vt -1.000000 -0.636364
vt -1.000000 -0.090909
vt 4.000000 -0.272727
vt -3.500000 -0.272727
vt -3.500000 -0.636364
vt -1.000000 -0.636364
vt -1.000000 -0.636364
vt -3.500000 -0.636364
vt -3.500000 -0.272727
vt 9.000000 -1.818182
vt 9.000000 -1.272727
vt 7.500000 -1.818182
vt 9.000000 -1.272727
vt 5.000000 -1.363636
vt 7.500000 -1.818182
vt 4.000000 -0.272727
vt -1.000000 -0.090909
vt -1.000000 -0.636364
vt 5.000000 -0.363636
vt 7.500000 -0.272727
vt 7.500000 -0.818182
vt 4.000000 -0.272727
vt 6.500000 -0.272727
vt 6.500000 -0.818182
vt -0.057042 1.000000
vt 0.166565 0.000000
vt 1.060993 0.000000
vt 1.060993 1.000000
vt -0.057041 0.000000
vt 1.060993 0.000000
vt 6.000000 -12.820973
vt 5.000000 -13.939007
vt 6.000000 -13.939007
vt 11.234725 8.000000
vt 10.116692 7.000000
vt 11.234725 7.000000
vt 12.352794 8.000000
vt 11.234759 8.000000
vt 11.234759 7.000000
vt 0.999992 0.297060
vt -0.000008 -0.820973
vt 0.999992 -0.820973
vt 0.999992 0.297060
vt -0.000008 -0.820973
vt 0.999992 -0.820973
vt 0.999969 0.297060
vt -0.000031 -0.820973
vt 0.999969 -0.820973
vt 3.000015 -11.702940
vt 2.000015 -12.820973
vt 3.000015 -12.820973
vt 0.999969 0.297061
vt -0.000031 -0.820972
vt 0.999969 -0.820972
vt 0.000081 1.179026
vt -0.999919 0.955420
vt -0.999919 0.060991
vt 0.824932 0.000000
vt 0.824932 1.000000
vt -0.293101 1.000000
vt 0.999992 0.179027
vt -0.000008 -0.939007
vt 0.999992 -0.939007
vt 0.999992 0.179027
vt -0.000008 -0.939007
vt 0.999992 -0.939007
vt 0.999969 0.179027
vt -0.000031 -0.939007
vt 0.999969 -0.939007
vt 3.000015 -12.820973
vt 2.000015 -13.939007
vt 3.000015 -13.939007
vt 12.352794 9.000000
vt 11.234759 8.000000
vt 12.352794 8.000000
vt 1.060993 1.000000
vt -0.057041 0.000000
vt 1.060993 0.000000
vt 5.000000 -11.702940
vt 4.000000 -12.820973
vt 5.000000 -12.820973
vt 5.000000 -11.702940
vt 5.000000 -12.820973
vt 6.000000 -12.820973
vt 0.942944 1.000000
vt -0.175091 0.000000
vt 0.942944 0.000000
vt 11.234725 9.000000
vt 10.116692 8.000000
vt 11.234725 8.000000
vt 0.999992 0.415110
vt -0.000008 -0.702925
vt 0.999992 -0.702925
vt 13.470818 9.000000
vt 12.352784 9.000000
vt 12.352784 8.000000
vt -1.000000 -12.820973
vt -2.000000 -13.939007
vt -1.000000 -13.939007
vt 1.000000 1.121986
vt 0.000000 1.121986
vt 0.000000 0.003952
vt 6.000000 5.121985
vt 5.000000 4.003952
vt 6.000000 4.003952
vt 5.000000 5.121985
vt 4.000000 4.003952
vt 5.000000 4.003952
vt 0.999969 1.121987
vt -0.000031 0.003953
vt 0.999969 0.003953
vt 3.000015 5.121985
vt 2.000015 4.003952
vt 3.000015 4.003952
vt 0.999969 1.121985
vt -0.000031 0.003952
vt 0.999969 0.003952
vt 0.999992 1.121985
vt -0.000008 0.003952
vt 0.999992 0.003952
vt 0.999992 1.121985
vt -0.000008 0.003952
vt 0.999992 0.003952
vt -0.999985 5.121985
vt -1.999985 4.003952
vt -0.999985 4.003952
vt 0.999969 0.415110
vt -0.000031 -0.702925
vt 0.999969 -0.702925
vt 5.000000 -12.820973
vt 4.000000 -13.939007
vt 5.000000 -13.939007
vt 1.060993 1.000000
vt -0.057041 0.000000
vt 1.060993 0.000000
vt 6.000000 4.003952
vt 5.000000 4.003952
vt 5.000000 2.885919
vt 5.000000 4.003922
vt 4.000000 2.885888
vt 5.000000 2.885888
vt 0.999969 1.003922
vt -0.000031 -0.114111
vt 0.999969 -0.114111
vt 3.000015 4.003922
vt 2.000015 2.885888
vt 3.000015 2.885888
vt 0.999969 1.003922
vt -0.000031 -0.114112
vt 0.999969 -0.114112
vt 0.999992 1.003922
vt -0.000008 -0.114112
vt 0.999992 -0.114112
vt 0.999992 1.003922
vt -0.000008 -0.114112
vt 0.999992 -0.114112
vt -0.999985 2.885919
vt -0.999985 4.003952
vt -1.999985 4.003952
vt 11.234725 12.000000
vt 10.116692 11.000000
vt 11.234725 11.000000
vt 3.000015 -10.584890
vt 2.000015 -11.702925
vt 3.000015 -11.702925
vt -0.883411 1.000000
vt -0.883412 0.000000
vt 0.234622 0.000000
vt 1.060993 1.000000
vt -0.057041 0.000000
vt 1.060993 0.000000
vt 0.942944 1.000000
vt -0.175091 0.000000
vt 0.942944 0.000000
vt 5.000000 2.885888
vt 4.000000 2.885888
vt 4.000000 1.767854
vt 0.999969 0.885920
vt -0.000031 -0.232115
vt 0.999969 -0.232115
vt 3.000015 2.885919
vt 2.000015 1.767884
vt 3.000015 1.767884
vt 0.999969 0.885919
vt -0.000031 -0.232116
vt 0.999969 -0.232116
vt 0.999992 0.885919
vt -0.000008 -0.232116
vt 0.999992 -0.232116
vt 0.999992 -0.232146
vt 0.999992 0.885888
vt -0.000008 0.885888
vt 12.352794 11.000000
vt 11.234759 10.000000
vt 12.352794 10.000000
vt 11.234725 11.000000
vt 10.116692 10.000000
vt 11.234725 10.000000
vt 0.999969 0.415111
vt -0.000031 -0.702924
vt 0.999969 -0.702924
vt 0.999969 0.179012
vt -0.000031 -0.939022
vt 0.999969 -0.939022
vt 1.060993 1.000000
vt -0.057041 0.000000
vt 1.060993 0.000000
vt 0.942944 1.000000
vt -0.175091 0.000000
vt 0.942944 0.000000
vt 0.824932 1.000000
vt -0.293101 0.000000
vt 0.824932 0.000000
vt 0.999969 1.000000
vt -0.000031 0.000000
vt 0.999969 0.000000
vt 3.000015 10.000000
vt 2.000015 9.000000
vt 3.000015 9.000000
vt 0.999969 1.000000
vt -0.000031 0.000000
vt 0.999969 0.000000
vt 0.999992 1.000000
vt -0.000008 0.000000
vt 0.999992 0.000000
vt 13.470818 10.000000
vt 12.352784 9.000000
vt 13.470818 9.000000
vt 12.352794 10.000000
vt 11.234759 9.000000
vt 12.352794 9.000000
vt 11.234725 10.000000
vt 10.116692 9.000000
vt 11.234725 9.000000
vt -1.999985 -12.820973
vt -0.999985 -12.820973
vt -0.999985 -11.702940
vt -0.000008 -0.702925
vt 0.999992 -0.702925
vt 0.999992 0.415110
vt 11.234759 12.000000
vt 11.234759 11.000000
vt 12.352794 11.000000
vt 12.352784 11.000000
vt 12.352784 10.000000
vt 13.470818 10.000000
vt -0.175091 0.000000
vt 0.942944 0.000000
vt 0.942944 1.000000
vt -0.293101 0.000000
vt 0.824932 0.000000
vt 0.824932 1.000000
vt 4.000000 -10.584890
vt 4.000000 -11.702925
vt 5.000000 -11.702925
vt 0.942944 0.000000
vt 0.942944 1.000000
vt -0.175091 1.000000
vt 0.234622 0.000000
vt 0.011016 1.000000
vt -0.883411 1.000000
vt -0.999919 0.060991
vt 0.000081 0.060991
vt 0.000081 1.179026
vt 1.060993 0.000000
vt 1.060993 1.000000
vt -0.057042 1.000000
vt 0.000000 0.003952
vt 1.000000 0.227558
vt 1.000000 1.121986
vt 1.060993 1.000000
vt -0.057041 1.000000
vt -0.057041 0.000000
vt 6.000000 -12.820973
vt 5.000000 -12.820973
vt 5.000000 -13.939007
vt 11.234725 8.000000
vt 10.116692 8.000000
vt 10.116692 7.000000
vt 0.999992 0.297060
vt -0.000008 0.297060
vt -0.000008 -0.820973
vt 0.999992 0.297060
vt -0.000008 0.297060
vt -0.000008 -0.820973
vt 0.999969 0.297060
vt -0.000031 0.297060
vt -0.000031 -0.820973
vt 3.000015 -11.702940
vt 2.000015 -11.702940
vt 2.000015 -12.820973
vt 0.999969 0.297061
vt -0.000031 0.297061
vt -0.000031 -0.820972
vt 0.999992 0.179027
vt -0.000008 0.179027
vt -0.000008 -0.939007
vt 0.999992 0.179027
vt -0.000008 0.179027
vt -0.000008 -0.939007
vt 0.999969 0.179027
vt -0.000031 0.179027
vt -0.000031 -0.939007
vt 3.000015 -12.820973
vt 2.000015 -12.820973
vt 2.000015 -13.939007
vt 12.352794 9.000000
vt 11.234759 9.000000
vt 11.234759 8.000000
vt 1.060993 1.000000
vt -0.057041 1.000000
vt -0.057041 0.000000
vt 5.000000 -11.702940
vt 4.000000 -11.702940
vt 4.000000 -12.820973
vt 0.942944 1.000000
vt -0.175091 1.000000
vt -0.175091 0.000000
vt 11.234725 9.000000
vt 10.116692 9.000000
vt 10.116692 8.000000
vt 0.999992 -0.584890
vt -0.000008 -0.584890
vt -0.000008 -1.702925
vt -1.000000 -12.820973
vt -2.000000 -12.820973
vt -2.000000 -13.939007
vt 6.000000 5.121985
vt 5.000000 5.121985
vt 5.000000 4.003952
vt 5.000000 5.121985
vt 4.000000 5.121985
vt 4.000000 4.003952
vt 0.999969 1.121987
vt -0.000031 1.121987
vt -0.000031 0.003953
vt 3.000015 5.121985
vt 2.000015 5.121985
vt 2.000015 4.003952
vt 0.999969 1.121985
vt -0.000031 1.121985
vt -0.000031 0.003952
vt 0.999992 1.121985
vt -0.000008 1.121985
vt -0.000008 0.003952
vt 0.999992 1.121985
vt -0.000008 1.121985
vt -0.000008 0.003952
vt -0.999985 5.121985
vt -1.999985 5.121985
vt -1.999985 4.003952
vt 0.999969 -0.584890
vt -0.000031 -0.584890
vt -0.000031 -1.702925
vt 5.000000 -12.820973
vt 4.000000 -12.820973
vt 4.000000 -13.939007
vt 1.060993 1.000000
vt -0.057041 1.000000
vt -0.057041 0.000000
vt 5.000000 4.003922
vt 4.000000 4.003922
vt 4.000000 2.885888
vt 0.999969 1.003922
vt -0.000031 1.003922
vt -0.000031 -0.114111
vt 3.000015 4.003922
vt 2.000015 4.003922
vt 2.000015 2.885888
vt 0.999969 1.003922
vt -0.000031 1.003922
vt -0.000031 -0.114112
vt 0.999992 1.003922
vt -0.000008 1.003922
vt -0.000008 -0.114112
vt 0.999992 1.003922
vt -0.000008 1.003922
vt -0.000008 -0.114112
vt 11.234725 12.000000
vt 10.116692 12.000000
vt 10.116692 11.000000
vt 3.000015 -10.584890
vt 2.000015 -10.584890
vt 2.000015 -11.702925
vt 1.060993 1.000000
vt -0.057041 1.000000
vt -0.057041 0.000000
vt 0.942944 1.000000
vt -0.175091 1.000000
vt -0.175091 0.000000
vt 0.999969 0.885920
vt -0.000031 0.885920
vt -0.000031 -0.232115
vt 3.000015 2.885919
vt 2.000015 2.885919
vt 2.000015 1.767884
vt 0.999969 0.885919
vt -0.000031 0.885919
vt -0.000031 -0.232116
vt 0.999992 0.885919
vt -0.000008 0.885919
vt -0.000008 -0.232116
vt 12.352794 11.000000
vt 11.234759 11.000000
vt 11.234759 10.000000
vt 11.234725 11.000000
vt 10.116692 11.000000
vt 10.116692 10.000000
vt 0.999969 -0.584889
vt -0.000031 -0.584889
vt -0.000031 -1.702924
vt 0.999969 0.179012
vt -0.000031 0.179012
vt -0.000031 -0.939022
vt 1.060993 1.000000
vt -0.057041 1.000000
vt -0.057041 0.000000
vt 0.942944 1.000000
vt -0.175091 1.000000
vt -0.175091 0.000000
vt 0.824932 1.000000
vt -0.293101 1.000000
vt -0.293101 0.000000
vt 0.999969 1.000000
vt -0.000031 1.000000
vt -0.000031 0.000000
vt 3.000015 10.000000
vt 2.000015 10.000000
vt 2.000015 9.000000
vt 0.999969 1.000000
vt -0.000031 1.000000
vt -0.000031 0.000000
vt 0.999992 1.000000
vt -0.000008 1.000000
vt -0.000008 0.000000
vt 13.470818 10.000000
vt 12.352784 10.000000
vt 12.352784 9.000000
vt 12.352794 10.000000
vt 11.234759 10.000000
vt 11.234759 9.000000
vt 11.234725 10.000000
vt 10.116692 10.000000
vt 10.116692 9.000000
vt -1.503899 12.875000
vt -0.503899 8.875000
vt 0.496101 8.875000
vt -1.503899 12.875000
vt -1.003899 13.375000
vt -1.503899 13.375000
vt -0.503899 13.375000
vt -0.003899 12.875000
vt -0.003899 13.375000
vt -0.503899 12.875000
vt -1.003899 13.375000
vt -1.003899 12.875000
vt -1.503899 13.375000
vt -1.003899 13.875000
vt -1.503899 13.875000
vt -1.503899 13.875000
vt -1.003899 14.375000
vt -1.503899 14.375000
vt -0.003902 13.375000
vt 0.496098 12.875000
vt 0.496098 13.375000
vt 0.496095 13.375000
vt 0.996095 12.875000
vt 0.996095 13.375000
vt 0.996101 13.375000
vt 1.496101 12.875000
vt 1.496101 13.375000
vt 1.496098 13.375000
vt 1.996098 12.875000
vt 1.996098 13.375000
vt 1.996101 13.375000
vt 2.496101 12.875000
vt 2.496101 13.375000
vt 2.496101 13.375000
vt 2.996101 12.875000
vt 2.996101 13.375000
vt 2.996101 13.375000
vt 3.496101 12.875000
vt 3.496101 13.375000
vt 3.496101 13.375000
vt 3.996101 12.875000
vt 3.996101 13.375000
vt 3.996101 12.875000
vt 4.496101 13.375000
vt 3.996101 13.375000
vt 0.496101 0.875000
vt -0.003899 0.375000
vt 0.496101 0.375000
vt 3.996101 13.375000
vt 4.496101 13.875000
vt 3.996101 13.875000
vt 3.996101 13.875000
vt 4.496101 14.375000
vt 3.996101 14.375000
vt 3.996101 14.375000
vt 4.496101 14.875000
vt 3.996101 14.875000
vt -0.003899 -0.125000
vt 0.496101 0.375000
vt -0.003899 0.375000
vt -0.003899 0.375000
vt 0.496101 0.875000
vt -0.003899 0.875000
vt -0.003899 -0.125000
vt 0.496101 0.375000
vt -0.003899 0.375000
vt -1.503899 14.375000
vt -1.003899 14.875000
vt -1.503899 14.875000
vt -0.503899 -0.125000
vt -0.003899 0.375000
vt -0.503899 0.375000
vt -0.503899 0.375000
vt -0.003899 0.875000
vt -0.503899 0.875000
vt -0.503899 -0.125000
vt -0.003899 0.375000
vt -0.503899 0.375000
vt -0.503899 0.375000
vt -0.003899 0.875000
vt -0.503899 0.875000
vt 0.496101 -0.125000
vt -0.003899 0.375000
vt -0.003899 -0.125000
vt 0.496101 -0.125000
vt -0.003899 0.375000
vt -0.003899 -0.125000
vt 0.996101 -0.125000
vt 0.496101 0.375000
vt 0.496101 -0.125000
vt 0.496101 -0.125000
vt -0.003899 0.375000
vt -0.003899 -0.125000
vt 0.996101 -0.125000
vt 0.496101 0.375000
vt 0.496101 -0.125000
vt -0.503899 0.375000
vt -0.003899 -0.125000
vt -0.003899 0.375000
vt 0.996101 -0.125000
vt 0.496101 0.375000
vt 0.496101 -0.125000
vt 0.496101 -0.125000
vt -0.003899 0.375000
vt -0.003899 -0.125000
vt -1.003899 0.375000
vt -0.503899 -0.125000
vt -0.503899 0.375000
vt -0.503899 0.375000
vt -0.003899 -0.125000
vt -0.003899 0.375000
vt -0.003899 0.375000
vt 0.496101 -0.125000
vt 0.496101 0.375000
vt 0.996101 -0.125000
vt 0.496101 0.375000
vt 0.496101 -0.125000
vt -2.911926 4.636364
vt -2.366472 4.636364
vt -2.366472 5.181818
vt 2.360801 5.181818
vt 2.360801 4.636364
vt 2.906256 4.636364
vt -0.681818 0.090909
vt -1.409094 -0.636362
vt -0.681821 -0.636362
vt -4.272728 0.681814
vt -4.636364 1.409092
vt -4.636364 0.681814
vt 0.681819 0.090910
vt -0.681800 4.272728
vt -0.681818 0.090909
vt -1.503899 12.875000
vt -1.503899 8.875000
vt -0.503899 8.875000
vt 0.496101 8.875000
vt 1.496101 8.875000
vt -1.503899 12.875000
vt 1.496101 8.875000
vt 4.496101 12.875000
vt -1.503899 12.875000
vt -1.503899 12.875000
vt -1.003899 12.875000
vt -1.003899 13.375000
vt -0.503899 13.375000
vt -0.503899 12.875000
vt -0.003899 12.875000
vt -0.503899 12.875000
vt -0.503899 13.375000
vt -1.003899 13.375000
vt -1.503899 13.375000
vt -1.003899 13.375000
vt -1.003899 13.875000
vt -1.503899 13.875000
vt -1.003899 13.875000
vt -1.003899 14.375000
vt -0.003902 13.375000
vt -0.003902 12.875000
vt 0.496098 12.875000
vt 0.496095 13.375000
vt 0.496095 12.875000
vt 0.996095 12.875000
vt 0.996101 13.375000
vt 0.996101 12.875000
vt 1.496101 12.875000
vt 1.496098 13.375000
vt 1.496098 12.875000
vt 1.996098 12.875000
vt 1.996101 13.375000
vt 1.996101 12.875000
vt 2.496101 12.875000
vt 2.496101 13.375000
vt 2.496101 12.875000
vt 2.996101 12.875000
vt 2.996101 13.375000
vt 2.996101 12.875000
vt 3.496101 12.875000
vt 3.496101 13.375000
vt 3.496101 12.875000
vt 3.996101 12.875000
vt 3.996101 12.875000
vt 4.496101 12.875000
vt 4.496101 13.375000
vt 0.496101 0.875000
vt -0.003899 0.875000
vt -0.003899 0.375000
vt 3.996101 13.375000
vt 4.496101 13.375000
vt 4.496101 13.875000
vt 3.996101 13.875000
vt 4.496101 13.875000
vt 4.496101 14.375000
vt 3.996101 14.375000
vt 4.496101 14.375000
vt 4.496101 14.875000
vt -0.003899 -0.125000
vt 0.496101 -0.125000
vt 0.496101 0.375000
vt -0.003899 0.375000
vt 0.496101 0.375000
vt 0.496101 0.875000
vt -0.003899 -0.125000
vt 0.496101 -0.125000
vt 0.496101 0.375000
vt -1.503899 14.375000
vt -1.003899 14.375000
vt -1.003899 14.875000
vt -0.503899 -0.125000
vt -0.003899 -0.125000
vt -0.003899 0.375000
vt -0.503899 0.375000
vt -0.003899 0.375000
vt -0.003899 0.875000
vt -0.503899 -0.125000
vt -0.003899 -0.125000
vt -0.003899 0.375000
vt -0.503899 0.375000
vt -0.003899 0.375000
vt -0.003899 0.875000
vt 0.496101 -0.125000
vt 0.496101 0.375000
vt -0.003899 0.375000
vt 0.496101 -0.125000
vt 0.496101 0.375000
vt -0.003899 0.375000
vt 0.996101 -0.125000
vt 0.996101 0.375000
vt 0.496101 0.375000
vt 0.496101 -0.125000
vt 0.496101 0.375000
vt -0.003899 0.375000
vt 0.996101 -0.125000
vt 0.996101 0.375000
vt 0.496101 0.375000
vt -0.503899 0.375000
vt -0.503899 -0.125000
vt -0.003899 -0.125000
vt 0.996101 -0.125000
vt 0.996101 0.375000
vt 0.496101 0.375000
vt 0.496101 -0.125000
vt 0.496101 0.375000
vt -0.003899 0.375000
vt -1.003899 0.375000
vt -1.003899 -0.125000
vt -0.503899 -0.125000
vt -0.503899 0.375000
vt -0.503899 -0.125000
vt -0.003899 -0.125000
vt -0.003899 0.375000
vt -0.003899 -0.125000
vt 0.496101 -0.125000
vt 0.996101 -0.125000
vt 0.996101 0.375000
vt 0.496101 0.375000
vt -0.681818 0.090909
vt -1.409091 0.090909
vt -1.409094 -0.636362
vt -4.272728 0.681814
vt -4.272727 1.409092
vt -4.636364 1.409092
vt -0.681818 0.090909
vt -0.681821 -0.636362
vt 0.681819 0.090910
vt -0.681821 -0.636362
vt 2.906251 -0.636366
vt 1.409092 0.090909
vt 0.681819 0.090910
vt -0.681821 -0.636362
vt 1.409092 0.090909
vt 2.906251 -0.636366
vt 3.633535 1.363634
vt 1.409092 0.090909
vt 3.633535 1.363634
vt 2.906277 4.636364
vt 1.409115 4.272728
vt 1.409092 0.090909
vt 3.633535 1.363634
vt 1.409115 4.272728
vt 2.906277 4.636364
vt 1.409117 4.636364
vt 1.409115 4.272728
vt -2.911928 -0.636361
vt -1.409094 -0.636362
vt -1.409091 0.090909
vt -2.911905 4.636364
vt -3.639193 1.363638
vt -1.409072 4.272728
vt -3.639193 1.363638
vt -2.911928 -0.636361
vt -1.409091 0.090909
vt 0.681838 4.272728
vt 0.681839 4.636364
vt -0.681800 4.272728
vt 0.681839 4.636364
vt -2.911905 4.636364
vt -1.409072 4.272728
vt -0.681800 4.272728
vt 0.681839 4.636364
vt -1.409072 4.272728
vt -3.639193 1.363638
vt -1.409091 0.090909
vt -1.409072 4.272728
vt 0.681819 0.090910
vt 0.681838 4.272728
vt -0.681800 4.272728
vt 0.125000 0.875000
vt 1.625000 0.875000
vt 0.625000 0.625000
vt 0.625000 -1.000000
vt 0.875000 -1.000000
vt 2.125000 -0.125000
vt 2.250000 -1.000000
vt 2.500000 -1.000000
vt 3.750000 -0.125000
vt 2.000000 -0.125000
vt 2.000000 -1.000000
vt 1.750000 -1.000000
vt 3.750000 -0.125000
vt 3.750000 -1.000000
vt 3.500000 -1.000000
vt -0.167705 -0.125000
vt 2.291970 -1.000000
vt -0.167705 -1.000000
vt 1.625000 0.875000
vt 1.625000 -0.000000
vt 1.125000 0.625000
vt 1.625000 -0.000000
vt 1.125000 -0.000000
vt 1.125000 0.625000
vt 0.625000 -0.000000
vt 0.125000 -0.000000
vt 0.625000 0.625000
vt 0.125000 -0.000000
vt 0.125000 0.875000
vt 0.625000 0.625000
vt 1.625000 0.875000
vt 1.125000 0.625000
vt 0.625000 0.625000
vt 1.875000 -1.000000
vt 2.125000 -1.000000
vt 2.125000 -0.125000
vt 2.125000 -0.125000
vt -0.875000 -0.125000
vt 0.625000 -1.000000
vt -0.875000 -0.125000
vt -0.875000 -1.000000
vt -0.625000 -1.000000
vt -0.875000 -0.125000
vt -0.625000 -1.000000
vt -0.375000 -1.000000
vt 1.625000 -1.000000
vt 1.875000 -1.000000
vt 2.125000 -0.125000
vt 1.375000 -1.000000
vt 1.625000 -1.000000
vt 2.125000 -0.125000
vt -0.875000 -0.125000
vt -0.375000 -1.000000
vt -0.125000 -1.000000
vt -0.875000 -0.125000
vt -0.125000 -1.000000
vt 0.125000 -1.000000
vt 1.125000 -1.000000
vt 1.375000 -1.000000
vt 2.125000 -0.125000
vt 0.875000 -1.000000
vt 1.125000 -1.000000
vt 2.125000 -0.125000
vt -0.875000 -0.125000
vt 0.125000 -1.000000
vt 0.375000 -1.000000
vt -0.875000 -0.125000
vt 0.375000 -1.000000
vt 0.625000 -1.000000
vt -0.500000 -0.125000
vt -0.500000 -1.000000
vt 1.500000 -1.000000
vt -0.500000 -0.125000
vt 1.500000 -1.000000
vt 1.750000 -1.000000
vt 3.750000 -1.000000
vt 3.750000 -0.125000
vt 3.500000 -1.000000
vt 3.750000 -0.125000
vt -0.500000 -0.125000
vt 1.750000 -1.000000
vt 3.500000 -1.000000
vt 3.750000 -0.125000
vt 3.250000 -1.000000
vt 3.250000 -1.000000
vt 3.750000 -0.125000
vt 3.000000 -1.000000
vt 1.750000 -1.000000
vt 2.000000 -1.000000
vt 3.750000 -0.125000
vt 2.000000 -1.000000
vt 2.250000 -1.000000
vt 3.750000 -0.125000
vt 3.000000 -1.000000
vt 3.750000 -0.125000
vt 2.750000 -1.000000
vt 2.750000 -1.000000
vt 3.750000 -0.125000
vt 2.500000 -1.000000
vt 1.750000 -1.000000
vt 1.500000 -1.000000
vt 1.500000 -0.125000
vt 1.500000 -0.125000
vt 2.000000 -0.125000
vt 1.750000 -1.000000
vt 3.500000 -1.000000
vt 3.250000 -1.000000
vt 3.250000 -0.125000
vt 3.250000 -0.125000
vt 3.750000 -0.125000
vt 3.500000 -1.000000
vt -0.167705 -0.125000
vt 2.291970 -0.125000
vt 2.291970 -1.000000
vt 1.008822 -2.162560
vt -0.016819 5.150860
vt -0.016819 -2.162560
vt 1.008822 -4.162560
vt 1.008822 3.150860
vt -0.016819 3.150860
vt 7.583333 0.452800
vt 5.250000 0.833333
vt 7.583333 1.286133
vt 5.250000 -0.166667
vt 7.583333 -0.547200
vt 7.583333 0.286133
vt 7.583333 0.452800
vt 5.250000 0.000000
vt 5.250000 0.833333
vt 5.250000 -0.166667
vt 5.250000 -1.000000
vt 7.583333 -0.547200
vt -1.409091 -0.090910
vt -0.681814 -4.272728
vt -0.681818 -0.090910
vt 1.409091 -0.090909
vt 0.681823 -4.272727
vt 1.409095 -4.272727
vt -1.409091 -0.090910
vt -1.409092 -4.272728
vt -0.681814 -4.272728
vt 1.409091 -0.090909
vt 0.681819 -0.090909
vt 0.681823 -4.272727
vt 0.000000 -1.000000
vt 1.000000 -2.000000
vt 1.000000 -1.000000
vt 0.000000 -1.000000
vt 1.000000 -2.000000
vt 1.000000 -1.000000
vt 0.000000 -1.000000
vt 1.000000 -2.000000
vt 1.000000 -1.000000
vt 0.000000 -1.000000
vt 1.000000 -2.000000
vt 1.000000 -1.000000
vt 0.654509 -1.000000
vt 0.095491 -1.809017
vt 0.654509 -2.000000
vt 0.000000 -1.000000
vt 1.000000 -2.000000
vt 1.000000 -1.000000
vt 0.000000 -1.000000
vt 0.999999 -2.000000
vt 1.000000 -1.000000
vt 0.000000 -1.000000
vt 1.000000 -2.000000
vt 1.000000 -1.000000
vt 0.000000 -1.000000
vt 1.000000 -2.000000
vt 1.000000 -1.000000
vt 0.000000 -1.000000
vt 1.000000 -2.000000
vt 1.000000 -1.000000
vt 0.000000 -1.000000
vt 1.000000 -2.000000
vt 1.000000 -1.000000
vt 0.000005 -1.000000
vt 0.999985 -2.000000
vt 1.000000 -1.000000
vt 0.000002 -1.000000
vt 0.999997 -2.000000
vt 1.000000 -1.000000
vt 0.000000 -1.000000
vt 1.000000 -2.000000
vt 0.999998 -1.000000
vt 0.000000 -1.000000
vt 1.000000 -2.000000
vt 0.999998 -1.000000
vt 0.000000 -1.000000
vt 1.000000 -2.000000
vt 0.999988 -1.000000
vt 0.000011 -1.000000
vt 0.999988 -2.000000
vt 1.000000 -1.000000
vt 0.000000 -1.000000
vt 1.000000 -2.000000
vt 0.999997 -1.000000
vt 0.000000 -1.000000
vt 1.000000 -2.000000
vt 0.999987 -1.000000
vt 0.000000 -1.000000
vt 1.000000 -2.000000
vt 0.999978 -1.000000
vt 0.000001 -1.000000
vt 1.000000 -2.000000
vt 0.999989 -1.000000
vt 0.000000 -1.000000
vt 1.000000 -2.000000
vt 1.000000 -1.000000
vt 0.000000 -1.000000
vt 1.000000 -2.000000
vt 1.000000 -1.000000
vt 0.000000 -1.000000
vt 1.000000 -2.000000
vt 1.000000 -1.000000
vt 0.000000 -1.000000
vt 1.000000 -2.000000
vt 1.000000 -1.000000
vt 0.000000 -1.000000
vt 1.000000 -2.000000
vt 1.000000 -1.000000
vt 0.654509 -1.000000
vt 0.095491 -1.809017
vt 0.654509 -2.000000
vt 0.000000 -1.000000
vt 1.000000 -2.000000
vt 1.000000 -1.000000
vt 0.000000 -1.000000
vt 0.999999 -2.000000
vt 1.000000 -1.000000
vt 0.000000 -1.000000
vt 1.000000 -2.000000
vt 1.000000 -1.000000
vt 0.000000 -1.000000
vt 1.000000 -2.000000
vt 1.000000 -1.000000
vt 0.000000 -1.000000
vt 1.000000 -2.000000
vt 1.000000 -1.000000
vt 0.000005 -1.000000
vt 0.999985 -2.000000
vt 1.000000 -1.000000
vt 0.000002 -1.000000
vt 0.999997 -2.000000
vt 1.000000 -1.000000
vt 0.000000 -1.000000
vt 1.000000 -2.000000
vt 0.999998 -1.000000
vt 0.000000 -1.000000
vt 1.000000 -2.000000
vt 0.999998 -1.000000
vt 0.000000 -1.000000
vt 1.000000 -2.000000
vt 0.999988 -1.000000
vt 0.000011 -1.000000
vt 0.999988 -2.000000
vt 1.000000 -1.000000
vt 0.000000 -1.000000
vt 1.000000 -2.000000
vt 0.999997 -1.000000
vt 0.000000 -1.000000
vt 1.000000 -2.000000
vt 0.999987 -1.000000
vt 0.000000 -1.000000
vt 1.000000 -2.000000
vt 0.999978 -1.000000
vt 0.000001 -1.000000
vt 1.000000 -2.000000
vt 0.999989 -1.000000
vt 0.000000 -1.000000
vt 1.000000 -2.000000
vt 1.000000 -1.000000
vt 0.000000 -1.000000
vt 1.000000 -2.000000
vt 1.000000 -1.000000
vt 0.000000 -1.000000
vt 1.000000 -2.000000
vt 1.000000 -1.000000
vt 0.000000 -1.000000
vt 1.000000 -2.000000
vt 1.000000 -1.000000
vt 0.000000 -1.000000
vt 1.000000 -2.000000
vt 1.000000 -1.000000
vt 0.654509 -1.000000
vt 0.095492 -1.190983
vt 0.095491 -1.809017
vt 0.000000 -1.000000
vt 1.000000 -2.000000
vt 1.000000 -1.000000
vt 0.000000 -1.000000
vt 0.999999 -2.000000
vt 1.000000 -1.000000
vt 0.000000 -1.000000
vt 1.000000 -2.000000
vt 1.000000 -1.000000
vt 0.000000 -1.000000
vt 1.000000 -2.000000
vt 1.000000 -1.000000
vt 0.000000 -1.000000
vt 1.000000 -2.000000
vt 1.000000 -1.000000
vt 0.000005 -1.000000
vt 0.999985 -2.000000
vt 1.000000 -1.000000
vt 0.000002 -1.000000
vt 0.999997 -2.000000
vt 1.000000 -1.000000
vt 0.000000 -1.000000
vt 1.000000 -2.000000
vt 0.999998 -1.000000
vt 0.000000 -1.000000
vt 1.000000 -2.000000
vt 0.999998 -1.000000
vt 0.000000 -1.000000
vt 1.000000 -2.000000
vt 0.999988 -1.000000
vt 0.000011 -1.000000
vt 0.999988 -2.000000
vt 1.000000 -1.000000
vt 0.000000 -1.000000
vt 1.000000 -2.000000
vt 0.999997 -1.000000
vt 0.000000 -1.000000
vt 1.000000 -2.000000
vt 0.999987 -1.000000
vt 0.000000 -1.000000
vt 1.000000 -2.000000
vt 0.999978 -1.000000
vt 0.000001 -1.000000
vt 1.000000 -2.000000
vt 0.999989 -1.000000
vt 0.000000 -1.000000
vt 1.000000 -2.000000
vt 1.000000 -1.000000
vt 0.000000 -1.000000
vt 1.000000 -2.000000
vt 1.000000 -1.000000
vt 0.000000 -1.000000
vt 1.000000 -2.000000
vt 1.000000 -1.000000
vt 0.000000 -1.000000
vt 1.000000 -2.000000
vt 1.000000 -1.000000
vt 0.000000 -1.000000
vt 1.000000 -2.000000
vt 1.000000 -1.000000
vt 0.000000 -1.000000
vt 1.000000 -2.000000
vt 1.000000 -1.000000
vt 0.000000 -1.000000
vt 1.000000 -2.000000
vt 1.000000 -1.000000
vt 0.000000 -1.000000
vt 1.000000 -2.000000
vt 1.000000 -1.000000
vt 0.095492 -1.190983
vt 0.095491 -1.809017
vt 0.654509 -2.000000
vt 0.000000 -1.000000
vt 1.000000 -2.000000
vt 1.000000 -1.000000
vt 0.000000 -1.000000
vt 0.999999 -2.000000
vt 1.000000 -1.000000
vt 0.000005 -1.000000
vt 0.999985 -2.000000
vt 1.000000 -1.000000
vt 0.000002 -1.000000
vt 0.999997 -2.000000
vt 1.000000 -1.000000
vt 0.000000 -1.000000
vt 1.000000 -2.000000
vt 0.999998 -1.000000
vt 0.000000 -1.000000
vt 1.000000 -2.000000
vt 0.999998 -1.000000
vt 0.000000 -1.000000
vt 1.000000 -2.000000
vt 0.999988 -1.000000
vt 0.000011 -1.000000
vt 0.999988 -2.000000
vt 1.000000 -1.000000
vt 0.000000 -1.000000
vt 1.000000 -2.000000
vt 0.999997 -1.000000
vt 0.000000 -1.000000
vt 1.000000 -2.000000
vt 0.999987 -1.000000
vt 0.000000 -1.000000
vt 1.000000 -2.000000
vt 0.999978 -1.000000
vt 0.000001 -1.000000
vt 1.000000 -2.000000
vt 0.999989 -1.000000
vt 0.000000 -1.000000
vt 1.000000 -2.000000
vt 1.000000 -1.000000
vt 0.000000 -1.000000
vt 1.000000 -2.000000
vt 1.000000 -1.000000
vt 0.000000 -1.000000
vt 0.999999 -2.000000
vt 1.000000 -1.000000
vt 0.000000 -1.000000
vt 1.000000 -2.000000
vt 1.000000 -1.000000
vt 0.000000 -1.000000
vt 1.000000 -2.000000
vt 1.000000 -1.000000
vt 0.000000 -1.000000
vt 1.000000 -2.000000
vt 1.000000 -1.000000
vt 0.000000 -1.000000
vt 1.000000 -2.000000
vt 1.000000 -1.000000
vt 0.000000 -1.000000
vt 1.000000 -2.000000
vt 1.000000 -1.000000
vt 0.000000 -1.000000
vt 1.000000 -2.000000
vt 1.000000 -1.000000
vt 0.095492 -1.190983
vt 0.095491 -1.809017
vt 0.654509 -2.000000
vt 0.000000 -1.000000
vt 1.000000 -2.000000
vt 1.000000 -1.000000
vt 0.000005 -1.000000
vt 0.999985 -2.000000
vt 1.000000 -1.000000
vt 0.000002 -1.000000
vt 0.999997 -2.000000
vt 1.000000 -1.000000
vt 0.000000 -1.000000
vt 1.000000 -2.000000
vt 0.999998 -1.000000
vt 0.000000 -1.000000
vt 1.000000 -2.000000
vt 0.999998 -1.000000
vt 0.000000 -1.000000
vt 1.000000 -2.000000
vt 0.999988 -1.000000
vt 0.000011 -1.000000
vt 0.999988 -2.000000
vt 1.000000 -1.000000
vt 0.000000 -1.000000
vt 1.000000 -2.000000
vt 0.999997 -1.000000
vt 0.000000 -1.000000
vt 1.000000 -2.000000
vt 0.999987 -1.000000
vt 0.000000 -1.000000
vt 1.000000 -2.000000
vt 0.999978 -1.000000
vt 0.000001 -1.000000
vt 1.000000 -2.000000
vt 0.999989 -1.000000
vt 0.000000 -1.000000
vt 1.000000 -2.000000
vt 1.000000 -1.000000
vt 0.000000 -1.000000
vt 1.000000 -2.000000
vt 1.000000 -1.000000
vt 0.000000 -1.000000
vt 1.000000 -2.000000
vt 1.000000 -1.000000
vt 0.000000 -1.000000
vt 1.000000 -2.000000
vt 1.000000 -1.000000
vt 0.000000 -1.000000
vt 0.999999 -2.000000
vt 1.000000 -1.000000
vt 0.000000 -1.000000
vt 1.000000 -2.000000
vt 1.000000 -1.000000
vt 0.000000 -1.000000
vt 1.000000 -2.000000
vt 1.000000 -1.000000
vt 0.000000 -1.000000
vt 1.000000 -2.000000
vt 1.000000 -1.000000
vt 0.000000 -1.000000
vt 1.000000 -2.000000
vt 1.000000 -1.000000
vt 0.095492 -1.190983
vt 0.095491 -1.809017
vt 0.654509 -2.000000
vt 0.000000 -1.000000
vt 1.000000 -2.000000
vt 1.000000 -1.000000
vt 0.000005 -1.000000
vt 0.999985 -2.000000
vt 1.000000 -1.000000
vt 0.000002 -1.000000
vt 0.999997 -2.000000
vt 1.000000 -1.000000
vt 0.000000 -1.000000
vt 1.000000 -2.000000
vt 0.999998 -1.000000
vt 0.000000 -1.000000
vt 1.000000 -2.000000
vt 0.999998 -1.000000
vt 0.000000 -1.000000
vt 1.000000 -2.000000
vt 0.999988 -1.000000
vt 0.000011 -1.000000
vt 0.999988 -2.000000
vt 1.000000 -1.000000
vt 0.000000 -1.000000
vt 1.000000 -2.000000
vt 0.999997 -1.000000
vt 0.000000 -1.000000
vt 1.000000 -2.000000
vt 0.999987 -1.000000
vt 0.000000 -1.000000
vt 1.000000 -2.000000
vt 0.999978 -1.000000
vt 0.000001 -1.000000
vt 1.000000 -2.000000
vt 0.999989 -1.000000
vt 0.000000 -1.000000
vt 0.000000 -2.000000
vt 1.000000 -2.000000
vt 0.000000 -1.000000
vt 0.000000 -2.000000
vt 1.000000 -2.000000
vt 0.000000 -1.000000
vt 0.000000 -2.000000
vt 1.000000 -2.000000
vt 0.000000 -1.000000
vt 0.000000 -2.000000
vt 1.000000 -2.000000
vt 0.654509 -2.000000
vt 0.904509 -1.809017
vt 1.000000 -1.500000
vt 1.000000 -1.500000
vt 0.904508 -1.190983
vt 0.654509 -2.000000
vt 0.904508 -1.190983
vt 0.654509 -1.000000
vt 0.654509 -2.000000
vt 0.654509 -1.000000
vt 0.345492 -1.000000
vt 0.095491 -1.809017
vt 0.345492 -1.000000
vt 0.095492 -1.190983
vt 0.095491 -1.809017
vt 0.095492 -1.190983
vt 0.000000 -1.500000
vt 0.095491 -1.809017
vt 0.095491 -1.809017
vt 0.345491 -2.000000
vt 0.654509 -2.000000
vt 0.000000 -1.000000
vt 0.000000 -2.000000
vt 1.000000 -2.000000
vt 0.000000 -1.000000
vt 0.000000 -2.000000
vt 0.999999 -2.000000
vt 0.000000 -1.000000
vt 0.000000 -2.000000
vt 1.000000 -2.000000
vt 0.000000 -1.000000
vt 0.000000 -2.000000
vt 1.000000 -2.000000
vt 0.000000 -1.000000
vt 0.000000 -2.000000
vt 1.000000 -2.000000
vt 0.000000 -1.000000
vt 0.000000 -2.000000
vt 1.000000 -2.000000
vt 0.000005 -1.000000
vt 0.000000 -2.000000
vt 0.999985 -2.000000
vt 0.000002 -1.000000
vt 0.000000 -2.000000
vt 0.999997 -2.000000
vt 0.000000 -1.000000
vt 0.000002 -2.000000
vt 1.000000 -2.000000
vt 0.000000 -1.000000
vt 0.000002 -2.000000
vt 1.000000 -2.000000
vt 0.000000 -1.000000
vt 0.000011 -2.000000
vt 1.000000 -2.000000
vt 0.000011 -1.000000
vt 0.000000 -2.000000
vt 0.999988 -2.000000
vt 0.000000 -1.000000
vt 0.000013 -2.000000
vt 1.000000 -2.000000
vt 0.000000 -1.000000
vt 0.000008 -2.000000
vt 1.000000 -2.000000
vt 0.000000 -1.000000
vt 0.000005 -2.000000
vt 1.000000 -2.000000
vt 0.000001 -1.000000
vt 0.000000 -2.000000
vt 1.000000 -2.000000
vt 0.000000 -1.000000
vt 0.000000 -2.000000
vt 1.000000 -2.000000
vt 0.000000 -1.000000
vt 0.000000 -2.000000
vt 1.000000 -2.000000
vt 0.000000 -1.000000
vt 0.000000 -2.000000
vt 1.000000 -2.000000
vt 0.000000 -1.000000
vt 0.000000 -2.000000
vt 1.000000 -2.000000
vt 0.000000 -1.000000
vt 0.000000 -2.000000
vt 1.000000 -2.000000
vt 0.654509 -2.000000
vt 0.904509 -1.809017
vt 1.000000 -1.500000
vt 1.000000 -1.500000
vt 0.904508 -1.190983
vt 0.654509 -2.000000
vt 0.904508 -1.190983
vt 0.654509 -1.000000
vt 0.654509 -2.000000
vt 0.654509 -1.000000
vt 0.345492 -1.000000
vt 0.095491 -1.809017
vt 0.345492 -1.000000
vt 0.095492 -1.190983
vt 0.095491 -1.809017
vt 0.095492 -1.190983
vt 0.000000 -1.500000
vt 0.095491 -1.809017
vt 0.095491 -1.809017
vt 0.345491 -2.000000
vt 0.654509 -2.000000
vt 0.000000 -1.000000
vt 0.000000 -2.000000
vt 1.000000 -2.000000
vt 0.000000 -1.000000
vt 0.000000 -2.000000
vt 0.999999 -2.000000
vt 0.000000 -1.000000
vt 0.000000 -2.000000
vt 1.000000 -2.000000
vt 0.000000 -1.000000
vt 0.000000 -2.000000
vt 1.000000 -2.000000
vt 0.000000 -1.000000
vt 0.000000 -2.000000
vt 1.000000 -2.000000
vt 0.000005 -1.000000
vt 0.000000 -2.000000
vt 0.999985 -2.000000
vt 0.000002 -1.000000
vt 0.000000 -2.000000
vt 0.999997 -2.000000
vt 0.000000 -1.000000
vt 0.000002 -2.000000
vt 1.000000 -2.000000
vt 0.000000 -1.000000
vt 0.000002 -2.000000
vt 1.000000 -2.000000
vt 0.000000 -1.000000
vt 0.000011 -2.000000
vt 1.000000 -2.000000
vt 0.000011 -1.000000
vt 0.000000 -2.000000
vt 0.999988 -2.000000
vt 0.000000 -1.000000
vt 0.000013 -2.000000
vt 1.000000 -2.000000
vt 0.000000 -1.000000
vt 0.000008 -2.000000
vt 1.000000 -2.000000
vt 0.000000 -1.000000
vt 0.000005 -2.000000
vt 1.000000 -2.000000
vt 0.000001 -1.000000
vt 0.000000 -2.000000
vt 1.000000 -2.000000
vt 0.000000 -1.000000
vt 0.000000 -2.000000
vt 1.000000 -2.000000
vt 0.000000 -1.000000
vt 0.000000 -2.000000
vt 1.000000 -2.000000
vt 0.000000 -1.000000
vt 0.000000 -2.000000
vt 1.000000 -2.000000
vt 0.000000 -1.000000
vt 0.000000 -2.000000
vt 1.000000 -2.000000
vt 0.000000 -1.000000
vt 0.000000 -2.000000
vt 1.000000 -2.000000
vt 0.654509 -2.000000
vt 0.904509 -1.809017
vt 0.654509 -1.000000
vt 0.904509 -1.809017
vt 1.000000 -1.500000
vt 0.654509 -1.000000
vt 1.000000 -1.500000
vt 0.904508 -1.190983
vt 0.654509 -1.000000
vt 0.654509 -1.000000
vt 0.345492 -1.000000
vt 0.095492 -1.190983
vt 0.095492 -1.190983
vt 0.000000 -1.500000
vt 0.095491 -1.809017
vt 0.095491 -1.809017
vt 0.345491 -2.000000
vt 0.654509 -1.000000
vt 0.345491 -2.000000
vt 0.654509 -2.000000
vt 0.654509 -1.000000
vt 0.000000 -1.000000
vt 0.000000 -2.000000
vt 1.000000 -2.000000
vt 0.000000 -1.000000
vt 0.000000 -2.000000
vt 0.999999 -2.000000
vt 0.000000 -1.000000
vt 0.000000 -2.000000
vt 1.000000 -2.000000
vt 0.000000 -1.000000
vt 0.000000 -2.000000
vt 1.000000 -2.000000
vt 0.000000 -1.000000
vt 0.000000 -2.000000
vt 1.000000 -2.000000
vt 0.000005 -1.000000
vt 0.000000 -2.000000
vt 0.999985 -2.000000
vt 0.000002 -1.000000
vt 0.000000 -2.000000
vt 0.999997 -2.000000
vt 0.000000 -1.000000
vt 0.000002 -2.000000
vt 1.000000 -2.000000
vt 0.000000 -1.000000
vt 0.000002 -2.000000
vt 1.000000 -2.000000
vt 0.000000 -1.000000
vt 0.000011 -2.000000
vt 1.000000 -2.000000
vt 0.000011 -1.000000
vt 0.000000 -2.000000
vt 0.999988 -2.000000
vt 0.000000 -1.000000
vt 0.000013 -2.000000
vt 1.000000 -2.000000
vt 0.000000 -1.000000
vt 0.000008 -2.000000
vt 1.000000 -2.000000
vt 0.000000 -1.000000
vt 0.000005 -2.000000
vt 1.000000 -2.000000
vt 0.000001 -1.000000
vt 0.000000 -2.000000
vt 1.000000 -2.000000
vt 0.000000 -1.000000
vt 0.000000 -2.000000
vt 1.000000 -2.000000
vt 0.000000 -1.000000
vt 0.000000 -2.000000
vt 1.000000 -2.000000
vt 0.000000 -1.000000
vt 0.000000 -2.000000
vt 1.000000 -2.000000
vt 0.000000 -1.000000
vt 0.000000 -2.000000
vt 1.000000 -2.000000
vt 0.000000 -1.000000
vt 0.000000 -2.000000
vt 1.000000 -2.000000
vt 0.000000 -1.000000
vt 0.000000 -2.000000
vt 1.000000 -2.000000
vt 0.000000 -1.000000
vt 0.000000 -2.000000
vt 1.000000 -2.000000
vt 0.000000 -1.000000
vt 0.000000 -2.000000
vt 1.000000 -2.000000
vt 0.654509 -2.000000
vt 0.904509 -1.809017
vt 0.654509 -1.000000
vt 0.904509 -1.809017
vt 1.000000 -1.500000
vt 0.654509 -1.000000
vt 1.000000 -1.500000
vt 0.904508 -1.190983
vt 0.654509 -1.000000
vt 0.654509 -1.000000
vt 0.345492 -1.000000
vt 0.095492 -1.190983
vt 0.095492 -1.190983
vt 0.000000 -1.500000
vt 0.095491 -1.809017
vt 0.095491 -1.809017
vt 0.345491 -2.000000
vt 0.654509 -2.000000
vt 0.654509 -1.000000
vt 0.095492 -1.190983
vt 0.654509 -2.000000
vt 0.000000 -1.000000
vt 0.000000 -2.000000
vt 1.000000 -2.000000
vt 0.000000 -1.000000
vt 0.000000 -2.000000
vt 0.999999 -2.000000
vt 0.000005 -1.000000
vt 0.000000 -2.000000
vt 0.999985 -2.000000
vt 0.000002 -1.000000
vt 0.000000 -2.000000
vt 0.999997 -2.000000
vt 0.000000 -1.000000
vt 0.000002 -2.000000
vt 1.000000 -2.000000
vt 0.000000 -1.000000
vt 0.000002 -2.000000
vt 1.000000 -2.000000
vt 0.000000 -1.000000
vt 0.000011 -2.000000
vt 1.000000 -2.000000
vt 0.000011 -1.000000
vt 0.000000 -2.000000
vt 0.999988 -2.000000
vt 0.000000 -1.000000
vt 0.000013 -2.000000
vt 1.000000 -2.000000
vt 0.000000 -1.000000
vt 0.000008 -2.000000
vt 1.000000 -2.000000
vt 0.000000 -1.000000
vt 0.000005 -2.000000
vt 1.000000 -2.000000
vt 0.000001 -1.000000
vt 0.000000 -2.000000
vt 1.000000 -2.000000
vt 0.000000 -1.000000
vt 0.000000 -2.000000
vt 1.000000 -2.000000
vt 0.000000 -1.000000
vt 0.000000 -2.000000
vt 1.000000 -2.000000
vt 0.000000 -1.000000
vt 0.000000 -2.000000
vt 0.999999 -2.000000
vt 0.000000 -1.000000
vt 0.000000 -2.000000
vt 1.000000 -2.000000
vt 0.000000 -1.000000
vt 0.000000 -2.000000
vt 1.000000 -2.000000
vt 0.000000 -1.000000
vt 0.000000 -2.000000
vt 1.000000 -2.000000
vt 0.000000 -1.000000
vt 0.000000 -2.000000
vt 1.000000 -2.000000
vt 0.000000 -1.000000
vt 0.000000 -2.000000
vt 1.000000 -2.000000
vt 0.000000 -1.000000
vt 0.000000 -2.000000
vt 1.000000 -2.000000
vt 0.654509 -2.000000
vt 0.904509 -1.809017
vt 0.654509 -1.000000
vt 0.904509 -1.809017
vt 1.000000 -1.500000
vt 0.654509 -1.000000
vt 1.000000 -1.500000
vt 0.904508 -1.190983
vt 0.654509 -1.000000
vt 0.654509 -1.000000
vt 0.345492 -1.000000
vt 0.095492 -1.190983
vt 0.095492 -1.190983
vt 0.000000 -1.500000
vt 0.095491 -1.809017
vt 0.095491 -1.809017
vt 0.345491 -2.000000
vt 0.654509 -2.000000
vt 0.654509 -1.000000
vt 0.095492 -1.190983
vt 0.654509 -2.000000
vt 0.000000 -1.000000
vt 0.000000 -2.000000
vt 1.000000 -2.000000
vt 0.000005 -1.000000
vt 0.000000 -2.000000
vt 0.999985 -2.000000
vt 0.000002 -1.000000
vt 0.000000 -2.000000
vt 0.999997 -2.000000
vt 0.000000 -1.000000
vt 0.000002 -2.000000
vt 1.000000 -2.000000
vt 0.000000 -1.000000
vt 0.000002 -2.000000
vt 1.000000 -2.000000
vt 0.000000 -1.000000
vt 0.000011 -2.000000
vt 1.000000 -2.000000
vt 0.000011 -1.000000
vt 0.000000 -2.000000
vt 0.999988 -2.000000
vt 0.000000 -1.000000
vt 0.000013 -2.000000
vt 1.000000 -2.000000
vt 0.000000 -1.000000
vt 0.000008 -2.000000
vt 1.000000 -2.000000
vt 0.000000 -1.000000
vt 0.000005 -2.000000
vt 1.000000 -2.000000
vt 0.000001 -1.000000
vt 0.000000 -2.000000
vt 1.000000 -2.000000
vt 0.000000 -1.000000
vt 0.000000 -2.000000
vt 1.000000 -2.000000
vt 0.000000 -1.000000
vt 0.000000 -2.000000
vt 1.000000 -2.000000
vt 0.000000 -1.000000
vt 0.000000 -2.000000
vt 1.000000 -2.000000
vt 0.000000 -1.000000
vt 0.000000 -2.000000
vt 1.000000 -2.000000
vt 0.000000 -1.000000
vt 0.000000 -2.000000
vt 0.999999 -2.000000
vt 0.000000 -1.000000
vt 0.000000 -2.000000
vt 1.000000 -2.000000
vt 0.000000 -1.000000
vt 0.000000 -2.000000
vt 1.000000 -2.000000
vt 0.000000 -1.000000
vt 0.000000 -2.000000
vt 1.000000 -2.000000
vt 0.000000 -1.000000
vt 0.000000 -2.000000
vt 1.000000 -2.000000
vt 0.654509 -2.000000
vt 0.904509 -1.809017
vt 0.654509 -1.000000
vt 0.904509 -1.809017
vt 1.000000 -1.500000
vt 0.654509 -1.000000
vt 1.000000 -1.500000
vt 0.904508 -1.190983
vt 0.654509 -1.000000
vt 0.654509 -1.000000
vt 0.345492 -1.000000
vt 0.095492 -1.190983
vt 0.095492 -1.190983
vt 0.000000 -1.500000
vt 0.095491 -1.809017
vt 0.095491 -1.809017
vt 0.345491 -2.000000
vt 0.654509 -2.000000
vt 0.654509 -1.000000
vt 0.095492 -1.190983
vt 0.654509 -2.000000
vt 0.000000 -1.000000
vt 0.000000 -2.000000
vt 1.000000 -2.000000
vt 0.000005 -1.000000
vt 0.000000 -2.000000
vt 0.999985 -2.000000
vt 0.000002 -1.000000
vt 0.000000 -2.000000
vt 0.999997 -2.000000
vt 0.000000 -1.000000
vt 0.000002 -2.000000
vt 1.000000 -2.000000
vt 0.000000 -1.000000
vt 0.000002 -2.000000
vt 1.000000 -2.000000
vt 0.000000 -1.000000
vt 0.000011 -2.000000
vt 1.000000 -2.000000
vt 0.000011 -1.000000
vt 0.000000 -2.000000
vt 0.999988 -2.000000
vt 0.000000 -1.000000
vt 0.000013 -2.000000
vt 1.000000 -2.000000
vt 0.000000 -1.000000
vt 0.000008 -2.000000
vt 1.000000 -2.000000
vt 0.000000 -1.000000
vt 0.000005 -2.000000
vt 1.000000 -2.000000
vt 0.000001 -1.000000
vt 0.000000 -2.000000
vt 1.000000 -2.000000
vt -1.928972 -0.000000
vt 0.798301 -0.545455
vt 2.798301 -0.000000
vt 0.000000 -2.000000
vt 1.000000 -1.000000
vt 1.000000 -2.000000
vt 0.000000 -1.000000
vt 1.000000 -2.000000
vt 1.000000 -1.000000
vt -1.928972 -0.000000
vt -1.928972 -1.000000
vt 0.071028 -0.545455
vt -1.928972 -1.000000
vt 0.071028 -1.000000
vt 0.071028 -0.545455
vt 0.798301 -1.000000
vt 2.798301 -1.000000
vt 0.798301 -0.545455
vt 2.798301 -1.000000
vt 2.798301 -0.000000
vt 0.798301 -0.545455
vt -1.928972 -0.000000
vt 0.071028 -0.545455
vt 0.798301 -0.545455
vt 0.000000 -2.000000
vt 0.000000 -1.000000
vt 1.000000 -1.000000
vt 0.000000 -1.000000
vt 0.000000 -2.000000
vt 1.000000 -2.000000
vt 0.938111 0.977273
vt 1.709500 -0.000000
vt 1.709500 0.977273
vt -2.492019 0.977273
vt -0.363892 -0.000000
vt -0.363892 0.977273
vt 0.599522 0.977273
vt 3.952081 -0.000001
vt 3.952082 0.977272
vt 4.892043 -0.000000
vt 1.539481 0.977272
vt 4.892043 0.977272
vt 3.587710 -0.000001
vt 1.459585 0.977273
vt 1.459584 -0.000000
vt 1.215907 -0.000000
vt 1.943180 -0.000000
vt 3.446015 0.977273
vt 0.879621 -0.000000
vt 1.651010 0.977273
vt 1.651010 -0.000000
vt 0.938111 0.977273
vt 0.938111 -0.000000
vt 1.709500 -0.000000
vt -2.492019 0.977273
vt -2.492020 -0.000000
vt -0.363892 -0.000000
vt 0.599522 0.977273
vt 0.599521 -0.000000
vt 3.952081 -0.000001
vt 4.892043 -0.000000
vt 1.539479 -0.000000
vt 1.539481 0.977272
vt 3.587710 -0.000001
vt 3.587711 0.977272
vt 1.459585 0.977273
vt 1.943180 -0.000000
vt 3.446015 -0.000000
vt 3.446015 0.977273
vt 3.446015 0.977273
vt -2.372165 0.977273
vt 1.215907 -0.000000
vt -2.372165 0.977273
vt -2.372165 -0.000000
vt 1.215907 -0.000000
vt 0.879621 -0.000000
vt 0.879621 0.977273
vt 1.651010 0.977273
vn 0.0000 1.0000 0.0000
vn 0.0333 0.9973 -0.0657
vn 0.0498 0.9988 0.0000
vn 0.0000 0.9806 -0.1961
vn 0.0000 0.9951 -0.0985
vn 0.0995 0.9950 0.0000
vn 0.0000 0.0000 -1.0000
vn 0.0000 0.0000 1.0000
vn -1.0000 0.0000 0.0000
vn 1.0000 0.0000 0.0000
vn 0.2357 0.9428 -0.2357
vn 0.2297 0.9732 0.0000
vn 0.0924 0.9914 -0.0924
vn 0.0000 0.9732 -0.2298
vn 0.0000 0.8944 -0.4472
vn 0.2298 0.9732 0.0000
vn 0.0000 0.8944 0.4472
vn 0.0000 0.9732 0.2298
vn 0.2357 0.9428 0.2357
vn 0.4472 0.8944 0.0000
vn 0.0925 0.9914 0.0925
vn 0.1880 0.9640 -0.1880
vn 0.0000 0.9732 -0.2297
vn 0.1637 0.9680 0.1903
vn -0.0924 0.9914 -0.0924
vn -0.2298 0.9732 0.0000
vn -0.2357 0.9428 -0.2357
vn -0.4472 0.8944 0.0000
vn -0.2357 0.9428 0.2357
vn -0.0925 0.9914 0.0925
vn 0.0000 0.9732 0.2297
vn -0.1882 0.9639 -0.1882
vn -0.1880 0.9640 0.1880
vn -0.2297 0.9732 0.0000
vn -0.0961 0.9954 0.0000
vn -0.0957 0.9954 0.0000
vn 0.6000 0.0000 -0.8000
vn 0.3162 0.0000 -0.9487
vn -0.1905 0.9817 0.0000
vn -0.3090 0.0000 -0.9511
vn -0.8090 0.0000 -0.5878
vn -0.3090 0.0000 0.9511
vn 0.3090 0.0000 0.9511
vn 0.8090 0.0000 0.5878
vn 0.8090 0.0000 -0.5878
vn 0.3090 0.0000 -0.9511
vn -0.8090 0.0000 0.5878
vn -0.4812 0.0000 0.8766
vn -0.7071 0.0000 0.7071
vn 0.3417 0.0000 -0.9398
vn 0.0650 0.0000 0.9979
vn -0.4812 0.0000 -0.8766
vn -0.2169 0.0000 -0.9762
vn 0.3417 0.0000 0.9398
vn -0.7071 0.0000 -0.7071
vc 1.0000 1.0000 1.0000 1.0000
g mesh_40.001_Collection_materials/courtyardgrass.vmat#SFX_8
usemtl materials/courtyardgrass.vmat
f 205/709/49 193/710/50 349/711/51
fc 3 3 3
f 222/712/52 193/713/50 345/714/53
fc 3 3 3
f 201/715/54 349/716/51 193/717/50
fc 3 3 3
f 205/718/49 345/719/53 193/720/50
fc 3 3 3
f 222/721/52 194/722/52 193/723/50
fc 3 3 3
f 201/724/54 202/725/54 349/726/51
fc 3 3 3
g mesh_40.001_Collection_materials/courtyardwalls.vmat#SFX_2#WALLPROPERTY_NO_LEDGE_GRAB
usemtl materials/courtyardwalls.vmat
f 202/727/55 346/728/55 349/729/55
fc 3 3 3
f 197/730/56 201/731/56 200/732/56
fc 3 3 3
f 202/733/55 198/734/55 199/735/55
fc 3 3 3
f 228/736/57 206/737/57 345/738/57
fc 3 3 3
f 348/739/56 201/740/56 193/741/56
fc 3 3 3
f 221/742/58 193/743/58 194/744/58
fc 3 3 3
f 346/745/55 205/746/55 349/747/55
fc 3 3 3
f 202/748/55 199/749/55 346/750/55
fc 3 3 3
f 197/751/56 204/752/56 201/753/56
fc 3 3 3
f 202/754/55 203/755/55 198/756/55
fc 3 3 3
f 205/757/57 347/758/57 345/759/57
fc 3 3 3
f 347/760/57 228/761/57 345/762/57
fc 3 3 3
f 348/763/56 200/764/56 201/765/56
fc 3 3 3
f 221/766/58 348/767/58 193/768/58
fc 3 3 3
f 346/769/55 347/770/55 205/771/55
fc 3 3 3
g mesh_40.001_Collection_materials/underwatergrass.vmat#SFX_1
usemtl materials/underwatergrass.vmat
f 267/772/59 268/773/60 314/774/61
fc 3 3 3
f 257/775/62 266/776/63 258/777/62
fc 3 3 3
f 267/778/59 276/779/64 268/780/60
fc 3 3 3
f 247/781/65 252/782/66 246/783/67
fc 3 3 3
f 238/784/67 247/785/65 246/786/67
fc 3 3 3
f 251/787/68 236/788/68 229/789/68
fc 3 3 3
f 306/790/68 229/791/68 307/792/68
fc 3 3 3
f 298/793/68 307/794/68 299/795/68
fc 3 3 3
f 290/796/68 299/797/68 291/798/68
fc 3 3 3
f 282/799/68 291/800/68 283/801/68
fc 3 3 3
f 246/802/67 252/803/66 311/804/69
fc 3 3 3
f 274/805/59 273/806/63 281/807/70
fc 3 3 3
f 229/808/68 237/809/64 253/810/64
fc 3 3 3
f 307/811/68 253/812/64 308/813/64
fc 3 3 3
f 299/814/68 308/815/64 300/816/64
fc 3 3 3
f 291/817/68 300/818/64 292/819/64
fc 3 3 3
f 239/820/65 247/821/65 238/822/67
fc 3 3 3
f 258/823/62 267/824/59 259/825/71
fc 3 3 3
f 274/826/59 283/827/68 275/828/68
fc 3 3 3
f 274/829/59 275/830/68 267/831/59
fc 3 3 3
f 265/832/63 274/833/59 266/834/63
fc 3 3 3
f 248/835/65 240/836/66 247/837/65
fc 3 3 3
f 305/838/64 251/839/68 306/840/68
fc 3 3 3
f 224/841/72 239/842/65 238/843/67
fc 3 3 3
f 236/844/68 245/845/64 237/846/64
fc 3 3 3
f 313/847/73 261/848/74 262/849/75
fc 3 3 3
f 261/850/74 270/851/76 262/852/75
fc 3 3 3
f 269/853/74 278/854/76 270/855/76
fc 3 3 3
f 277/856/74 286/857/76 278/858/76
fc 3 3 3
f 285/859/74 294/860/76 286/861/76
fc 3 3 3
f 293/862/74 302/863/76 294/864/76
fc 3 3 3
f 301/865/74 250/866/76 302/867/76
fc 3 3 3
f 309/868/74 231/869/76 250/870/76
fc 3 3 3
f 230/871/74 233/872/77 231/873/76
fc 3 3 3
f 297/874/64 306/875/68 298/876/68
fc 3 3 3
f 275/877/68 284/878/64 276/879/64
fc 3 3 3
f 254/880/62 263/881/63 255/882/62
fc 3 3 3
f 262/883/75 270/884/76 271/885/75
fc 3 3 3
f 270/886/76 279/887/76 271/888/75
fc 3 3 3
f 278/889/76 287/890/76 279/891/76
fc 3 3 3
f 286/892/76 295/893/76 287/894/76
fc 3 3 3
f 294/895/76 303/896/76 295/897/76
fc 3 3 3
f 302/898/76 226/899/76 303/900/76
fc 3 3 3
f 250/901/76 225/902/77 226/903/76
fc 3 3 3
f 225/904/77 231/905/76 233/906/77
fc 3 3 3
f 233/907/77 242/908/66 234/909/65
fc 3 3 3
f 289/910/64 298/911/68 290/912/68
fc 3 3 3
f 312/913/78 243/914/79 233/915/77
fc 3 3 3
f 255/916/62 264/917/63 256/918/62
fc 3 3 3
f 263/919/63 272/920/63 264/921/63
fc 3 3 3
f 271/922/75 279/923/76 280/924/80
fc 3 3 3
f 279/925/76 288/926/74 280/927/80
fc 3 3 3
f 287/928/76 296/929/74 288/930/74
fc 3 3 3
f 295/931/76 304/932/74 296/933/74
fc 3 3 3
f 303/934/76 223/935/81 304/936/74
fc 3 3 3
f 223/937/81 226/938/76 225/939/77
fc 3 3 3
f 225/940/77 235/941/65 244/942/65
fc 3 3 3
f 234/943/65 241/944/66 235/945/65
fc 3 3 3
f 281/946/70 290/947/68 282/948/68
fc 3 3 3
f 283/949/68 292/950/64 284/951/64
fc 3 3 3
f 256/952/62 265/953/63 257/954/62
fc 3 3 3
f 264/955/63 273/956/63 265/957/63
fc 3 3 3
f 272/958/63 281/959/70 273/960/63
fc 3 3 3
f 280/961/80 289/962/64 281/963/70
fc 3 3 3
f 288/964/74 297/965/64 289/966/64
fc 3 3 3
f 296/967/74 305/968/64 297/969/64
fc 3 3 3
f 304/970/74 224/971/72 305/972/64
fc 3 3 3
f 223/973/81 239/974/65 224/975/72
fc 3 3 3
f 244/976/65 248/977/65 239/978/65
fc 3 3 3
f 235/979/65 260/980/66 248/981/65
fc 3 3 3
f 246/982/67 236/983/68 238/984/67
fc 3 3 3
f 238/985/67 251/986/68 224/987/72
fc 3 3 3
f 233/988/77 234/989/65 225/990/77
fc 3 3 3
f 225/991/77 244/992/65 223/993/81
fc 3 3 3
f 271/994/75 263/995/63 262/996/75
fc 3 3 3
f 280/997/80 272/998/63 271/999/75
fc 3 3 3
f 281/1000/70 282/1001/68 274/1002/59
fc 3 3 3
f 267/1003/59 266/1004/63 274/1005/59
fc 3 3 3
f 233/1006/77 232/1007/82 312/1008/78
fc 3 3 3
f 311/1009/69 245/1010/64 246/1011/67
fc 3 3 3
f 314/1012/61 259/1013/71 267/1014/59
fc 3 3 3
f 262/1015/75 254/1016/62 313/1017/73
fc 3 3 3
f 257/1018/62 265/1019/63 266/1020/63
fc 3 3 3
f 267/1021/59 275/1022/68 276/1023/64
fc 3 3 3
f 247/1024/65 240/1025/66 252/1026/66
fc 3 3 3
f 251/1027/68 238/1028/67 236/1029/68
fc 3 3 3
f 306/1030/68 251/1031/68 229/1032/68
fc 3 3 3
f 298/1033/68 306/1034/68 307/1035/68
fc 3 3 3
f 290/1036/68 298/1037/68 299/1038/68
fc 3 3 3
f 282/1039/68 290/1040/68 291/1041/68
fc 3 3 3
f 229/1042/68 236/1043/68 237/1044/64
fc 3 3 3
f 307/1045/68 229/1046/68 253/1047/64
fc 3 3 3
f 299/1048/68 307/1049/68 308/1050/64
fc 3 3 3
f 291/1051/68 299/1052/68 300/1053/64
fc 3 3 3
f 239/1054/65 248/1055/65 247/1056/65
fc 3 3 3
f 258/1057/62 266/1058/63 267/1059/59
fc 3 3 3
f 274/1060/59 282/1061/68 283/1062/68
fc 3 3 3
f 265/1063/63 273/1064/63 274/1065/59
fc 3 3 3
f 248/1066/65 260/1067/66 240/1068/66
fc 3 3 3
f 305/1069/64 224/1070/72 251/1071/68
fc 3 3 3
f 236/1072/68 246/1073/67 245/1074/64
fc 3 3 3
f 261/1075/74 269/1076/74 270/1077/76
fc 3 3 3
f 269/1078/74 277/1079/74 278/1080/76
fc 3 3 3
f 277/1081/74 285/1082/74 286/1083/76
fc 3 3 3
f 285/1084/74 293/1085/74 294/1086/76
fc 3 3 3
f 293/1087/74 301/1088/74 302/1089/76
fc 3 3 3
f 301/1090/74 309/1091/74 250/1092/76
fc 3 3 3
f 309/1093/74 230/1094/74 231/1095/76
fc 3 3 3
f 230/1096/74 232/1097/82 233/1098/77
fc 3 3 3
f 297/1099/64 305/1100/64 306/1101/68
fc 3 3 3
f 275/1102/68 283/1103/68 284/1104/64
fc 3 3 3
f 254/1105/62 262/1106/75 263/1107/63
fc 3 3 3
f 270/1108/76 278/1109/76 279/1110/76
fc 3 3 3
f 278/1111/76 286/1112/76 287/1113/76
fc 3 3 3
f 286/1114/76 294/1115/76 295/1116/76
fc 3 3 3
f 294/1117/76 302/1118/76 303/1119/76
fc 3 3 3
f 302/1120/76 250/1121/76 226/1122/76
fc 3 3 3
f 250/1123/76 231/1124/76 225/1125/77
fc 3 3 3
f 233/1126/77 243/1127/79 242/1128/66
fc 3 3 3
f 289/1129/64 297/1130/64 298/1131/68
fc 3 3 3
f 255/1132/62 263/1133/63 264/1134/63
fc 3 3 3
f 263/1135/63 271/1136/75 272/1137/63
fc 3 3 3
f 279/1138/76 287/1139/76 288/1140/74
fc 3 3 3
f 287/1141/76 295/1142/76 296/1143/74
fc 3 3 3
f 295/1144/76 303/1145/76 304/1146/74
fc 3 3 3
f 303/1147/76 226/1148/76 223/1149/81
fc 3 3 3
f 225/1150/77 234/1151/65 235/1152/65
fc 3 3 3
f 234/1153/65 242/1154/66 241/1155/66
fc 3 3 3
f 281/1156/70 289/1157/64 290/1158/68
fc 3 3 3
f 283/1159/68 291/1160/68 292/1161/64
fc 3 3 3
f 256/1162/62 264/1163/63 265/1164/63
fc 3 3 3
f 264/1165/63 272/1166/63 273/1167/63
fc 3 3 3
f 272/1168/63 280/1169/80 281/1170/70
fc 3 3 3
f 280/1171/80 288/1172/74 289/1173/64
fc 3 3 3
f 288/1174/74 296/1175/74 297/1176/64
fc 3 3 3
f 296/1177/74 304/1178/74 305/1179/64
fc 3 3 3
f 304/1180/74 223/1181/81 224/1182/72
fc 3 3 3
f 223/1183/81 244/1184/65 239/1185/65
fc 3 3 3
f 244/1186/65 235/1187/65 248/1188/65
fc 3 3 3
f 235/1189/65 241/1190/66 260/1191/66
fc 3 3 3
g mesh_40.001_Collection_materials/watergrass1.vmat#SFX_8
usemtl materials/watergrass1.vmat
f 209/1192/49 353/1193/83 350/1194/84
fc 3 3 3
f 209/1195/49 311/1196/69 316/1197/49
fc 3 3 3
f 245/1198/64 310/1199/49 237/1200/64
fc 3 3 3
f 249/1201/49 311/1202/69 315/1203/49
fc 3 3 3
f 316/1204/49 252/1205/66 317/1206/49
fc 3 3 3
f 317/1207/49 240/1208/66 332/1209/49
fc 3 3 3
f 237/1210/64 318/1211/49 253/1212/64
fc 3 3 3
f 253/1213/64 319/1214/49 308/1215/64
fc 3 3 3
f 308/1216/64 320/1217/49 300/1218/64
fc 3 3 3
f 300/1219/64 321/1220/49 292/1221/64
fc 3 3 3
f 292/1222/64 322/1223/49 284/1224/64
fc 3 3 3
f 284/1225/64 323/1226/49 276/1227/64
fc 3 3 3
f 276/1228/64 324/1229/49 268/1230/60
fc 3 3 3
f 268/1231/60 325/1232/49 314/1233/61
fc 3 3 3
f 325/1234/49 326/1235/49 314/1236/61
fc 3 3 3
f 327/1237/49 254/1238/62 222/1239/49
fc 3 3 3
f 314/1240/61 194/1241/49 259/1242/71
fc 3 3 3
f 259/1243/71 328/1244/49 258/1245/62
fc 3 3 3
f 258/1246/62 329/1247/49 257/1248/62
fc 3 3 3
f 257/1249/62 330/1250/49 256/1251/62
fc 3 3 3
f 256/1252/62 331/1253/49 255/1254/62
fc 3 3 3
f 255/1255/62 222/1256/49 254/1257/62
fc 3 3 3
f 332/1258/49 260/1259/66 333/1260/49
fc 3 3 3
f 333/1261/49 241/1262/66 334/1263/49
fc 3 3 3
f 334/1264/49 242/1265/66 335/1266/49
fc 3 3 3
f 335/1267/49 243/1268/79 336/1269/49
fc 3 3 3
f 336/1270/49 312/1271/78 337/1272/49
fc 3 3 3
f 277/1273/74 342/1274/49 285/1275/74
fc 3 3 3
f 327/1276/49 338/1277/49 313/1278/73
fc 3 3 3
f 313/1279/73 339/1280/49 261/1281/74
fc 3 3 3
f 261/1282/74 340/1283/49 269/1284/74
fc 3 3 3
f 269/1285/74 341/1286/49 277/1287/74
fc 3 3 3
f 217/1288/49 312/1289/78 219/1290/49
fc 3 3 3
f 285/1291/74 343/1292/49 293/1293/74
fc 3 3 3
f 293/1294/74 344/1295/49 301/1296/74
fc 3 3 3
f 219/1297/49 232/1298/82 220/1299/49
fc 3 3 3
f 220/1300/49 230/1301/74 213/1302/49
fc 3 3 3
f 213/1303/49 309/1304/74 214/1305/49
fc 3 3 3
f 301/1306/74 214/1307/49 309/1308/74
fc 3 3 3
f 626/1309/49 619/1310/49 616/1311/49
fc 3 3 3
f 614/1312/49 618/1313/49 357/1314/49
fc 3 3 3
f 607/1315/49 359/1316/49 630/1317/49
fc 3 3 3
f 610/1318/49 605/1319/49 629/1320/49
fc 3 3 3
f 606/1321/49 360/1322/49 607/1323/49
fc 3 3 3
f 209/1324/49 211/1325/49 353/1326/83
fc 3 3 3
f 350/1327/84 212/1328/49 209/1329/49
fc 3 3 3
f 212/1330/49 210/1331/49 209/1332/49
fc 3 3 3
f 209/1333/49 315/1334/49 311/1335/69
fc 3 3 3
f 245/1336/64 249/1337/49 310/1338/49
fc 3 3 3
f 249/1339/49 245/1340/64 311/1341/69
fc 3 3 3
f 316/1342/49 311/1343/69 252/1344/66
fc 3 3 3
f 317/1345/49 252/1346/66 240/1347/66
fc 3 3 3
f 237/1348/64 310/1349/49 318/1350/49
fc 3 3 3
f 253/1351/64 318/1352/49 319/1353/49
fc 3 3 3
f 308/1354/64 319/1355/49 320/1356/49
fc 3 3 3
f 300/1357/64 320/1358/49 321/1359/49
fc 3 3 3
f 292/1360/64 321/1361/49 322/1362/49
fc 3 3 3
f 284/1363/64 322/1364/49 323/1365/49
fc 3 3 3
f 276/1366/64 323/1367/49 324/1368/49
fc 3 3 3
f 268/1369/60 324/1370/49 325/1371/49
fc 3 3 3
f 325/1372/49 210/1373/49 326/1374/49
fc 3 3 3
f 327/1375/49 313/1376/73 254/1377/62
fc 3 3 3
f 314/1378/61 326/1379/49 194/1380/49
fc 3 3 3
f 259/1381/71 194/1382/49 328/1383/49
fc 3 3 3
f 258/1384/62 328/1385/49 329/1386/49
fc 3 3 3
f 257/1387/62 329/1388/49 330/1389/49
fc 3 3 3
f 256/1390/62 330/1391/49 331/1392/49
fc 3 3 3
f 255/1393/62 331/1394/49 222/1395/49
fc 3 3 3
f 332/1396/49 240/1397/66 260/1398/66
fc 3 3 3
f 333/1399/49 260/1400/66 241/1401/66
fc 3 3 3
f 334/1402/49 241/1403/66 242/1404/66
fc 3 3 3
f 335/1405/49 242/1406/66 243/1407/79
fc 3 3 3
f 336/1408/49 243/1409/79 312/1410/78
fc 3 3 3
f 277/1411/74 341/1412/49 342/1413/49
fc 3 3 3
f 327/1414/49 218/1415/49 338/1416/49
fc 3 3 3
f 313/1417/73 338/1418/49 339/1419/49
fc 3 3 3
f 261/1420/74 339/1421/49 340/1422/49
fc 3 3 3
f 269/1423/74 340/1424/49 341/1425/49
fc 3 3 3
f 217/1426/49 337/1427/49 312/1428/78
fc 3 3 3
f 285/1429/74 342/1430/49 343/1431/49
fc 3 3 3
f 293/1432/74 343/1433/49 344/1434/49
fc 3 3 3
f 219/1435/49 312/1436/78 232/1437/82
fc 3 3 3
f 220/1438/49 232/1439/82 230/1440/74
fc 3 3 3
f 213/1441/49 230/1442/74 309/1443/74
fc 3 3 3
f 301/1444/74 344/1445/49 214/1446/49
fc 3 3 3
f 607/1447/49 609/1448/49 359/1449/49
fc 3 3 3
f 610/1450/49 604/1451/49 605/1452/49
fc 3 3 3
f 607/1453/49 630/1454/49 606/1455/49
fc 3 3 3
f 630/1456/49 356/1457/49 608/1458/49
fc 3 3 3
f 606/1459/49 630/1460/49 608/1461/49
fc 3 3 3
f 356/1462/49 361/1463/49 608/1464/49
fc 3 3 3
f 361/1465/49 357/1466/49 604/1467/49
fc 3 3 3
f 608/1468/49 361/1469/49 604/1470/49
fc 3 3 3
f 357/1471/49 605/1472/49 604/1473/49
fc 3 3 3
f 621/1474/49 359/1475/49 609/1476/49
fc 3 3 3
f 626/1477/49 627/1478/49 611/1479/49
fc 3 3 3
f 627/1480/49 621/1481/49 609/1482/49
fc 3 3 3
f 610/1483/49 629/1484/49 360/1485/49
fc 3 3 3
f 629/1486/49 626/1487/49 611/1488/49
fc 3 3 3
f 360/1489/49 629/1490/49 611/1491/49
fc 3 3 3
f 627/1492/49 609/1493/49 611/1494/49
fc 3 3 3
f 606/1495/49 610/1496/49 360/1497/49
fc 3 3 3
g mesh_40.001_Collection_materials/watergrasswall.vmat#SFX_2#WALLPROPERTY_NO_LEDGE_GRAB
usemtl materials/watergrasswall.vmat
f 196/1498/58 208/1499/58 351/1500/58
fc 3 3 3
f 343/1501/57 342/1502/57 215/1503/57
fc 3 3 3
f 332/1504/56 333/1505/56 216/1506/56
fc 3 3 3
f 221/1507/55 194/1508/55 326/1509/55
fc 3 3 3
f 215/1510/55 218/1511/55 327/1512/55
fc 3 3 3
f 208/1513/85 210/1514/86 212/1515/85
fc 3 3 3
f 208/1516/58 212/1517/58 352/1518/58
fc 3 3 3
f 212/1519/58 350/1520/58 352/1521/58
fc 3 3 3
f 353/1522/58 211/1523/58 351/1524/58
fc 3 3 3
f 211/1525/58 196/1526/58 351/1527/58
fc 3 3 3
f 208/1528/58 352/1529/58 351/1530/58
fc 3 3 3
f 338/1531/57 218/1532/57 215/1533/57
fc 3 3 3
f 215/1534/57 216/1535/57 343/1536/57
fc 3 3 3
f 216/1537/57 217/1538/57 219/1539/57
fc 3 3 3
f 216/1540/57 219/1541/57 220/1542/57
fc 3 3 3
f 339/1543/57 338/1544/57 215/1545/57
fc 3 3 3
f 340/1546/57 339/1547/57 215/1548/57
fc 3 3 3
f 216/1549/57 220/1550/57 213/1551/57
fc 3 3 3
f 216/1552/57 213/1553/57 214/1554/57
fc 3 3 3
f 341/1555/57 340/1556/57 215/1557/57
fc 3 3 3
f 342/1558/57 341/1559/57 215/1560/57
fc 3 3 3
f 216/1561/57 214/1562/57 344/1563/57
fc 3 3 3
f 216/1564/57 344/1565/57 343/1566/57
fc 3 3 3
f 196/1567/56 211/1568/56 209/1569/56
fc 3 3 3
f 196/1570/56 209/1571/56 316/1572/56
fc 3 3 3
f 217/1573/56 216/1574/56 337/1575/56
fc 3 3 3
f 216/1576/56 196/1577/56 316/1578/56
fc 3 3 3
f 337/1579/56 216/1580/56 336/1581/56
fc 3 3 3
f 336/1582/56 216/1583/56 335/1584/56
fc 3 3 3
f 316/1585/56 317/1586/56 216/1587/56
fc 3 3 3
f 317/1588/56 332/1589/56 216/1590/56
fc 3 3 3
f 335/1591/56 216/1592/56 334/1593/56
fc 3 3 3
f 334/1594/56 216/1595/56 333/1596/56
fc 3 3 3
f 326/1597/55 210/1598/86 207/1599/86
fc 3 3 3
f 207/1600/86 221/1601/55 326/1602/55
fc 3 3 3
f 327/1603/55 222/1604/55 228/1605/55
fc 3 3 3
f 228/1606/55 215/1607/55 327/1608/55
fc 3 3 3
f 208/1609/85 207/1610/86 210/1611/86
fc 3 3 3
g mesh_40.001_Collection_materials/courtyardstairs.vmat#SFX_2
usemtl materials/courtyardstairs.vmat
f 227/1612/87 353/1613/83 195/1614/87
fc 3 3 3
f 227/1615/87 350/1616/84 353/1617/83
fc 3 3 3
g mesh_40.001_Collection_materials/courtyardvariedwhitebricks.vmat#SFX_2#WALLPROPERTY_NO_LEDGE_GRAB
usemtl materials/courtyardvariedwhitebricks.vmat
f 350/1618/55 355/1619/55 352/1620/55
fc 3 3 3
f 354/1621/56 353/1622/56 351/1623/56
fc 3 3 3
f 350/1624/55 227/1625/55 355/1626/55
fc 3 3 3
f 354/1627/56 195/1628/56 353/1629/56
fc 3 3 3
g mesh_40.001_Collection_materials/walkinggrass.vmat#SFX_6
usemtl materials/walkinggrass.vmat
f 608/1630/49 610/1631/49 606/1632/49
fc 3 3 3
f 609/1633/49 360/1634/49 611/1635/49
fc 3 3 3
f 608/1636/49 604/1637/49 610/1638/49
fc 3 3 3
f 609/1639/49 607/1640/49 360/1641/49
fc 3 3 3
g mesh_40.001_Collection_materials/collum.vmat#SFX_2#WALLPROPERTY_NO_LEDGE_GRAB
usemtl materials/collum.vmat
f 369/1642/88 381/1643/89 370/1644/89
fc 3 3 3
f 375/1645/90 382/1646/91 372/1647/91
fc 3 3 3
f 372/1648/91 364/1649/92 374/1650/92
fc 3 3 3
f 374/1651/92 383/1652/58 373/1653/58
fc 3 3 3
f 370/1654/49 372/1655/49 373/1656/49
fc 3 3 3
f 370/1657/89 368/1658/57 376/1659/57
fc 3 3 3
f 378/1660/93 366/1661/94 377/1662/94
fc 3 3 3
f 373/1663/58 367/1664/93 378/1665/93
fc 3 3 3
f 377/1666/94 380/1667/88 369/1668/88
fc 3 3 3
f 376/1669/57 379/1670/95 371/1671/95
fc 3 3 3
f 371/1672/95 365/1673/90 375/1674/90
fc 3 3 3
f 392/1675/92 394/1676/58 393/1677/58
fc 3 3 3
f 391/1678/91 395/1679/92 392/1680/92
fc 3 3 3
f 390/1681/90 396/1682/91 391/1683/91
fc 3 3 3
f 389/1684/95 397/1685/90 390/1686/90
fc 3 3 3
f 388/1687/57 398/1688/95 389/1689/95
fc 3 3 3
f 387/1690/89 399/1691/57 388/1692/57
fc 3 3 3
f 386/1693/88 400/1694/89 387/1695/89
fc 3 3 3
f 385/1696/94 401/1697/88 386/1698/88
fc 3 3 3
f 384/1699/93 402/1700/94 385/1701/94
fc 3 3 3
f 393/1702/58 403/1703/93 384/1704/93
fc 3 3 3
f 408/1705/88 422/1706/89 409/1707/89
fc 3 3 3
f 410/1708/95 404/1709/90 416/1710/90
fc 3 3 3
f 416/1711/90 423/1712/91 411/1713/91
fc 3 3 3
f 411/1714/91 413/1715/92 415/1716/92
fc 3 3 3
f 415/1717/92 414/1718/58 412/1719/58
fc 3 3 3
f 409/1720/49 411/1721/49 412/1722/49
fc 3 3 3
f 409/1723/89 407/1724/57 417/1725/57
fc 3 3 3
f 419/1726/93 405/1727/94 418/1728/94
fc 3 3 3
f 412/1729/58 406/1730/93 419/1731/93
fc 3 3 3
f 418/1732/94 421/1733/88 408/1734/88
fc 3 3 3
f 417/1735/57 420/1736/95 410/1737/95
fc 3 3 3
f 432/1738/92 434/1739/58 433/1740/58
fc 3 3 3
f 431/1741/91 435/1742/92 432/1743/92
fc 3 3 3
f 430/1744/90 436/1745/91 431/1746/91
fc 3 3 3
f 429/1747/95 437/1748/90 430/1749/90
fc 3 3 3
f 428/1750/57 438/1751/95 429/1752/95
fc 3 3 3
f 427/1753/89 439/1754/57 428/1755/57
fc 3 3 3
f 426/1756/88 440/1757/89 427/1758/89
fc 3 3 3
f 425/1759/94 441/1760/88 426/1761/88
fc 3 3 3
f 424/1762/93 442/1763/94 425/1764/94
fc 3 3 3
f 433/1765/58 443/1766/93 424/1767/93
fc 3 3 3
f 448/1768/88 462/1769/89 449/1770/89
fc 3 3 3
f 450/1771/95 444/1772/90 456/1773/90
fc 3 3 3
f 456/1774/90 463/1775/91 451/1776/91
fc 3 3 3
f 451/1777/91 453/1778/92 455/1779/92
fc 3 3 3
f 455/1780/92 454/1781/58 452/1782/58
fc 3 3 3
f 449/1783/49 450/1784/49 451/1785/49
fc 3 3 3
f 449/1786/89 447/1787/57 457/1788/57
fc 3 3 3
f 459/1789/93 445/1790/94 458/1791/94
fc 3 3 3
f 452/1792/58 446/1793/93 459/1794/93
fc 3 3 3
f 458/1795/94 461/1796/88 448/1797/88
fc 3 3 3
f 457/1798/57 460/1799/95 450/1800/95
fc 3 3 3
f 472/1801/92 474/1802/58 473/1803/58
fc 3 3 3
f 471/1804/91 475/1805/92 472/1806/92
fc 3 3 3
f 470/1807/90 476/1808/91 471/1809/91
fc 3 3 3
f 469/1810/95 477/1811/90 470/1812/90
fc 3 3 3
f 468/1813/57 478/1814/95 469/1815/95
fc 3 3 3
f 467/1816/89 479/1817/57 468/1818/57
fc 3 3 3
f 466/1819/88 480/1820/89 467/1821/89
fc 3 3 3
f 465/1822/94 481/1823/88 466/1824/88
fc 3 3 3
f 464/1825/93 482/1826/94 465/1827/94
fc 3 3 3
f 473/1828/58 483/1829/93 464/1830/93
fc 3 3 3
f 485/1831/88 495/1832/89 486/1833/89
fc 3 3 3
f 489/1834/58 493/1835/93 502/1836/93
fc 3 3 3
f 501/1837/94 494/1838/88 485/1839/88
fc 3 3 3
f 500/1840/57 503/1841/95 487/1842/95
fc 3 3 3
f 487/1843/95 491/1844/90 499/1845/90
fc 3 3 3
f 499/1846/90 496/1847/91 488/1848/91
fc 3 3 3
f 488/1849/91 490/1850/92 498/1851/92
fc 3 3 3
f 498/1852/92 497/1853/58 489/1854/58
fc 3 3 3
f 487/1855/49 488/1856/49 489/1857/49
fc 3 3 3
f 486/1858/89 484/1859/57 500/1860/57
fc 3 3 3
f 502/1861/93 492/1862/94 501/1863/94
fc 3 3 3
f 512/1864/92 514/1865/58 513/1866/58
fc 3 3 3
f 511/1867/91 515/1868/92 512/1869/92
fc 3 3 3
f 510/1870/90 516/1871/91 511/1872/91
fc 3 3 3
f 509/1873/95 517/1874/90 510/1875/90
fc 3 3 3
f 508/1876/57 518/1877/95 509/1878/95
fc 3 3 3
f 507/1879/89 519/1880/57 508/1881/57
fc 3 3 3
f 506/1882/88 520/1883/89 507/1884/89
fc 3 3 3
f 505/1885/94 521/1886/88 506/1887/88
fc 3 3 3
f 504/1888/93 522/1889/94 505/1890/94
fc 3 3 3
f 513/1891/58 523/1892/93 504/1893/93
fc 3 3 3
f 524/1894/88 537/1895/89 525/1896/89
fc 3 3 3
f 525/1897/89 532/1898/57 541/1899/57
fc 3 3 3
f 543/1900/93 530/1901/94 542/1902/94
fc 3 3 3
f 528/1903/58 531/1904/93 543/1905/93
fc 3 3 3
f 542/1906/94 536/1907/88 524/1908/88
fc 3 3 3
f 541/1909/57 535/1910/95 526/1911/95
fc 3 3 3
f 540/1912/90 538/1913/91 527/1914/91
fc 3 3 3
f 527/1915/91 533/1916/92 539/1917/92
fc 3 3 3
f 539/1918/92 534/1919/58 528/1920/58
fc 3 3 3
f 526/1921/49 527/1922/49 528/1923/49
fc 3 3 3
f 526/1924/95 529/1925/90 540/1926/90
fc 3 3 3
f 552/1927/92 554/1928/58 553/1929/58
fc 3 3 3
f 551/1930/91 555/1931/92 552/1932/92
fc 3 3 3
f 550/1933/90 556/1934/91 551/1935/91
fc 3 3 3
f 549/1936/95 557/1937/90 550/1938/90
fc 3 3 3
f 548/1939/57 558/1940/95 549/1941/95
fc 3 3 3
f 547/1942/89 559/1943/57 548/1944/57
fc 3 3 3
f 546/1945/88 560/1946/89 547/1947/89
fc 3 3 3
f 545/1948/94 561/1949/88 546/1950/88
fc 3 3 3
f 544/1951/93 562/1952/94 545/1953/94
fc 3 3 3
f 553/1954/58 563/1955/93 544/1956/93
fc 3 3 3
f 564/1957/88 579/1958/89 565/1959/89
fc 3 3 3
f 576/1960/90 580/1961/91 575/1962/91
fc 3 3 3
f 575/1963/91 573/1964/92 571/1965/92
fc 3 3 3
f 565/1966/89 570/1967/57 581/1968/57
fc 3 3 3
f 583/1969/93 568/1970/94 582/1971/94
fc 3 3 3
f 572/1972/58 569/1973/93 583/1974/93
fc 3 3 3
f 582/1975/94 578/1976/88 564/1977/88
fc 3 3 3
f 581/1978/57 577/1979/95 566/1980/95
fc 3 3 3
f 571/1981/92 574/1982/58 572/1983/58
fc 3 3 3
f 566/1984/49 575/1985/49 572/1986/49
fc 3 3 3
f 566/1987/95 567/1988/90 576/1989/90
fc 3 3 3
f 592/1990/92 594/1991/58 593/1992/58
fc 3 3 3
f 591/1993/91 595/1994/92 592/1995/92
fc 3 3 3
f 590/1996/90 596/1997/91 591/1998/91
fc 3 3 3
f 589/1999/95 597/2000/90 590/2001/90
fc 3 3 3
f 588/2002/57 598/2003/95 589/2004/95
fc 3 3 3
f 587/2005/89 599/2006/57 588/2007/57
fc 3 3 3
f 586/2008/88 600/2009/89 587/2010/89
fc 3 3 3
f 585/2011/94 601/2012/88 586/2013/88
fc 3 3 3
f 584/2014/93 602/2015/94 585/2016/94
fc 3 3 3
f 593/2017/58 603/2018/93 584/2019/93
fc 3 3 3
f 369/2020/88 380/2021/88 381/2022/89
fc 3 3 3
f 375/2023/90 365/2024/90 382/2025/91
fc 3 3 3
f 372/2026/91 382/2027/91 364/2028/92
fc 3 3 3
f 374/2029/92 364/2030/92 383/2031/58
fc 3 3 3
f 373/2032/49 378/2033/49 377/2034/49
fc 3 3 3
f 377/2035/49 369/2036/49 373/2037/49
fc 3 3 3
f 369/2038/49 370/2039/49 373/2040/49
fc 3 3 3
f 370/2041/49 376/2042/49 372/2043/49
fc 3 3 3
f 376/2044/49 371/2045/49 372/2046/49
fc 3 3 3
f 371/2047/49 375/2048/49 372/2049/49
fc 3 3 3
f 372/2050/49 374/2051/49 373/2052/49
fc 3 3 3
f 370/2053/89 381/2054/89 368/2055/57
fc 3 3 3
f 378/2056/93 367/2057/93 366/2058/94
fc 3 3 3
f 373/2059/58 383/2060/58 367/2061/93
fc 3 3 3
f 377/2062/94 366/2063/94 380/2064/88
fc 3 3 3
f 376/2065/57 368/2066/57 379/2067/95
fc 3 3 3
f 371/2068/95 379/2069/95 365/2070/90
fc 3 3 3
f 392/2071/92 395/2072/92 394/2073/58
fc 3 3 3
f 391/2074/91 396/2075/91 395/2076/92
fc 3 3 3
f 390/2077/90 397/2078/90 396/2079/91
fc 3 3 3
f 389/2080/95 398/2081/95 397/2082/90
fc 3 3 3
f 388/2083/57 399/2084/57 398/2085/95
fc 3 3 3
f 387/2086/89 400/2087/89 399/2088/57
fc 3 3 3
f 386/2089/88 401/2090/88 400/2091/89
fc 3 3 3
f 385/2092/94 402/2093/94 401/2094/88
fc 3 3 3
f 384/2095/93 403/2096/93 402/2097/94
fc 3 3 3
f 393/2098/58 394/2099/58 403/2100/93
fc 3 3 3
f 408/2101/88 421/2102/88 422/2103/89
fc 3 3 3
f 410/2104/95 420/2105/95 404/2106/90
fc 3 3 3
f 416/2107/90 404/2108/90 423/2109/91
fc 3 3 3
f 411/2110/91 423/2111/91 413/2112/92
fc 3 3 3
f 415/2113/92 413/2114/92 414/2115/58
fc 3 3 3
f 412/2116/49 419/2117/49 418/2118/49
fc 3 3 3
f 418/2119/49 408/2120/49 412/2121/49
fc 3 3 3
f 408/2122/49 409/2123/49 412/2124/49
fc 3 3 3
f 409/2125/49 417/2126/49 411/2127/49
fc 3 3 3
f 417/2128/49 410/2129/49 411/2130/49
fc 3 3 3
f 410/2131/49 416/2132/49 411/2133/49
fc 3 3 3
f 411/2134/49 415/2135/49 412/2136/49
fc 3 3 3
f 409/2137/89 422/2138/89 407/2139/57
fc 3 3 3
f 419/2140/93 406/2141/93 405/2142/94
fc 3 3 3
f 412/2143/58 414/2144/58 406/2145/93
fc 3 3 3
f 418/2146/94 405/2147/94 421/2148/88
fc 3 3 3
f 417/2149/57 407/2150/57 420/2151/95
fc 3 3 3
f 432/2152/92 435/2153/92 434/2154/58
fc 3 3 3
f 431/2155/91 436/2156/91 435/2157/92
fc 3 3 3
f 430/2158/90 437/2159/90 436/2160/91
fc 3 3 3
f 429/2161/95 438/2162/95 437/2163/90
fc 3 3 3
f 428/2164/57 439/2165/57 438/2166/95
fc 3 3 3
f 427/2167/89 440/2168/89 439/2169/57
fc 3 3 3
f 426/2170/88 441/2171/88 440/2172/89
fc 3 3 3
f 425/2173/94 442/2174/94 441/2175/88
fc 3 3 3
f 424/2176/93 443/2177/93 442/2178/94
fc 3 3 3
f 433/2179/58 434/2180/58 443/2181/93
fc 3 3 3
f 448/2182/88 461/2183/88 462/2184/89
fc 3 3 3
f 450/2185/95 460/2186/95 444/2187/90
fc 3 3 3
f 456/2188/90 444/2189/90 463/2190/91
fc 3 3 3
f 451/2191/91 463/2192/91 453/2193/92
fc 3 3 3
f 455/2194/92 453/2195/92 454/2196/58
fc 3 3 3
f 452/2197/49 459/2198/49 449/2199/49
fc 3 3 3
f 459/2200/49 458/2201/49 449/2202/49
fc 3 3 3
f 458/2203/49 448/2204/49 449/2205/49
fc 3 3 3
f 449/2206/49 457/2207/49 450/2208/49
fc 3 3 3
f 450/2209/49 456/2210/49 451/2211/49
fc 3 3 3
f 451/2212/49 455/2213/49 449/2214/49
fc 3 3 3
f 455/2215/49 452/2216/49 449/2217/49
fc 3 3 3
f 449/2218/89 462/2219/89 447/2220/57
fc 3 3 3
f 459/2221/93 446/2222/93 445/2223/94
fc 3 3 3
f 452/2224/58 454/2225/58 446/2226/93
fc 3 3 3
f 458/2227/94 445/2228/94 461/2229/88
fc 3 3 3
f 457/2230/57 447/2231/57 460/2232/95
fc 3 3 3
f 472/2233/92 475/2234/92 474/2235/58
fc 3 3 3
f 471/2236/91 476/2237/91 475/2238/92
fc 3 3 3
f 470/2239/90 477/2240/90 476/2241/91
fc 3 3 3
f 469/2242/95 478/2243/95 477/2244/90
fc 3 3 3
f 468/2245/57 479/2246/57 478/2247/95
fc 3 3 3
f 467/2248/89 480/2249/89 479/2250/57
fc 3 3 3
f 466/2251/88 481/2252/88 480/2253/89
fc 3 3 3
f 465/2254/94 482/2255/94 481/2256/88
fc 3 3 3
f 464/2257/93 483/2258/93 482/2259/94
fc 3 3 3
f 473/2260/58 474/2261/58 483/2262/93
fc 3 3 3
f 485/2263/88 494/2264/88 495/2265/89
fc 3 3 3
f 489/2266/58 497/2267/58 493/2268/93
fc 3 3 3
f 501/2269/94 492/2270/94 494/2271/88
fc 3 3 3
f 500/2272/57 484/2273/57 503/2274/95
fc 3 3 3
f 487/2275/95 503/2276/95 491/2277/90
fc 3 3 3
f 499/2278/90 491/2279/90 496/2280/91
fc 3 3 3
f 488/2281/91 496/2282/91 490/2283/92
fc 3 3 3
f 498/2284/92 490/2285/92 497/2286/58
fc 3 3 3
f 489/2287/49 502/2288/49 486/2289/49
fc 3 3 3
f 502/2290/49 501/2291/49 486/2292/49
fc 3 3 3
f 501/2293/49 485/2294/49 486/2295/49
fc 3 3 3
f 486/2296/49 500/2297/49 487/2298/49
fc 3 3 3
f 487/2299/49 499/2300/49 488/2301/49
fc 3 3 3
f 488/2302/49 498/2303/49 489/2304/49
fc 3 3 3
f 486/2305/49 487/2306/49 489/2307/49
fc 3 3 3
f 486/2308/89 495/2309/89 484/2310/57
fc 3 3 3
f 502/2311/93 493/2312/93 492/2313/94
fc 3 3 3
f 512/2314/92 515/2315/92 514/2316/58
fc 3 3 3
f 511/2317/91 516/2318/91 515/2319/92
fc 3 3 3
f 510/2320/90 517/2321/90 516/2322/91
fc 3 3 3
f 509/2323/95 518/2324/95 517/2325/90
fc 3 3 3
f 508/2326/57 519/2327/57 518/2328/95
fc 3 3 3
f 507/2329/89 520/2330/89 519/2331/57
fc 3 3 3
f 506/2332/88 521/2333/88 520/2334/89
fc 3 3 3
f 505/2335/94 522/2336/94 521/2337/88
fc 3 3 3
f 504/2338/93 523/2339/93 522/2340/94
fc 3 3 3
f 513/2341/58 514/2342/58 523/2343/93
fc 3 3 3
f 524/2344/88 536/2345/88 537/2346/89
fc 3 3 3
f 525/2347/89 537/2348/89 532/2349/57
fc 3 3 3
f 543/2350/93 531/2351/93 530/2352/94
fc 3 3 3
f 528/2353/58 534/2354/58 531/2355/93
fc 3 3 3
f 542/2356/94 530/2357/94 536/2358/88
fc 3 3 3
f 541/2359/57 532/2360/57 535/2361/95
fc 3 3 3
f 540/2362/90 529/2363/90 538/2364/91
fc 3 3 3
f 527/2365/91 538/2366/91 533/2367/92
fc 3 3 3
f 539/2368/92 533/2369/92 534/2370/58
fc 3 3 3
f 528/2371/49 543/2372/49 525/2373/49
fc 3 3 3
f 543/2374/49 542/2375/49 525/2376/49
fc 3 3 3
f 542/2377/49 524/2378/49 525/2379/49
fc 3 3 3
f 525/2380/49 541/2381/49 526/2382/49
fc 3 3 3
f 526/2383/49 540/2384/49 527/2385/49
fc 3 3 3
f 527/2386/49 539/2387/49 528/2388/49
fc 3 3 3
f 525/2389/49 526/2390/49 528/2391/49
fc 3 3 3
f 526/2392/95 535/2393/95 529/2394/90
fc 3 3 3
f 552/2395/92 555/2396/92 554/2397/58
fc 3 3 3
f 551/2398/91 556/2399/91 555/2400/92
fc 3 3 3
f 550/2401/90 557/2402/90 556/2403/91
fc 3 3 3
f 549/2404/95 558/2405/95 557/2406/90
fc 3 3 3
f 548/2407/57 559/2408/57 558/2409/95
fc 3 3 3
f 547/2410/89 560/2411/89 559/2412/57
fc 3 3 3
f 546/2413/88 561/2414/88 560/2415/89
fc 3 3 3
f 545/2416/94 562/2417/94 561/2418/88
fc 3 3 3
f 544/2419/93 563/2420/93 562/2421/94
fc 3 3 3
f 553/2422/58 554/2423/58 563/2424/93
fc 3 3 3
f 564/2425/88 578/2426/88 579/2427/89
fc 3 3 3
f 576/2428/90 567/2429/90 580/2430/91
fc 3 3 3
f 575/2431/91 580/2432/91 573/2433/92
fc 3 3 3
f 565/2434/89 579/2435/89 570/2436/57
fc 3 3 3
f 583/2437/93 569/2438/93 568/2439/94
fc 3 3 3
f 572/2440/58 574/2441/58 569/2442/93
fc 3 3 3
f 582/2443/94 568/2444/94 578/2445/88
fc 3 3 3
f 581/2446/57 570/2447/57 577/2448/95
fc 3 3 3
f 571/2449/92 573/2450/92 574/2451/58
fc 3 3 3
f 572/2452/49 583/2453/49 565/2454/49
fc 3 3 3
f 583/2455/49 582/2456/49 565/2457/49
fc 3 3 3
f 582/2458/49 564/2459/49 565/2460/49
fc 3 3 3
f 565/2461/49 581/2462/49 566/2463/49
fc 3 3 3
f 566/2464/49 576/2465/49 575/2466/49
fc 3 3 3
f 575/2467/49 571/2468/49 572/2469/49
fc 3 3 3
f 565/2470/49 566/2471/49 572/2472/49
fc 3 3 3
f 566/2473/95 577/2474/95 567/2475/90
fc 3 3 3
f 592/2476/92 595/2477/92 594/2478/58
fc 3 3 3
f 591/2479/91 596/2480/91 595/2481/92
fc 3 3 3
f 590/2482/90 597/2483/90 596/2484/91
fc 3 3 3
f 589/2485/95 598/2486/95 597/2487/90
fc 3 3 3
f 588/2488/57 599/2489/57 598/2490/95
fc 3 3 3
f 587/2491/89 600/2492/89 599/2493/57
fc 3 3 3
f 586/2494/88 601/2495/88 600/2496/89
fc 3 3 3
f 585/2497/94 602/2498/94 601/2499/88
fc 3 3 3
f 584/2500/93 603/2501/93 602/2502/94
fc 3 3 3
f 593/2503/58 594/2504/58 603/2505/93
fc 3 3 3
g mesh_40.001_Collection_materials/lakelabwall.vmat#SFX_2#WALLPROPERTY_NO_LEDGE_GRAB
usemtl materials/lakelabwall.vmat
f 612/2506/57 355/2507/57 613/2508/57
fc 3 3 3
f 619/2509/55 615/2510/55 616/2511/55
fc 3 3 3
f 613/2512/56 614/2513/56 617/2514/56
fc 3 3 3
f 612/2515/57 619/2516/57 354/2517/57
fc 3 3 3
f 619/2518/57 195/2519/57 354/2520/57
fc 3 3 3
f 227/2521/57 618/2522/57 355/2523/57
fc 3 3 3
f 618/2524/57 613/2525/57 355/2526/57
fc 3 3 3
f 612/2527/57 354/2528/57 355/2529/57
fc 3 3 3
f 619/2530/55 612/2531/55 615/2532/55
fc 3 3 3
f 613/2533/56 618/2534/56 614/2535/56
fc 3 3 3
g mesh_40.001_Collection_materials/hylialakewall.vmat#SFX_2#WALLPROPERTY_NO_LEDGE_GRAB
usemtl materials/hylialakewall.vmat
f 362/2536/96 616/2537/97 363/2538/97
fc 3 3 3
f 623/2539/98 356/2540/98 620/2541/98
fc 3 3 3
f 625/2542/99 626/2543/96 362/2544/96
fc 3 3 3
f 357/2545/100 622/2546/101 628/2547/100
fc 3 3 3
f 627/2548/99 358/2549/102 621/2550/102
fc 3 3 3
f 630/2551/58 359/2552/58 358/2553/58
fc 3 3 3
f 357/2554/100 624/2555/103 614/2556/103
fc 3 3 3
f 362/2557/96 626/2558/96 616/2559/97
fc 3 3 3
f 623/2560/98 361/2561/98 356/2562/98
fc 3 3 3
f 625/2563/99 627/2564/99 626/2565/96
fc 3 3 3
f 357/2566/100 361/2567/101 622/2568/101
fc 3 3 3
f 627/2569/99 625/2570/99 358/2571/102
fc 3 3 3
f 359/2572/58 621/2573/58 358/2574/58
fc 3 3 3
f 358/2575/58 620/2576/58 630/2577/58
fc 3 3 3
f 620/2578/58 356/2579/58 630/2580/58
fc 3 3 3
f 357/2581/100 628/2582/100 624/2583/103
fc 3 3 3
g mesh_40.002_Collection
v 1235.333252 210.925018 899.777466
v 1235.333252 210.925018 1091.777466
v 915.333252 210.925018 1091.777466
v 915.333252 210.925018 899.777466
vt 9.000000 -4.500000
vt 7.500000 -2.000000
vt 7.500000 -4.500000
vt 9.000000 -4.500000
vt 9.000000 -2.000000
vt 7.500000 -2.000000
vn 0.0000 1.0000 0.0000
vc 1.0000 1.0000 1.0000 1.0000
g mesh_40.002_Collection_materials/courtyardgrass.vmat#SFX_8
usemtl materials/courtyardgrass.vmat
f 633/2584/104 631/2585/104 634/2586/104
fc 4 4 4
f 633/2587/104 632/2588/104 631/2589/104
fc 4 4 4
